input_id,step,corruption_level,confidence,prev_confidence,confidence_diff,confidence_pct_change,moving_avg_confidence,moving_std_confidence,rolling_std_confidence,confidence_range_so_far,rate_of_change,consecutive_decreases,prediction_margin,predicted_class,actual_class,correct,unreliable
doc_00000,0,0.0,0.7819858568456401,0.7819858568456401,0.0,0.0,0.7819858568456401,0.0,0.0,0.0,0.0,0,0.5639717136912803,1,1,True,0
doc_00000,1,0.1,0.7737080971086961,0.7819858568456401,-0.008277759736944001,-0.010585561956752866,0.7778469769771681,0.004138879868472001,0.004138879868472001,0.008277759736944001,-0.008277759736944001,1,0.5474161942173923,1,1,True,0
doc_00000,2,0.2,0.7711707733396127,0.7737080971086961,-0.002537323769083444,-0.0032794328747046604,0.7756215757646497,0.00461790415922483,0.00461790415922483,0.010815083506027445,-0.001268661884541722,2,0.5423415466792254,1,1,True,0
doc_00000,3,0.3,0.7527873174380706,0.7711707733396127,-0.01838345590154211,-0.023838372170059272,0.7699130111830049,0.010665688344699878,0.009321829129163909,0.029198539407569557,-0.006127818633847371,3,0.5055746348761412,1,1,True,0
doc_00000,4,0.4,0.7394568442533596,0.7527873174380706,-0.013330473184711034,-0.01770815325380092,0.7638217777970759,0.015473138755289472,0.01300182151469613,0.04252901259228059,-0.0033326182961777584,4,0.47891368850671917,1,1,True,0
doc_00000,5,0.5,0.675961604968976,0.7394568442533596,-0.06349523928438361,-0.08586740359201853,0.7491784156590593,0.035660276115623835,0.033518712888795314,0.1060242518766642,-0.012699047856876722,5,0.35192320993795195,1,1,True,0
doc_00003,0,0.0,0.8244632080783949,0.8244632080783949,0.0,0.0,0.8244632080783949,0.0,0.0,0.0,0.0,0,0.6489264161567898,1,1,True,0
doc_00003,1,0.1,0.8248640976627585,0.8244632080783949,0.0004008895843635729,0.0004862431463714921,0.8246636528705766,0.00020044479218178646,0.00020044479218178646,0.0004008895843635729,0.0004008895843635729,0,0.649728195325517,1,1,True,0
doc_00003,2,0.2,0.8083631906724301,0.8248640976627585,-0.016500906990328357,-0.020004394708271894,0.8192301654711945,0.007685854282270684,0.007685854282270684,0.016500906990328357,-0.008250453495164178,1,0.6167263813448604,1,1,True,0
doc_00003,3,0.3,0.7283881738228568,0.8083631906724301,-0.07997501684957331,-0.09893451083917708,0.7965196675591101,0.039894917135903374,0.04213191866342812,0.09647592383990167,-0.02665833894985777,2,0.4567763476457136,1,1,True,0
doc_00003,4,0.4,0.7757544424513021,0.7283881738228568,0.047366268628445285,0.06502888203119661,0.7923666225375484,0.0366370667825489,0.0328344283817738,0.09647592383990167,0.011841567157111321,0,0.5515088849026042,1,1,True,0
doc_00003,5,0.5,0.7408602667184137,0.7757544424513021,-0.034894175732888444,-0.0449809550849964,0.7837822299010261,0.03856191389675435,0.02004639065616202,0.09647592383990167,-0.006978835146577688,1,0.48172053343682736,1,1,True,0
doc_00004,0,0.0,0.7494531734100477,0.7494531734100477,0.0,0.0,0.7494531734100477,0.0,0.0,0.0,0.0,0,0.4989063468200954,1,1,True,0
doc_00004,1,0.1,0.7705221341399404,0.7494531734100477,0.021068960729892727,0.02811244448272592,0.7599876537749941,0.010534480364946364,0.010534480364946364,0.021068960729892727,0.021068960729892727,0,0.541044268279881,1,1,True,0
doc_00004,2,0.2,0.7485434361360754,0.7705221341399404,-0.021978698003864983,-0.02852442133722438,0.7561729145620212,0.010153225508786824,0.010153225508786824,0.021978698003864983,-0.010989349001932491,1,0.4970868722721509,1,1,True,0
doc_00004,3,0.3,0.7441694956764576,0.7485434361360754,-0.004373940459617809,-0.005843268738278915,0.7531720598406303,0.010214273265920172,0.011530905693812668,0.02635263846348279,-0.0014579801532059362,2,0.48833899135291525,1,1,True,0
doc_00004,4,0.4,0.7580172629141693,0.7441694956764576,0.013847767237711639,0.01860835107884109,0.7541411004553381,0.009339232384544581,0.005779709781597546,0.02635263846348279,0.0034619418094279097,0,0.5160345258283385,1,1,True,0
doc_00004,5,0.5,0.7122627749357343,0.7580172629141693,-0.045754487978434955,-0.06036074667024537,0.7471613795354042,0.01778389454566287,0.019158034740503618,0.05825935920420611,-0.009150897595686991,1,0.4245255498714686,1,1,True,0
doc_00005,0,0.0,0.7324161204300507,0.7324161204300507,0.0,0.0,0.7324161204300507,0.0,0.0,0.0,0.0,0,0.4648322408601014,1,1,True,0
doc_00005,1,0.1,0.6944254431414463,0.7324161204300507,-0.03799067728860439,-0.05187034559847961,0.7134207817857485,0.018995338644302195,0.018995338644302195,0.03799067728860439,-0.03799067728860439,1,0.38885088628289255,1,1,True,0
doc_00005,2,0.2,0.7245605223180261,0.6944254431414463,0.03013507917657987,0.04339570140208948,0.717134028629841,0.016374522824339245,0.016374522824339245,0.03799067728860439,0.015067539588289935,0,0.44912104463605235,1,1,True,0
doc_00005,3,0.3,0.689582396534421,0.7245605223180261,-0.03497812578360515,-0.048274953859896406,0.710246120605986,0.018531691210703458,0.015474162625882252,0.04283372389562967,-0.011659375261201718,1,0.379164793068842,1,1,True,0
doc_00005,4,0.4,0.7170304306350139,0.689582396534421,0.027448034100592933,0.03980384974810308,0.7116029826117917,0.016795926926320145,0.015031692963260384,0.04283372389562967,0.006862008525148233,0,0.43406086127002785,1,1,True,0
doc_00005,5,0.5,0.6510467136529786,0.7170304306350139,-0.06598371698203531,-0.09202359364803953,0.7015102711186562,0.027283696490399755,0.027064212404928435,0.08136940677707205,-0.013196743396407062,1,0.30209342730595723,1,1,True,0
doc_00006,0,0.0,0.7708624123473325,0.7708624123473325,0.0,0.0,0.7708624123473325,0.0,0.0,0.0,0.0,0,0.5417248246946651,1,1,True,0
doc_00006,1,0.1,0.7774508761305414,0.7708624123473325,0.0065884637832088755,0.008546873835950207,0.7741566442389369,0.0032942318916044377,0.0032942318916044377,0.0065884637832088755,0.0065884637832088755,0,0.554901752261083,1,1,True,0
doc_00006,2,0.2,0.7494141134217918,0.7774508761305414,-0.028036762708749663,-0.03606242345277391,0.7659091339665552,0.011969857722206248,0.011969857722206248,0.028036762708749663,-0.014018381354374831,1,0.4988282268435836,1,1,True,0
doc_00006,3,0.3,0.7635251640338205,0.7494141134217918,0.014111050612028775,0.018829443373568643,0.7653131414833716,0.01041747289592969,0.011446043809314552,0.028036762708749663,0.004703683537342925,0,0.5270503280676411,1,1,True,0
doc_00006,4,0.4,0.7887608075170777,0.7635251640338205,0.02523564348325713,0.033051488899112844,0.7700026746901127,0.013220661103683815,0.016275823200267533,0.039346694095285906,0.006308910870814283,0,0.5775216150341553,1,1,True,0
doc_00006,5,0.5,0.6647856212754667,0.7887608075170777,-0.12397518624161097,-0.15717716329221484,0.752466499121005,0.041027334399985425,0.05349577533660949,0.12397518624161097,-0.024795037248322195,1,0.3295712425509334,1,1,True,0
doc_00007,0,0.0,0.8343430427325161,0.8343430427325161,0.0,0.0,0.8343430427325161,0.0,0.0,0.0,0.0,0,0.6686860854650323,1,1,True,0
doc_00007,1,0.1,0.8201388644068559,0.8343430427325161,-0.014204178325660233,-0.01702438637127101,0.8272409535696861,0.007102089162830116,0.007102089162830116,0.014204178325660233,-0.014204178325660233,1,0.6402777288137118,1,1,True,0
doc_00007,2,0.2,0.8162570444218759,0.8201388644068559,-0.0038818199849800505,-0.004733125271154509,0.8235796505204159,0.007774106187962343,0.007774106187962343,0.018085998310640283,-0.0019409099924900253,2,0.6325140888437517,1,1,True,0
doc_00007,3,0.3,0.7922527018110909,0.8162570444218759,-0.02400434261078499,-0.02940782290924835,0.8157479133430847,0.015143839239461845,0.0123329506917633,0.04209034092142527,-0.00800144753692833,3,0.5845054036221817,1,1,True,0
doc_00007,4,0.4,0.8288954235868209,0.7922527018110909,0.036642721775730025,0.046251305539210794,0.818377415391832,0.014530169222207814,0.015197317567497905,0.04209034092142527,0.009160680443932506,0,0.6577908471736418,1,1,True,0
doc_00007,5,0.5,0.7854752635088064,0.8288954235868209,-0.043420160078014525,-0.05238315816743869,0.8128937234113277,0.018063570246222915,0.019072764264711307,0.04886777922370977,-0.008684032015602906,1,0.5709505270176127,1,1,True,0
doc_00008,0,0.0,0.5357093799049449,0.5357093799049449,0.0,0.0,0.5357093799049449,0.0,0.0,0.0,0.0,0,0.07141875980988993,0,0,True,0
doc_00008,1,0.1,0.5038011223029815,0.5357093799049449,-0.031908257601963474,-0.05956262630239031,0.5197552511039631,0.015954128800981737,0.015954128800981737,0.031908257601963474,-0.031908257601963474,1,0.007602244605962982,0,0,True,0
doc_00008,2,0.2,0.5370928516883625,0.5038011223029815,0.03329172938538105,0.06608109412936104,0.5255344512987629,0.015378159631395778,0.015378159631395778,0.03329172938538105,0.016645864692690526,0,0.07418570337672503,0,0,True,0
doc_00008,3,0.3,0.5807746024990851,0.5370928516883625,0.043681750810722564,0.08132997985992194,0.5393444890988435,0.027377313187299388,0.03151957284831031,0.07697348019610362,0.014560583603574187,0,0.16154920499817016,0,0,True,0
doc_00008,4,0.4,0.5603477818361358,0.5807746024990851,-0.02042682066294932,-0.03517168377379501,0.5435451476463019,0.025888143054566982,0.017845454237437136,0.07697348019610362,-0.00510670516573733,1,0.12069556367227158,0,0,True,0
doc_00008,5,0.5,0.5848764538946892,0.5603477818361358,0.02452867205855347,0.04377401473452511,0.5504336986876998,0.02820917054661166,0.010727617216138782,0.08107533159170777,0.0049057344117106935,0,0.16975290778937852,0,0,True,0
doc_00011,0,0.0,0.6968143359403627,0.6968143359403627,0.0,0.0,0.6968143359403627,0.0,0.0,0.0,0.0,0,0.39362867188072537,0,0,True,0
doc_00011,1,0.1,0.6221189303587664,0.6968143359403627,-0.07469540558159626,-0.1071955637663418,0.6594666331495646,0.03734770279079813,0.03734770279079813,0.07469540558159626,-0.07469540558159626,1,0.2442378607175329,0,0,True,0
doc_00011,2,0.2,0.6477868618860708,0.6221189303587664,0.0256679315273044,0.04125888198338877,0.6555733760617333,0.030987344255417514,0.030987344255417514,0.07469540558159626,0.0128339657636522,0,0.29557372377214164,0,0,True,0
doc_00011,3,0.3,0.6891733060943454,0.6477868618860708,0.04138644420827453,0.06388898361997553,0.6639733585698863,0.030526066671201637,0.02762440502804883,0.07469540558159626,0.013795481402758178,0,0.37834661218869076,0,0,True,0
doc_00011,4,0.4,0.6134882643934798,0.6891733060943454,-0.07568504170086554,-0.10982004240672742,0.653876339734605,0.03395985504344533,0.030943419855933373,0.08332607154688287,-0.018921260425216385,1,0.22697652878695962,0,0,True,0
doc_00011,5,0.5,0.6284102518371805,0.6134882643934798,0.014921987443700657,0.02432318319642701,0.6496319917517009,0.03242116969630223,0.03273299390385941,0.08332607154688287,0.0029843974887401314,0,0.256820503674361,0,0,True,0
doc_00012,0,0.0,0.5636058653418335,0.5636058653418335,0.0,0.0,0.5636058653418335,0.0,0.0,0.0,0.0,0,0.12721173068366715,1,1,True,0
doc_00012,1,0.1,0.546106840932256,0.5636058653418335,-0.017499024409577513,-0.031048336232207503,0.5548563531370447,0.008749512204788756,0.008749512204788756,0.017499024409577513,-0.017499024409577513,1,0.09221368186451212,1,1,True,0
doc_00012,2,0.2,0.5216240758921742,0.546106840932256,-0.024482765040081844,-0.04483145642029946,0.5437789273887546,0.01721785986407516,0.01721785986407516,0.04198178944965936,-0.012241382520040922,2,0.043248151784348376,1,1,True,0
doc_00012,3,0.3,0.5496455127581824,0.5216240758921742,0.02802143686600822,0.05371960030426314,0.5452455737311115,0.01512594387814674,0.01245939585808033,0.04198178944965936,0.009340478955336073,0,0.09929102551636482,1,1,True,0
doc_00012,4,0.4,0.5368927014612506,0.5496455127581824,-0.012752811296931843,-0.023201883761293375,0.5435749992771394,0.013935516445002457,0.011455062184124778,0.04198178944965936,-0.0031882028242329608,1,0.07378540292250119,1,1,True,0
doc_00012,5,0.5,0.5214392289656237,0.5368927014612506,-0.015453472495626897,-0.028783167388134495,0.5398857042252201,0.01516201411613989,0.011532747834534353,0.042166636376209876,-0.003090694499125379,2,0.04287845793124739,1,1,True,0
doc_00015,0,0.0,0.8121398708553883,0.8121398708553883,0.0,0.0,0.8121398708553883,0.0,0.0,0.0,0.0,0,0.6242797417107766,1,1,True,0
doc_00015,1,0.1,0.7992949327554622,0.8121398708553883,-0.012844938099926151,-0.015816164876128035,0.8057174018054252,0.0064224690499630754,0.0064224690499630754,0.012844938099926151,-0.012844938099926151,1,0.5985898655109243,1,1,True,0
doc_00015,2,0.2,0.8058922390384958,0.7992949327554622,0.006597306283033677,0.008253907303390937,0.8057756808831154,0.0052445716730363445,0.0052445716730363445,0.012844938099926151,0.0032986531415168385,0,0.6117844780769918,1,1,True,0
doc_00015,3,0.3,0.6949371236560976,0.8058922390384958,-0.11095511538239822,-0.1376798410601124,0.778066041576361,0.04820893569201156,0.05082116182122569,0.11720274719929069,-0.0369850384607994,1,0.3898742473121952,1,1,True,0
doc_00015,4,0.4,0.7075797916001006,0.6949371236560976,0.012642667944003039,0.01819253499869075,0.7639687915811089,0.051519035454477814,0.04959414392355304,0.11720274719929069,0.0031606669860007597,0,0.41515958320020135,1,1,True,0
doc_00015,5,0.5,0.7246172587281062,0.7075797916001006,0.01703746712800558,0.024078510056763407,0.7574102027722751,0.04926375896758776,0.012161061525179767,0.11720274719929069,0.0034074934256011157,0,0.4492345174562125,1,1,True,0
doc_00023,0,0.0,0.5708229321335544,0.5708229321335544,0.0,0.0,0.5708229321335544,0.0,0.0,0.0,0.0,0,0.1416458642671088,1,1,True,0
doc_00023,1,0.1,0.617327640052118,0.5708229321335544,0.04650470791856365,0.08146958592701217,0.5940752860928362,0.023252353959281824,0.023252353959281824,0.04650470791856365,0.04650470791856365,0,0.23465528010423614,1,1,True,0
doc_00023,2,0.2,0.5693641192970068,0.617327640052118,-0.04796352075511123,-0.07769540458460908,0.5858382304942263,0.022274338290979547,0.022274338290979547,0.04796352075511123,-0.023981760377555617,1,0.13872823859401362,1,1,True,0
doc_00023,3,0.3,0.5191263572395912,0.5693641192970068,-0.05023776205741559,-0.08823485772065176,0.5691602621805676,0.03473576673891004,0.04009408934797326,0.09820128281252682,-0.0167459206858052,2,0.03825271447918244,0,1,False,1
doc_00023,4,0.4,0.5306037179944779,0.5191263572395912,0.0114773607548867,0.022108992531060374,0.5614489533433497,0.03468596155051489,0.02149400757722539,0.09820128281252682,0.002869340188721675,0,0.06120743598895584,1,1,True,0
doc_00023,5,0.5,0.5048107089252767,0.5306037179944779,-0.025793009069201234,-0.04861068287778124,0.5520092459403375,0.0380543951010775,0.010551181678955033,0.11251693112684136,-0.005158601813840247,1,0.009621417850553371,1,1,True,0
doc_00025,0,0.0,0.7711232262845655,0.7711232262845655,0.0,0.0,0.7711232262845655,0.0,0.0,0.0,0.0,0,0.5422464525691311,1,1,True,0
doc_00025,1,0.1,0.7798991073823869,0.7711232262845655,0.008775881097821348,0.011380646826195853,0.7755111668334762,0.004387940548910674,0.004387940548910674,0.008775881097821348,0.008775881097821348,0,0.5597982147647738,1,1,True,0
doc_00025,2,0.2,0.7856059227345659,0.7798991073823869,0.005706815352178984,0.007317376437745961,0.7788760854671728,0.005956624015607573,0.005956624015607573,0.014482696450000332,0.002853407676089492,0,0.5712118454691317,1,1,True,0
doc_00025,3,0.3,0.7506960943708327,0.7856059227345659,-0.03490982836373313,-0.04443681921620158,0.7718310876930878,0.013247905802732473,0.015290083303319955,0.03490982836373313,-0.01163660945457771,1,0.5013921887416655,1,1,True,0
doc_00025,4,0.4,0.6968820691666118,0.7506960943708327,-0.05381402520422096,-0.07168550044119136,0.7568412839877926,0.0322363531904523,0.03649439472487308,0.08872385356795409,-0.01345350630105524,2,0.39376413833322355,1,1,True,0
doc_00025,5,0.5,0.6330523655819595,0.6968820691666118,-0.06382970358465223,-0.09159326435387408,0.7362097975868204,0.05471998304779055,0.04808583447190502,0.15255355715260632,-0.012765940716930445,3,0.26610473116391914,1,1,True,0
doc_00032,0,0.0,0.7150643180000877,0.7150643180000877,0.0,0.0,0.7150643180000877,0.0,0.0,0.0,0.0,0,0.43012863600017553,1,0,False,1
doc_00032,1,0.1,0.6927497504893171,0.7150643180000877,-0.022314567510770655,-0.031206378152360718,0.7039070342447025,0.011157283755385326,0.011157283755385326,0.022314567510770655,-0.022314567510770655,1,0.38549950097863417,1,0,False,1
doc_00032,2,0.2,0.7267564259400215,0.6927497504893171,0.03400667545070446,0.04908940844321369,0.7115234981431421,0.014107126987138844,0.014107126987138844,0.03400667545070446,0.01700333772535223,0,0.45351285188004314,1,0,False,1
doc_00032,3,0.3,0.709591217531697,0.7267564259400215,-0.017165208408324584,-0.023618928977645132,0.7110404279902809,0.012245748004560691,0.01388337681886079,0.03400667545070446,-0.005721736136108195,1,0.419182435063394,1,0,False,1
doc_00032,4,0.4,0.6473954980582047,0.709591217531697,-0.06219571947349223,-0.0876500694157957,0.6983114420038656,0.02771416627507279,0.03409318728750737,0.07936092788181681,-0.015548929868373057,2,0.2947909961164095,1,0,False,1
doc_00032,5,0.5,0.7172317574125014,0.6473954980582047,0.06983625935429671,0.10787263668617296,0.701464827905305,0.026263695922044798,0.03127616858301061,0.07936092788181681,0.013967251870859343,0,0.43446351482500295,1,0,False,1
doc_00034,0,0.0,0.5723372562927059,0.5723372562927059,0.0,0.0,0.5723372562927059,0.0,0.0,0.0,0.0,0,0.14467451258541192,1,0,False,1
doc_00034,1,0.1,0.5689579404444515,0.5723372562927059,-0.0033793158482544605,-0.005904413544810726,0.5706475983685787,0.0016896579241272303,0.0016896579241272303,0.0033793158482544605,-0.0033793158482544605,1,0.137915880888903,1,0,False,1
doc_00034,2,0.2,0.575657671049432,0.5689579404444515,0.006699730604980525,0.011775440904729992,0.5723176225955298,0.0027351887998669955,0.0027351887998669955,0.006699730604980525,0.0033498653024902625,0,0.151315342098864,1,0,False,1
doc_00034,3,0.3,0.5631736920726579,0.575657671049432,-0.012483978976774113,-0.02168646333508532,0.5700316399648118,0.00461390215457819,0.005101128965439878,0.012483978976774113,-0.004161326325591371,1,0.12634738414531577,1,0,False,1
doc_00034,4,0.4,0.5941356483991874,0.5631736920726579,0.03096195632652954,0.05497763258894377,0.5748524416516869,0.010487658942315441,0.012718875376544085,0.03096195632652954,0.007740489081632385,0,0.18827129679837484,1,0,False,1
doc_00034,5,0.5,0.545812602732731,0.5941356483991874,-0.0483230456664564,-0.08133335509602202,0.5700124684985276,0.014449424176247384,0.01998657022746712,0.0483230456664564,-0.00966460913329128,1,0.09162520546546205,1,0,False,1
doc_00044,0,0.0,0.5532371236834825,0.5532371236834825,0.0,0.0,0.5532371236834825,0.0,0.0,0.0,0.0,0,0.10647424736696515,0,0,True,0
doc_00044,1,0.1,0.544290334495046,0.5532371236834825,-0.0089467891884365,-0.01617170794481089,0.5487637290892643,0.00447339459421825,0.00447339459421825,0.0089467891884365,-0.0089467891884365,1,0.08858066899009215,0,0,True,0
doc_00044,2,0.2,0.5378326368872683,0.544290334495046,-0.0064576976077777015,-0.01186443557512131,0.545120031688599,0.006316161885112753,0.006316161885112753,0.0154044867962142,-0.0032288488038888508,2,0.07566527377453663,0,0,True,0
doc_00044,3,0.3,0.5383875972412853,0.5378326368872683,0.0005549603540169201,0.0010318458121633884,0.5434369230767706,0.006198305374604124,0.0029221785342629374,0.0154044867962142,0.0001849867846723067,0,0.07677519448257059,0,0,True,0
doc_00044,4,0.4,0.558160193372303,0.5383875972412853,0.019772596131017783,0.036725578806668616,0.5463815771358771,0.008088210044547968,0.009454411618140946,0.020327556485034703,0.004943149032754446,0,0.11632038674460615,0,0,True,0
doc_00044,5,0.5,0.6542666905509409,0.558160193372303,0.09610649717863784,0.17218443436100261,0.564362429371721,0.04087873759148573,0.05061332567612312,0.11643405366367254,0.01922129943572757,0,0.3085333811018818,0,0,True,0
doc_00045,0,0.0,0.7998144066442932,0.7998144066442932,0.0,0.0,0.7998144066442932,0.0,0.0,0.0,0.0,0,0.5996288132885863,1,1,True,0
doc_00045,1,0.1,0.779821190295173,0.7998144066442932,-0.019993216349120102,-0.02499731960693704,0.7898177984697331,0.009996608174560051,0.009996608174560051,0.019993216349120102,-0.019993216349120102,1,0.5596423805903461,1,1,True,0
doc_00045,2,0.2,0.7992481885307428,0.779821190295173,0.019426998235569704,0.024912118928463994,0.792961261823403,0.009294308672991853,0.009294308672991853,0.019993216349120102,0.009713499117784852,0,0.5984963770614855,1,1,True,0
doc_00045,3,0.3,0.7642538737546877,0.7992481885307428,-0.03499431477605508,-0.04378404014951238,0.7857844148062242,0.014809102930481799,0.014315305218006374,0.03556053288960548,-0.01166477159201836,1,0.5285077475093753,1,1,True,0
doc_00045,4,0.4,0.7849245218035891,0.7642538737546877,0.020670648048901397,0.027046834512397012,0.7856124362056971,0.013250129442410765,0.014364482378104018,0.03556053288960548,0.005167662012225349,0,0.5698490436071781,1,1,True,0
doc_00045,5,0.5,0.7593034762739584,0.7849245218035891,-0.025621045529630626,-0.032641413050466216,0.7812276095504074,0.01557043563462177,0.011096646640665654,0.04051093037033471,-0.005124209105926125,1,0.5186069525479169,1,1,True,0
doc_00046,0,0.0,0.7594445410045585,0.7594445410045585,0.0,0.0,0.7594445410045585,0.0,0.0,0.0,0.0,0,0.5188890820091171,0,0,True,0
doc_00046,1,0.1,0.7594445410045585,0.7594445410045585,0.0,0.0,0.7594445410045585,0.0,0.0,0.0,0.0,0,0.5188890820091171,0,0,True,0
doc_00046,2,0.2,0.7594445410045585,0.7594445410045585,0.0,0.0,0.7594445410045584,1.1102230246251565e-16,1.1102230246251565e-16,0.0,0.0,0,0.5188890820091171,0,0,True,0
doc_00046,3,0.3,0.7594445410045585,0.7594445410045585,0.0,0.0,0.7594445410045585,0.0,1.1102230246251565e-16,0.0,0.0,0,0.5188890820091171,0,0,True,0
doc_00046,4,0.4,0.7594445410045585,0.7594445410045585,0.0,0.0,0.7594445410045585,0.0,1.1102230246251565e-16,0.0,0.0,0,0.5188890820091171,0,0,True,0
doc_00046,5,0.5,0.7594445410045585,0.7594445410045585,0.0,0.0,0.7594445410045586,1.1102230246251565e-16,1.1102230246251565e-16,0.0,0.0,0,0.5188890820091171,0,0,True,0
doc_00047,0,0.0,0.7191689819513043,0.7191689819513043,0.0,0.0,0.7191689819513043,0.0,0.0,0.0,0.0,0,0.4383379639026086,1,1,True,0
doc_00047,1,0.1,0.7096508088321496,0.7191689819513043,-0.009518173119154705,-0.01323496056980832,0.714409895391727,0.004759086559577352,0.004759086559577352,0.009518173119154705,-0.009518173119154705,1,0.4193016176642992,1,1,True,0
doc_00047,2,0.2,0.6974671968025534,0.7096508088321496,-0.01218361202959617,-0.017168460710481486,0.7087623291953357,0.00888196362333655,0.00888196362333655,0.021701785148750874,-0.006091806014798085,2,0.39493439360510685,1,1,True,0
doc_00047,3,0.3,0.6439152175506611,0.6974671968025534,-0.05355197925189237,-0.07678064215406025,0.692550551284167,0.029114123505231536,0.028552919377903944,0.07525376440064324,-0.017850659750630788,3,0.28783043510132217,1,1,True,0
doc_00047,4,0.4,0.6546958914680997,0.6439152175506611,0.010780673917438643,0.01674238102097728,0.6849796193209535,0.03012277864256102,0.02312627647389274,0.07525376440064324,0.002695168479359661,0,0.3093917829361994,1,1,True,0
doc_00047,5,0.5,0.6568390253303128,0.6546958914680997,0.002143133862213098,0.0032734799318922,0.6802895203225133,0.029430199410918956,0.005655290152600416,0.07525376440064324,0.0004286267724426196,0,0.3136780506606256,1,1,True,0
doc_00050,0,0.0,0.6474115963604877,0.6474115963604877,0.0,0.0,0.6474115963604877,0.0,0.0,0.0,0.0,0,0.2948231927209755,0,1,False,1
doc_00050,1,0.1,0.6810901313754294,0.6474115963604877,0.03367853501494167,0.0520202838569314,0.6642508638679585,0.016839267507470834,0.016839267507470834,0.03367853501494167,0.03367853501494167,0,0.3621802627508589,0,1,False,1
doc_00050,2,0.2,0.70511310395498,0.6810901313754294,0.02402297257955055,0.03527135612879501,0.6778716105636323,0.023666222791583348,0.023666222791583348,0.05770150759449222,0.012011486289775275,0,0.41022620790995995,0,1,False,1
doc_00050,3,0.3,0.6426847256705206,0.70511310395498,-0.06242837828445935,-0.08853668714181956,0.6690748893403544,0.025538490338229667,0.025710743137503253,0.06242837828445935,-0.020809459428153116,1,0.2853694513410412,0,1,False,1
doc_00050,4,0.4,0.6353752645124724,0.6426847256705206,-0.007309461158048203,-0.011373323289147965,0.662334964374778,0.026523158657503078,0.0312944739313465,0.06973783944250755,-0.0018273652895120507,2,0.2707505290249449,0,1,False,1
doc_00050,5,0.5,0.6135208451736108,0.6353752645124724,-0.021854419338861564,-0.03439608143327802,0.6541992778412501,0.030284956625939444,0.012389851549186247,0.09159225878136912,-0.004370883867772313,3,0.22704169034722171,0,1,False,1
doc_00059,0,0.0,0.6689363965039925,0.6689363965039925,0.0,0.0,0.6689363965039925,0.0,0.0,0.0,0.0,0,0.337872793007985,0,0,True,0
doc_00059,1,0.1,0.6958881098845758,0.6689363965039925,0.02695171338058333,0.04029039759450803,0.6824122531942842,0.013475856690291665,0.013475856690291665,0.02695171338058333,0.02695171338058333,0,0.3917762197691517,0,0,True,0
doc_00059,2,0.2,0.6845391924313544,0.6958881098845758,-0.011348917453221419,-0.016308537668654546,0.6831212329399743,0.011048579708924129,0.011048579708924129,0.02695171338058333,-0.005674458726610709,1,0.36907838486270883,0,0,True,0
doc_00059,3,0.3,0.6611653204293786,0.6845391924313544,-0.023373872001975826,-0.034145410898908844,0.6776322548123254,0.01348851281074982,0.014456094167723253,0.034722789455197245,-0.007791290667325275,2,0.3223306408587572,0,0,True,0
doc_00059,4,0.4,0.6520580231638131,0.6611653204293786,-0.009107297265565473,-0.01377461428202397,0.6725174084826229,0.015817667153613137,0.013680103609235628,0.04383008672076272,-0.002276824316391368,3,0.30411604632762623,0,0,True,0
doc_00059,5,0.5,0.7277374705438469,0.6520580231638131,0.07567944738003374,0.1160624433586966,0.6817207521594936,0.025139739510551533,0.03373454014655202,0.07567944738003374,0.015135889476006748,0,0.45547494108769376,0,0,True,0
doc_00061,0,0.0,0.9028181719424558,0.9028181719424558,0.0,0.0,0.9028181719424558,0.0,0.0,0.0,0.0,0,0.8056363438849117,1,1,True,0
doc_00061,1,0.1,0.8847694073087958,0.9028181719424558,-0.01804876463366001,-0.019991583238546516,0.8937937896256258,0.009024382316830004,0.009024382316830004,0.01804876463366001,-0.01804876463366001,1,0.7695388146175918,1,1,True,0
doc_00061,2,0.2,0.8924589866509975,0.8847694073087958,0.007689579342201713,0.008691054729831942,0.8933488553007498,0.007395195551197319,0.007395195551197319,0.01804876463366001,0.0038447896711008567,0,0.7849179733019951,1,1,True,0
doc_00061,3,0.3,0.8832505616076306,0.8924589866509975,-0.009208425043366941,-0.01031803722199277,0.89082428187747,0.007754811463789966,0.004030875483940195,0.019567610334825236,-0.003069475014455647,1,0.7665011232152612,1,1,True,0
doc_00061,4,0.4,0.9028712951200724,0.8832505616076306,0.019620733512441757,0.02221423270507689,0.8932336845259904,0.008445742428107353,0.008015155387699603,0.019620733512441757,0.004905183378110439,0,0.8057425902401447,1,1,True,0
doc_00061,5,0.5,0.8594272800301607,0.9028712951200724,-0.04344401508991169,-0.04811761690145891,0.8875992837766855,0.014770731080545248,0.01776358439748186,0.04344401508991169,-0.008688803017982338,1,0.7188545600603213,1,1,True,0
doc_00070,0,0.0,0.5742459558696755,0.5742459558696755,0.0,0.0,0.5742459558696755,0.0,0.0,0.0,0.0,0,0.148491911739351,0,0,True,0
doc_00070,1,0.1,0.5769214716839846,0.5742459558696755,0.0026755158143090263,0.004659180943219793,0.57558371377683,0.0013377579071545131,0.0013377579071545131,0.0026755158143090263,0.0026755158143090263,0,0.15384294336796905,0,0,True,0
doc_00070,2,0.2,0.5596275380266196,0.5769214716839846,-0.01729393365736498,-0.02997623507907491,0.5702649885267599,0.007600706593265126,0.007600706593265126,0.01729393365736498,-0.00864696682868249,1,0.11925507605323915,0,0,True,0
doc_00070,3,0.3,0.6470133517146062,0.5596275380266196,0.08738581368798659,0.15614995287067154,0.5894520793237215,0.03387862770671534,0.03778334762752839,0.08738581368798659,0.029128604562662197,0,0.2940267034292124,0,0,True,0
doc_00070,4,0.4,0.5531168659288153,0.6470133517146062,-0.0938964857857909,-0.14512294922038657,0.5821850366447402,0.03360727256747734,0.04281123856600412,0.0938964857857909,-0.023474121446447727,1,0.10623373185763046,0,0,True,0
doc_00070,5,0.5,0.5996307400969818,0.5531168659288153,0.04651387416816655,0.08409411651199362,0.5850926538867804,0.03136046074254935,0.03833362668983387,0.0938964857857909,0.00930277483363331,0,0.1992614801939636,0,0,True,0
doc_00072,0,0.0,0.5502650361501725,0.5502650361501725,0.0,0.0,0.5502650361501725,0.0,0.0,0.0,0.0,0,0.10053007230034505,0,0,True,0
doc_00072,1,0.1,0.5029576790249213,0.5502650361501725,-0.04730735712525125,-0.08597194809291976,0.5266113575875468,0.023653678562625624,0.023653678562625624,0.04730735712525125,-0.04730735712525125,1,0.005915358049842501,0,0,True,0
doc_00072,2,0.2,0.5092665720580225,0.5029576790249213,0.006308893033101226,0.012543586262232263,0.5208297624110387,0.0209726335637513,0.0209726335637513,0.04730735712525125,0.003154446516550613,0,0.01853314411604501,1,0,False,1
doc_00072,3,0.3,0.533029027238578,0.5092665720580225,0.02376245518055553,0.046660151057093514,0.5238795786179236,0.0189154078897832,0.012947511090287332,0.04730735712525125,0.00792081839351851,0,0.06605805447715613,0,0,True,0
doc_00072,4,0.4,0.5175033746668566,0.533029027238578,-0.015525652571721449,-0.029127217803041585,0.5226043378277102,0.017109619539942857,0.009851932022606908,0.04730735712525125,-0.003881413142930362,1,0.03500674933371317,0,0,True,0
doc_00072,5,0.5,0.6023797803908043,0.5175033746668566,0.08487640572394772,0.16401130867714053,0.5359002449215592,0.03358355194500207,0.03690013113372515,0.09942210136588303,0.016975281144789543,0,0.20475956078160862,0,0,True,0
doc_00073,0,0.0,0.8486478555217598,0.8486478555217598,0.0,0.0,0.8486478555217598,0.0,0.0,0.0,0.0,0,0.6972957110435196,1,1,True,0
doc_00073,1,0.1,0.8502330294653447,0.8486478555217598,0.0015851739435849277,0.001867881870284515,0.8494404424935522,0.0007925869717924638,0.0007925869717924638,0.0015851739435849277,0.0015851739435849277,0,0.7004660589306895,1,1,True,0
doc_00073,2,0.2,0.8281605031295226,0.8502330294653447,-0.02207252633582213,-0.02596056089434926,0.842347129372209,0.010052312079653281,0.010052312079653281,0.02207252633582213,-0.011036263167911065,1,0.6563210062590452,1,1,True,0
doc_00073,3,0.3,0.8622977046544986,0.8281605031295226,0.03413720152497601,0.041220513893110676,0.8473347731927814,0.012264440723194,0.014134674992223798,0.03413720152497601,0.011379067174992005,0,0.7245954093089974,1,1,True,0
doc_00073,4,0.4,0.8547350773484153,0.8622977046544986,-0.007562627306083369,-0.008770320581003433,0.8488148340239082,0.011362021178361447,0.014639178235296375,0.03413720152497601,-0.0018906568265208423,1,0.7094701546968305,1,1,True,0
doc_00073,5,0.5,0.8198632545427723,0.8547350773484153,-0.03487182280564294,-0.04079839909439934,0.8439895707770523,0.01496647691972209,0.01848098095593733,0.04243445011172631,-0.006974364561128587,2,0.6397265090855446,1,1,True,0
doc_00074,0,0.0,0.8070540478316766,0.8070540478316766,0.0,0.0,0.8070540478316766,0.0,0.0,0.0,0.0,0,0.6141080956633531,1,1,True,0
doc_00074,1,0.1,0.7795698605230886,0.8070540478316766,-0.027484187308587926,-0.034054952555445425,0.7933119541773825,0.013742093654293963,0.013742093654293963,0.027484187308587926,-0.027484187308587926,1,0.5591397210461773,1,1,True,0
doc_00074,2,0.2,0.7643515442497367,0.7795698605230886,-0.015218316273351906,-0.019521427192093432,0.7836584842015006,0.01767132490277492,0.01767132490277492,0.04270250358193983,-0.007609158136675953,2,0.5287030884994736,1,1,True,0
doc_00074,3,0.3,0.7631848317363307,0.7643515442497367,-0.001166712513406054,-0.0015264082635579185,0.7785400710852082,0.01768618815210558,0.007464192570961657,0.043869216095345887,-0.00038890417113535136,3,0.5263696634726613,1,1,True,0
doc_00074,4,0.4,0.7754981488286415,0.7631848317363307,0.012313317092310871,0.016134121880143636,0.7779316866338949,0.015865734387154697,0.00555003292826263,0.043869216095345887,0.003078329273077718,0,0.5509962976572831,1,1,True,0
doc_00074,5,0.5,0.7708848134530878,0.7754981488286415,-0.004613335375553751,-0.005948867037944587,0.776757207770427,0.014719542883757727,0.005079264596174055,0.043869216095345887,-0.0009226670751107501,1,0.5417696269061756,1,1,True,0
doc_00075,0,0.0,0.8060134317385645,0.8060134317385645,0.0,0.0,0.8060134317385645,0.0,0.0,0.0,0.0,0,0.6120268634771291,0,0,True,0
doc_00075,1,0.1,0.7484202939836033,0.8060134317385645,-0.05759313775496122,-0.07145431513558438,0.7772168628610839,0.02879656887748061,0.02879656887748061,0.05759313775496122,-0.05759313775496122,1,0.4968405879672067,0,0,True,0
doc_00075,2,0.2,0.7899585914204825,0.7484202939836033,0.0415382974368792,0.055501297560738294,0.7814641057142168,0.024267393688870525,0.024267393688870525,0.05759313775496122,0.0207691487184396,0,0.5799171828409652,0,0,True,0
doc_00075,3,0.3,0.8091187460380942,0.7899585914204825,0.01916015461761167,0.024254631604371045,0.7883777657951861,0.024188341912655818,0.025335183618256072,0.06069845205449087,0.006386718205870556,0,0.6182374920761885,0,0,True,0
doc_00075,4,0.4,0.7595687078671683,0.8091187460380942,-0.04955003817092585,-0.06123951325259862,0.7826159542095825,0.024512335641036234,0.02040115146558315,0.06069845205449087,-0.012387509542731462,1,0.5191374157343367,0,0,True,0
doc_00075,5,0.5,0.8606388820711643,0.7595687078671683,0.101070174203996,0.13306258295947457,0.7956197755198463,0.03669072101810863,0.041264338670511935,0.11221858808756102,0.0202140348407992,0,0.7212777641423287,0,0,True,0
doc_00082,0,0.0,0.5741691748641078,0.5741691748641078,0.0,0.0,0.5741691748641078,0.0,0.0,0.0,0.0,0,0.14833834972821558,1,1,True,0
doc_00082,1,0.1,0.5891059345270856,0.5741691748641078,0.014936759662977805,0.02601456211318377,0.5816375546955967,0.007468379831488903,0.007468379831488903,0.014936759662977805,0.014936759662977805,0,0.1782118690541712,1,1,True,0
doc_00082,2,0.2,0.5693003014602209,0.5891059345270856,-0.01980563306686467,-0.03361981590418702,0.5775251369504715,0.008426649648136301,0.008426649648136301,0.01980563306686467,-0.009902816533432335,1,0.13860060292044185,1,1,True,0
doc_00082,3,0.3,0.5386558231304506,0.5693003014602209,-0.030644478329770353,-0.05382831916858135,0.5678078084954663,0.01834491033302395,0.02075401137455368,0.05045011139663502,-0.01021482610992345,2,0.07731164626090115,0,1,False,1
doc_00082,4,0.4,0.5544530984341328,0.5386558231304506,0.015797275303682246,0.029327215311392808,0.5651368664831996,0.017255848661625304,0.012512559898056094,0.05045011139663502,0.003949318825920561,0,0.10890619686826564,1,1,True,0
doc_00082,5,0.5,0.5068409010452395,0.5544530984341328,-0.04761219738889333,-0.08587236237538945,0.5554208722435395,0.026835417787933958,0.019800854399375244,0.0822650334818461,-0.009522439477778666,1,0.013681802090478978,1,1,True,0
doc_00084,0,0.0,0.5757280717903295,0.5757280717903295,0.0,0.0,0.5757280717903295,0.0,0.0,0.0,0.0,0,0.15145614358065895,1,0,False,1
doc_00084,1,0.1,0.5195847390226661,0.5757280717903295,-0.05614333276766337,-0.09751710142094622,0.5476564054064978,0.028071666383831684,0.028071666383831684,0.05614333276766337,-0.05614333276766337,1,0.03916947804533222,1,0,False,1
doc_00084,2,0.2,0.5316202187661844,0.5195847390226661,0.012035479743518263,0.023163651353880956,0.5423110098597267,0.024134873996210934,0.024134873996210934,0.05614333276766337,0.006017739871759131,0,0.0632404375323688,1,0,False,1
doc_00084,3,0.3,0.5269940047037776,0.5316202187661844,-0.004626214062406819,-0.008702103304392016,0.5384817585707394,0.021928488397798106,0.0049570583474604375,0.05614333276766337,-0.0015420713541356064,1,0.05398800940755516,0,0,True,0
doc_00084,4,0.4,0.6036017587595508,0.5269940047037776,0.07660775405577325,0.14536741096103045,0.5515057586085017,0.03260652067707349,0.03507371909094973,0.08401701973688469,0.019151938513943312,0,0.2072035175191016,1,0,False,1
doc_00084,5,0.5,0.5696711576719258,0.6036017587595508,-0.03393060108762502,-0.0562135557016187,0.5545333251190724,0.030525701527838196,0.03134285858250135,0.08401701973688469,-0.006786120217525005,1,0.13934231534385155,1,0,False,1
doc_00087,0,0.0,0.7753916493637819,0.7753916493637819,0.0,0.0,0.7753916493637819,0.0,0.0,0.0,0.0,0,0.5507832987275638,1,1,True,0
doc_00087,1,0.1,0.7582213657406337,0.7753916493637819,-0.017170283623148208,-0.022144014108530355,0.7668065075522078,0.008585141811574104,0.008585141811574104,0.017170283623148208,-0.017170283623148208,1,0.5164427314812674,1,1,True,0
doc_00087,2,0.2,0.7157745585208212,0.7582213657406337,-0.04244680721981253,-0.05598207744825328,0.7497958578750789,0.02505715157047787,0.02505715157047787,0.05961709084296074,-0.021223403609906266,2,0.4315491170416424,1,1,True,0
doc_00087,3,0.3,0.7485622273168934,0.7157745585208212,0.0327876687960722,0.045807256496835154,0.7494874502355325,0.021706703559864125,0.018166090582076366,0.05961709084296074,0.010929222932024066,0,0.4971244546337868,1,1,True,0
doc_00087,4,0.4,0.7146617412466335,0.7485622273168934,-0.03390048607025986,-0.04528746553479055,0.7425223084377527,0.02389555575000028,0.015725112764713292,0.0607299081171484,-0.008475121517564965,1,0.429323482493267,1,1,True,0
doc_00087,5,0.5,0.6756405958326445,0.7146617412466335,-0.039021145413989045,-0.05460085962615235,0.7313753563369013,0.033122560682932074,0.029794587658283328,0.09975105353113745,-0.007804229082797809,2,0.351281191665289,1,1,True,0
doc_00088,0,0.0,0.6327359535220419,0.6327359535220419,0.0,0.0,0.6327359535220419,0.0,0.0,0.0,0.0,0,0.26547190704408385,1,1,True,0
doc_00088,1,0.1,0.6047129443859448,0.6327359535220419,-0.02802300913609712,-0.044288630952786394,0.6187244489539934,0.01401150456804856,0.01401150456804856,0.02802300913609712,-0.02802300913609712,1,0.2094258887718896,1,1,True,0
doc_00088,2,0.2,0.6016087801788903,0.6047129443859448,-0.003104164207054505,-0.0051332855297262165,0.613019226028959,0.01399930870039561,0.01399930870039561,0.031127173343151626,-0.0015520821035272525,2,0.2032175603577806,1,1,True,0
doc_00088,3,0.3,0.5910430692610458,0.6016087801788903,-0.010565710917844529,-0.01756242805283324,0.6075251868369806,0.015412296486757262,0.0058512635725034325,0.041692884260996155,-0.0035219036392815095,3,0.18208613852209155,1,1,True,0
doc_00088,4,0.4,0.6555677132449114,0.5910430692610458,0.06452464398386559,0.10917079877873843,0.6171336921185668,0.023650044426631475,0.028257998643584484,0.06452464398386559,0.016131160995966398,0,0.3111354264898228,1,1,True,0
doc_00088,5,0.5,0.584254977891882,0.6555677132449114,-0.0713127353530294,-0.10878012127846802,0.6116539064141193,0.024824264164684456,0.03213688446700722,0.0713127353530294,-0.01426254707060588,1,0.168509955783764,1,1,True,0
doc_00089,0,0.0,0.801154110402865,0.801154110402865,0.0,0.0,0.801154110402865,0.0,0.0,0.0,0.0,0,0.60230822080573,1,1,True,0
doc_00089,1,0.1,0.7451127834947969,0.801154110402865,-0.05604132690806807,-0.06995074503192321,0.7731334469488309,0.028020663454034034,0.028020663454034034,0.05604132690806807,-0.05604132690806807,1,0.49022556698959385,1,1,True,0
doc_00089,2,0.2,0.7730209352804885,0.7451127834947969,0.027908151785691615,0.037454936224277646,0.7730959430593835,0.022878837383477475,0.022878837383477475,0.05604132690806807,0.013954075892845808,0,0.5460418705609771,1,1,True,0
doc_00089,3,0.3,0.7507721183498884,0.7730209352804885,-0.0222488169306001,-0.028781648614118294,0.7675149868820097,0.022045909270792256,0.012045759336364965,0.05604132690806807,-0.007416272310200034,1,0.5015442366997769,1,1,True,0
doc_00089,4,0.4,0.7687332258635341,0.7507721183498884,0.017961107513645658,0.023923514305675235,0.7677586346783146,0.01972448096795908,0.009637863352264662,0.05604132690806807,0.004490276878411414,0,0.5374664517270682,1,1,True,0
doc_00089,5,0.5,0.7377481859050857,0.7687332258635341,-0.030985039958448368,-0.04030662252648469,0.7627568932161098,0.021196691081860952,0.012703004459445215,0.06340592449777926,-0.006197007991689674,1,0.4754963718101715,1,1,True,0
doc_00092,0,0.0,0.8518086938463575,0.8518086938463575,0.0,0.0,0.8518086938463575,0.0,0.0,0.0,0.0,0,0.703617387692715,1,1,True,0
doc_00092,1,0.1,0.8341546125943237,0.8518086938463575,-0.017654081252033826,-0.02072540627909831,0.8429816532203406,0.008827040626016913,0.008827040626016913,0.017654081252033826,-0.017654081252033826,1,0.6683092251886473,1,1,True,0
doc_00092,2,0.2,0.8705009295179345,0.8341546125943237,0.03634631692361079,0.04357263794366522,0.8521547453195385,0.0148403392188197,0.0148403392188197,0.03634631692361079,0.018173158461805394,0,0.7410018590358689,1,1,True,0
doc_00092,3,0.3,0.80426295075156,0.8705009295179345,-0.0662379787663745,-0.0760917955631084,0.8401817966775438,0.02439736150998203,0.027084304665019494,0.0662379787663745,-0.022079326255458165,1,0.6085259015031199,1,1,True,0
doc_00092,4,0.4,0.8005835098920479,0.80426295075156,-0.0036794408595121064,-0.004574922736492807,0.8322621393204447,0.026964214980867228,0.032127270664647434,0.0699174196258866,-0.0009198602148780266,2,0.6011670197840957,1,1,True,0
doc_00092,5,0.5,0.7787501911829952,0.8005835098920479,-0.021833318709052696,-0.027271756711547482,0.8233434812975364,0.031679694536510546,0.011260220008177817,0.0917507383349393,-0.004366663741810539,3,0.5575003823659903,1,1,True,0
doc_00097,0,0.0,0.5269918025267141,0.5269918025267141,0.0,0.0,0.5269918025267141,0.0,0.0,0.0,0.0,0,0.053983605053428196,1,1,True,0
doc_00097,1,0.1,0.5175872996595392,0.5269918025267141,-0.009404502867174869,-0.017845634072644116,0.5222895510931267,0.004702251433587434,0.004702251433587434,0.009404502867174869,-0.009404502867174869,1,0.0351745993190784,0,1,False,1
doc_00097,2,0.2,0.5786780311382478,0.5175872996595392,0.06109073147870858,0.11802981162577425,0.5410857111081671,0.026857625391158265,0.026857625391158265,0.06109073147870858,0.03054536573935429,0,0.15735606227649557,1,1,True,0
doc_00097,3,0.3,0.572786815824771,0.5786780311382478,-0.005891215313476805,-0.010180471689738948,0.549010987287318,0.02700794399406027,0.027515188685017636,0.06109073147870858,-0.0019637384378256018,1,0.14557363164954196,1,1,True,0
doc_00097,4,0.4,0.5747741185312978,0.572786815824771,0.0019873027065268056,0.003469532907570918,0.554163613536114,0.02626292938855377,0.0024471371836362298,0.06109073147870858,0.0004968256766317014,0,0.14954823706259568,0,1,False,1
doc_00097,5,0.5,0.5727223948983238,0.5747741185312978,-0.002051723632974012,-0.003569617292818815,0.5572567437631489,0.024952391129184154,0.000952370841008968,0.06109073147870858,-0.0004103447265948024,1,0.1454447897966476,0,1,False,1
doc_00104,0,0.0,0.6053462692150279,0.6053462692150279,0.0,0.0,0.6053462692150279,0.0,0.0,0.0,0.0,0,0.21069253843005575,1,1,True,0
doc_00104,1,0.1,0.5705918370716487,0.6053462692150279,-0.034754432143379144,-0.05741248259189958,0.5879690531433384,0.017377216071689572,0.017377216071689572,0.034754432143379144,-0.034754432143379144,1,0.14118367414329752,1,1,True,0
doc_00104,2,0.2,0.6092900430545893,0.5705918370716487,0.0386982059829406,0.06782117000051177,0.5950760497804221,0.017387655429465708,0.017387655429465708,0.0386982059829406,0.0193491029914703,0,0.21858008610917873,1,1,True,0
doc_00104,3,0.3,0.5462401959545734,0.6092900430545893,-0.06304984710001593,-0.10348084269344769,0.5828670863239599,0.025960051753493394,0.02596116071435328,0.06304984710001593,-0.02101661570000531,1,0.09248039190914681,1,1,True,0
doc_00104,4,0.4,0.5193650474553894,0.5462401959545734,-0.026875148499184043,-0.04920023956168001,0.5701666785502458,0.034414253734604126,0.037688874956978306,0.08992499559919997,-0.006718787124796011,2,0.03873009491077878,1,1,True,0
doc_00104,5,0.5,0.6007308437930176,0.5193650474553894,0.0813657963376282,0.1566639817913759,0.5752607060907078,0.03341700614467161,0.03384917055009197,0.08992499559919997,0.01627315926752564,0,0.20146168758603517,1,1,True,0
doc_00111,0,0.0,0.7266161106679307,0.7266161106679307,0.0,0.0,0.7266161106679307,0.0,0.0,0.0,0.0,0,0.45323222133586155,1,1,True,0
doc_00111,1,0.1,0.6978760556525846,0.7266161106679307,-0.028740055015346155,-0.03955328624481957,0.7122460831602577,0.014370027507673078,0.014370027507673078,0.028740055015346155,-0.028740055015346155,1,0.3957521113051692,1,1,True,0
doc_00111,2,0.2,0.6889393090804321,0.6978760556525846,-0.008936746572152487,-0.012805635756904894,0.7044771584669824,0.016074125445170652,0.016074125445170652,0.03767680158749864,-0.004468373286076244,2,0.3778786181608642,1,1,True,0
doc_00111,3,0.3,0.6452268307785651,0.6889393090804321,-0.043712478301866975,-0.06344895366794007,0.6896645765448781,0.029189396725822696,0.023003833203333598,0.08138927988936562,-0.014570826100622325,3,0.2904536615571303,1,1,True,0
doc_00111,4,0.4,0.6621398884325299,0.6452268307785651,0.01691305765396478,0.026212576488111292,0.6841596389224085,0.028334326494256077,0.017997040576348888,0.08138927988936562,0.004228264413491195,0,0.3242797768650598,1,1,True,0
doc_00111,5,0.5,0.7173747058209554,0.6621398884325299,0.055234817388425506,0.08341865269464697,0.6896954834054997,0.028675010937645788,0.03080810218878471,0.08138927988936562,0.011046963477685101,0,0.43474941164191083,1,1,True,0
doc_00119,0,0.0,0.700598408479481,0.700598408479481,0.0,0.0,0.700598408479481,0.0,0.0,0.0,0.0,0,0.401196816958962,1,1,True,0
doc_00119,1,0.1,0.6696751101632352,0.700598408479481,-0.03092329831624574,-0.04413840788385322,0.6851367593213581,0.01546164915812287,0.01546164915812287,0.03092329831624574,-0.03092329831624574,1,0.33935022032647044,1,1,True,0
doc_00119,2,0.2,0.6388522196457398,0.6696751101632352,-0.030822890517495427,-0.04602663298921511,0.6697085794294854,0.02520778714361686,0.02520778714361686,0.06174618883374117,-0.015411445258747714,2,0.2777044392914796,1,1,True,0
doc_00119,3,0.3,0.5811623349143784,0.6388522196457398,-0.057689884731361385,-0.09030239382020451,0.6475720183007087,0.044120929447742006,0.03668588096927438,0.11943607356510255,-0.019229961577120463,3,0.16232466982875682,1,1,True,0
doc_00119,4,0.4,0.6060736033907812,0.5811623349143784,0.024911268476402793,0.04286456120745148,0.6392723353187232,0.04281196191103533,0.023624685256012804,0.11943607356510255,0.006227817119100698,0,0.2121472067815624,1,1,True,0
doc_00119,5,0.5,0.6270749082018171,0.6060736033907812,0.021001304811035904,0.03465140981811542,0.6372394307992388,0.03934526959478927,0.01876637207212201,0.11943607356510255,0.004200260962207181,0,0.2541498164036342,1,1,True,0
doc_00121,0,0.0,0.556571218984936,0.556571218984936,0.0,0.0,0.556571218984936,0.0,0.0,0.0,0.0,0,0.113142437969872,1,1,True,0
doc_00121,1,0.1,0.6001611380517274,0.556571218984936,0.04358991906679144,0.07831867257938688,0.5783661785183317,0.02179495953339572,0.02179495953339572,0.04358991906679144,0.04358991906679144,0,0.20032227610345493,1,1,True,0
doc_00121,2,0.2,0.5472114483104051,0.6001611380517274,-0.0529496897413223,-0.08822578868270309,0.5679812684490229,0.02307320715325107,0.02307320715325107,0.0529496897413223,-0.02647484487066115,1,0.09442289662081033,1,1,True,0
doc_00121,3,0.3,0.6123379923780962,0.5472114483104051,0.06512654406769103,0.11901531714802148,0.5790704494312912,0.027716231180034776,0.028271328560513977,0.06512654406769103,0.021708848022563676,0,0.22467598475619238,1,1,True,0
doc_00121,4,0.4,0.5388747841560532,0.6123379923780962,-0.073463208222043,-0.11997166456508576,0.5710313163762436,0.029547626262817487,0.032842739217365,0.073463208222043,-0.01836580205551075,1,0.07774956831210639,1,1,True,0
doc_00121,5,0.5,0.5612279656802894,0.5388747841560532,0.022353181524236265,0.04148121638173181,0.5693974245935846,0.027219475746723856,0.030747615111819324,0.073463208222043,0.004470636304847253,0,0.12245593136057892,1,1,True,0
doc_00122,0,0.0,0.6406817667055198,0.6406817667055198,0.0,0.0,0.6406817667055198,0.0,0.0,0.0,0.0,0,0.2813635334110397,0,0,True,0
doc_00122,1,0.1,0.626260630997916,0.6406817667055198,-0.014421135707603838,-0.02250904654546273,0.6334711988517179,0.007210567853801919,0.007210567853801919,0.014421135707603838,-0.014421135707603838,1,0.25252126199583197,0,0,True,0
doc_00122,2,0.2,0.6636810391364809,0.626260630997916,0.03742040813856495,0.05975213239723747,0.6435411456133056,0.01541003508795296,0.01541003508795296,0.03742040813856495,0.018710204069282477,0,0.3273620782729618,0,0,True,0
doc_00122,3,0.3,0.6464276205051915,0.6636810391364809,-0.017253418631289374,-0.025996551978851007,0.644262764336277,0.013403883273252759,0.015292245186186017,0.03742040813856495,-0.0057511395437631245,1,0.292855241010383,0,0,True,0
doc_00122,4,0.4,0.5280834026896662,0.6464276205051915,-0.11834421781552529,-0.18307419742219205,0.6210268920069548,0.04799327370643333,0.06026769298056568,0.13559763644681466,-0.029586054453881322,2,0.05616680537933255,0,0,True,0
doc_00122,5,0.5,0.5252165730209059,0.5280834026896662,-0.0028668296687603956,-0.005428744122914838,0.60505850550928,0.05651910093864558,0.056475846002178406,0.13846446611557506,-0.0005733659337520791,3,0.05043314604181176,0,0,True,0
doc_00125,0,0.0,0.6891120964321343,0.6891120964321343,0.0,0.0,0.6891120964321343,0.0,0.0,0.0,0.0,0,0.3782241928642687,1,1,True,0
doc_00125,1,0.1,0.6789230878678173,0.6891120964321343,-0.010189008564317037,-0.01478570557253377,0.6840175921499758,0.0050945042821585185,0.0050945042821585185,0.010189008564317037,-0.010189008564317037,1,0.3578461757356346,1,1,True,0
doc_00125,2,0.2,0.6721716130061355,0.6789230878678173,-0.0067514748616818165,-0.009944388373777462,0.6800689324353625,0.006963223128521489,0.006963223128521489,0.016940483425998853,-0.0033757374308409083,2,0.34434322601227096,1,1,True,0
doc_00125,3,0.3,0.6792223964071605,0.6721716130061355,0.007050783401025051,0.010489558417220296,0.679857298428312,0.006041458773508526,0.0032555174529441495,0.016940483425998853,0.002350261133675017,0,0.3584447928143211,1,1,True,0
doc_00125,4,0.4,0.6310955051872047,0.6792223964071605,-0.048126891219955836,-0.07085586617068222,0.6701049397800906,0.02023940157474427,0.02122147193192692,0.05801659124492964,-0.012031722804988959,1,0.2621910103744094,1,1,True,0
doc_00125,5,0.5,0.5449932552811103,0.6310955051872047,-0.08610224990609439,-0.13643299500374906,0.6492529923635938,0.05015356121009603,0.05552502681456764,0.14411884115102402,-0.017220449981218876,2,0.08998651056222062,1,1,True,0
doc_00135,0,0.0,0.6433112943751043,0.6433112943751043,0.0,0.0,0.6433112943751043,0.0,0.0,0.0,0.0,0,0.2866225887502086,0,0,True,0
doc_00135,1,0.1,0.6129096902044424,0.6433112943751043,-0.030401604170661845,-0.04725799847831549,0.6281104922897733,0.015200802085330922,0.015200802085330922,0.030401604170661845,-0.030401604170661845,1,0.22581938040888483,0,0,True,0
doc_00135,2,0.2,0.5812952288826952,0.6129096902044424,-0.03161446132174717,-0.05158094549166262,0.612505404487414,0.02531956661023823,0.02531956661023823,0.06201606549240901,-0.015807230660873584,2,0.16259045776539055,0,0,True,0
doc_00135,3,0.3,0.6451033613978628,0.5812952288826952,0.06380813251516759,0.10976889082302102,0.6206548937150262,0.026077823222244233,0.02604991875578609,0.06380813251516759,0.021269377505055864,0,0.29020672279572574,0,0,True,0
doc_00135,4,0.4,0.6146323978086017,0.6451033613978628,-0.030470963589261157,-0.047234234717416716,0.6194503945337413,0.023448785988177734,0.026058319697524816,0.06380813251516759,-0.007617740897315289,1,0.2292647956172033,0,0,True,0
doc_00135,5,0.5,0.6156089708599839,0.6146323978086017,0.0009765730513822124,0.0015888733735222335,0.6188101572547817,0.021453534808969082,0.014139591343237015,0.06380813251516759,0.00019531461027644248,0,0.2312179417199679,0,0,True,0
doc_00139,0,0.0,0.8021765287343184,0.8021765287343184,0.0,0.0,0.8021765287343184,0.0,0.0,0.0,0.0,0,0.6043530574686369,1,1,True,0
doc_00139,1,0.1,0.7781893162167548,0.8021765287343184,-0.02398721251756364,-0.029902660646791653,0.7901829224755366,0.01199360625878182,0.01199360625878182,0.02398721251756364,-0.02398721251756364,1,0.5563786324335096,1,1,True,0
doc_00139,2,0.2,0.7755570953224009,0.7781893162167548,-0.002632220894353887,-0.0033824942587887125,0.7853076467578246,0.01197640822789605,0.01197640822789605,0.026619433411917526,-0.0013161104471769436,2,0.5511141906448018,1,1,True,0
doc_00139,3,0.3,0.7473570095060448,0.7755570953224009,-0.028200085816356135,-0.03636106997981018,0.7758199874448797,0.019432519220277316,0.013955502952797343,0.05481951922827366,-0.009400028605452046,3,0.49471401901208956,1,1,True,0
doc_00139,4,0.4,0.7398383657870542,0.7473570095060448,-0.007518643718990581,-0.010060310699380372,0.7686236631133145,0.022566492375587787,0.015375313846994462,0.06233816294726424,-0.0018796609297476452,4,0.4796767315741084,1,1,True,0
doc_00139,5,0.5,0.7386375219642825,0.7398383657870542,-0.0012008438227717466,-0.001623116451245761,0.7636259729218092,0.023436225905619473,0.0038586337860087505,0.06353900677003599,-0.00024016876455434932,5,0.47727504392856496,1,1,True,0
doc_00143,0,0.0,0.50777387858307,0.50777387858307,0.0,0.0,0.50777387858307,0.0,0.0,0.0,0.0,0,0.015547757166139986,0,1,False,1
doc_00143,1,0.1,0.5206523303028749,0.50777387858307,0.01287845171980495,0.02536257232400757,0.5142131044429725,0.006439225859902475,0.006439225859902475,0.01287845171980495,0.01287845171980495,0,0.04130466060574994,0,1,False,1
doc_00143,2,0.2,0.5408769413133978,0.5206523303028749,0.020224611010522864,0.03884475269467778,0.5231010500664476,0.01362474126708193,0.01362474126708193,0.033103062730327815,0.010112305505261432,0,0.08175388262679573,0,1,False,1
doc_00143,3,0.3,0.5089442267074833,0.5408769413133978,-0.031932714605914514,-0.059038779742344186,0.5195618442267065,0.013296733240701113,0.013190117691456112,0.033103062730327815,-0.010644238201971504,1,0.0178884534149667,0,1,False,1
doc_00143,4,0.4,0.5291466000552095,0.5089442267074833,0.020202373347726232,0.03969467043259651,0.521478795392407,0.012495651202967228,0.013188526398255162,0.033103062730327815,0.005050593336931558,0,0.05829320011041905,0,1,False,1
doc_00143,5,0.5,0.5467786434053297,0.5291466000552095,0.01763204335012014,0.033321660477985626,0.5256954367278942,0.014799259100234448,0.015457712668394203,0.039004764822259674,0.0035264086700240284,0,0.09355728681065928,0,1,False,1
doc_00147,0,0.0,0.6383033712927896,0.6383033712927896,0.0,0.0,0.6383033712927896,0.0,0.0,0.0,0.0,0,0.27660674258557916,1,1,True,0
doc_00147,1,0.1,0.6400705747884018,0.6383033712927896,0.001767203495612213,0.0027685949582766612,0.6391869730405957,0.0008836017478061065,0.0008836017478061065,0.001767203495612213,0.001767203495612213,0,0.2801411495768036,1,1,True,0
doc_00147,2,0.2,0.6823356977098246,0.6400705747884018,0.042265122921422815,0.06603197301390563,0.653569881263672,0.020353294555739358,0.020353294555739358,0.04403232641703503,0.021132561460711408,0,0.3646713954196492,1,1,True,0
doc_00147,3,0.3,0.5999938965390401,0.6823356977098246,-0.08234180117078449,-0.12067637886623045,0.6401758850825141,0.02913571434780929,0.033619856855923114,0.08234180117078449,-0.027447267056928164,1,0.19998779307808023,1,1,True,0
doc_00147,4,0.4,0.5349709018128932,0.5999938965390401,-0.06502299472614692,-0.10837276029176413,0.6191348884285899,0.04949753570843203,0.06029975597237317,0.1473647958969314,-0.01625574868153673,2,0.06994180362578639,1,1,True,0
doc_00147,5,0.5,0.5392740272938547,0.5349709018128932,0.004303125480961456,0.008043662685912738,0.605824744906134,0.05410611152123319,0.029689895874249226,0.1473647958969314,0.0008606250961922912,0,0.07854805458770936,1,1,True,0
doc_00151,0,0.0,0.6961269127282034,0.6961269127282034,0.0,0.0,0.6961269127282034,0.0,0.0,0.0,0.0,0,0.39225382545640675,1,1,True,0
doc_00151,1,0.1,0.6661174128131329,0.6961269127282034,-0.030009499915070514,-0.043109236787671014,0.6811221627706681,0.015004749957535257,0.015004749957535257,0.030009499915070514,-0.030009499915070514,1,0.3322348256262658,1,1,True,0
doc_00151,2,0.2,0.6788482100281829,0.6661174128131329,0.012730797215049994,0.019111941784085124,0.680364178523173,0.012298133778382972,0.012298133778382972,0.030009499915070514,0.006365398607524997,0,0.35769642005636576,1,1,True,0
doc_00151,3,0.3,0.6326618924958558,0.6788482100281829,-0.04618631753232705,-0.06803629566970441,0.6684386070163437,0.023239854520128785,0.019477967509263734,0.06346502023234757,-0.01539543917744235,1,0.2653237849917116,1,1,True,0
doc_00151,4,0.4,0.6372867813070702,0.6326618924958558,0.004624888811214367,0.0073102060770076525,0.662208241874489,0.02423514946718409,0.020768346323333194,0.06346502023234757,0.0011562222028035918,0,0.2745735626141404,1,1,True,0
doc_00151,5,0.5,0.6901349497432017,0.6372867813070702,0.05284816843613149,0.08292682350595805,0.6668626931859412,0.024449368972102713,0.02607142073639366,0.06346502023234757,0.010569633687226299,0,0.3802698994864034,1,1,True,0
doc_00154,0,0.0,0.5159588872501079,0.5159588872501079,0.0,0.0,0.5159588872501079,0.0,0.0,0.0,0.0,0,0.03191777450021577,1,0,False,1
doc_00154,1,0.1,0.5311630146988084,0.5159588872501079,0.015204127448700588,0.029467711138252924,0.5235609509744581,0.007602063724350294,0.007602063724350294,0.015204127448700588,0.015204127448700588,0,0.062326029397616944,1,0,False,1
doc_00154,2,0.2,0.5023330489969013,0.5311630146988084,-0.0288299657019071,-0.05427705789766799,0.5164849836486058,0.011775661726874614,0.011775661726874614,0.0288299657019071,-0.01441498285095355,1,0.0046660979938027425,1,0,False,1
doc_00154,3,0.3,0.5341117301847256,0.5023330489969013,0.03177868118782423,0.06326217486841137,0.5208916702826358,0.01273798720759872,0.014336226155471402,0.03177868118782423,0.010592893729274744,0,0.06822346036945115,1,0,False,1
doc_00154,4,0.4,0.5355631443234751,0.5341117301847256,0.001451414138749496,0.0027174354291891628,0.5238259650908037,0.012815826097670105,0.01533416815282754,0.03323009532657373,0.000362853534687374,0,0.0711262886469502,1,0,False,1
doc_00154,5,0.5,0.5007464969993377,0.5355631443234751,-0.03481664732413736,-0.06500941615039223,0.5199793870755594,0.014520743011576232,0.016081543318042964,0.03481664732413736,-0.006963329464827472,1,0.0014929939986754182,1,0,False,1
doc_00167,0,0.0,0.5384149712602767,0.5384149712602767,0.0,0.0,0.5384149712602767,0.0,0.0,0.0,0.0,0,0.07682994252055342,0,0,True,0
doc_00167,1,0.1,0.5543735261655633,0.5384149712602767,0.015958554905286637,0.029639879567115654,0.5463942487129201,0.007979277452643319,0.007979277452643319,0.015958554905286637,0.015958554905286637,0,0.10874705233112664,0,0,True,0
doc_00167,2,0.2,0.5624119778906673,0.5543735261655633,0.008038451725103979,0.014500064208880168,0.5517334917721691,0.009973010846061186,0.009973010846061186,0.023997006630390616,0.0040192258625519894,0,0.12482395578133465,0,0,True,0
doc_00167,3,0.3,0.5704937488619508,0.5624119778906673,0.008081770971283486,0.014369841484518631,0.5564235560446146,0.011856889037211554,0.006581061278397725,0.0320787776016741,0.0026939236570944955,0,0.14098749772390173,0,0,True,0
doc_00167,4,0.4,0.5776985585851082,0.5704937488619508,0.0072048097231574015,0.012629077422022437,0.5606785565527133,0.013597381049609515,0.006244142628690211,0.039283587324831504,0.0018012024307893504,0,0.15539711717021654,0,0,True,0
doc_00167,5,0.5,0.5684583210412812,0.5776985585851082,-0.009240237543826968,-0.015994911890481495,0.5619751839674746,0.012746771726092839,0.0039642042696893375,0.039283587324831504,-0.0018480475087653935,1,0.13691664208256255,0,0,True,0
doc_00169,0,0.0,0.837736467619374,0.837736467619374,0.0,0.0,0.837736467619374,0.0,0.0,0.0,0.0,0,0.6754729352387481,1,1,True,0
doc_00169,1,0.1,0.8168280938013938,0.837736467619374,-0.020908373817980275,-0.02495817554343355,0.8272822807103839,0.010454186908990137,0.010454186908990137,0.020908373817980275,-0.020908373817980275,1,0.6336561876027875,1,1,True,0
doc_00169,2,0.2,0.8068440819240598,0.8168280938013938,-0.009984011877333998,-0.012222904614935469,0.8204695477816092,0.012871933649210974,0.012871933649210974,0.030892385695314273,-0.004992005938666999,2,0.6136881638481195,1,1,True,0
doc_00169,3,0.3,0.8110268441259498,0.8068440819240598,0.004182762201890067,0.0051841022269327975,0.8181088718676943,0.011873642205064133,0.004093768850353817,0.030892385695314273,0.001394254067296689,0,0.6220536882518997,1,1,True,0
doc_00169,4,0.4,0.7947997157579962,0.8110268441259498,-0.01622712836795359,-0.02000812733324715,0.8134470406457547,0.01413214013299148,0.006878969165748118,0.0429367518613778,-0.004056782091988398,1,0.5895994315159925,1,1,True,0
doc_00169,5,0.5,0.7909777617850037,0.7947997157579962,-0.0038219539729925645,-0.0048087007295260385,0.8097021608356295,0.015380239852166576,0.008691584243493861,0.04675870583437036,-0.0007643907945985128,2,0.5819555235700073,1,1,True,0
doc_00172,0,0.0,0.7623733630717475,0.7623733630717475,0.0,0.0,0.7623733630717475,0.0,0.0,0.0,0.0,0,0.5247467261434952,1,1,True,0
doc_00172,1,0.1,0.7498277090347283,0.7623733630717475,-0.012545654037019238,-0.01645604981064712,0.7561005360532379,0.006272827018509619,0.006272827018509619,0.012545654037019238,-0.012545654037019238,1,0.49965541806945657,1,1,True,0
doc_00172,2,0.2,0.7335612343506978,0.7498277090347283,-0.01626647468403053,-0.021693616397519856,0.7485874354857245,0.01179515152416037,0.01179515152416037,0.028812128721049768,-0.008133237342015265,2,0.46712246870139557,1,1,True,0
doc_00172,3,0.3,0.7691599050130179,0.7335612343506978,0.03559867066232014,0.04852856039186673,0.7537305528675479,0.01355356664564967,0.014551049419633455,0.03559867066232014,0.011866223554106714,0,0.5383198100260358,1,1,True,0
doc_00172,4,0.4,0.6836104547114891,0.7691599050130179,-0.08554945030152883,-0.11122453178325893,0.7397065332363362,0.030555717002238796,0.0350888620922855,0.08554945030152883,-0.021387362575382207,1,0.3672209094229782,1,1,True,0
doc_00172,5,0.5,0.7061872146447885,0.6836104547114891,0.02257675993329944,0.03302576749331274,0.7341199801377449,0.030562903639613812,0.0362000280358892,0.08554945030152883,0.004515351986659888,0,0.412374429289577,1,1,True,0
doc_00174,0,0.0,0.5555260549818529,0.5555260549818529,0.0,0.0,0.5555260549818529,0.0,0.0,0.0,0.0,0,0.11105210996370585,1,1,True,0
doc_00174,1,0.1,0.5732851129710693,0.5555260549818529,0.017759057989216398,0.031968001914503406,0.5644055839764611,0.008879528994608199,0.008879528994608199,0.017759057989216398,0.017759057989216398,0,0.14657022594213864,1,1,True,0
doc_00174,2,0.2,0.5309649594546363,0.5732851129710693,-0.042320153516433034,-0.07382042993774497,0.5532587091358528,0.017351359049608484,0.017351359049608484,0.042320153516433034,-0.021160076758216517,1,0.061929918909272574,1,1,True,0
doc_00174,3,0.3,0.5196160946270577,0.5309649594546363,-0.011348864827578575,-0.02137403726083017,0.5448480555086541,0.020928916096192338,0.023094385215985495,0.05366901834401161,-0.003782954942526192,2,0.039232189254115424,1,1,True,0
doc_00174,4,0.4,0.6676116439364779,0.5196160946270577,0.14799554930942016,0.2848171002394383,0.5694007731942189,0.0525524443404619,0.06725060572065225,0.14799554930942016,0.03699888732735504,0,0.3352232878729558,1,1,True,0
doc_00174,5,0.5,0.530908128867093,0.6676116439364779,-0.13670351506938483,-0.20476502516243103,0.5629853324730313,0.050072503133288135,0.0672623748919943,0.14799554930942016,-0.027340703013876966,1,0.06181625773418614,0,1,False,1
doc_00175,0,0.0,0.7038299008270472,0.7038299008270472,0.0,0.0,0.7038299008270472,0.0,0.0,0.0,0.0,0,0.40765980165409443,0,0,True,0
doc_00175,1,0.1,0.6768990851777189,0.7038299008270472,-0.02693081564932831,-0.03826324459600651,0.6903644930023831,0.013465407824664155,0.013465407824664155,0.02693081564932831,-0.02693081564932831,1,0.3537981703554378,0,0,True,0
doc_00175,2,0.2,0.6949981626620942,0.6768990851777189,0.018099077484375337,0.026738221221887824,0.6919090495556203,0.011209346478808634,0.011209346478808634,0.02693081564932831,0.009049538742187668,0,0.38999632532418854,0,0,True,0
doc_00175,3,0.3,0.6461910545483904,0.6949981626620942,-0.04880710811370381,-0.07022624049357906,0.6804795508038128,0.022048524021217087,0.020145839254297568,0.057638846278656786,-0.01626903603790127,1,0.2923821090967808,0,0,True,0
doc_00175,4,0.4,0.6873641728333659,0.6461910545483904,0.041173118284975496,0.06371663302233507,0.6818564752097235,0.019912147360084474,0.02143630687625419,0.057638846278656786,0.010293279571243874,0,0.37472834566673185,0,0,True,0
doc_00175,5,0.5,0.7190973375176479,0.6873641728333659,0.031733164684282,0.04616645140737485,0.6880632855943776,0.02286993265177408,0.029846915914717203,0.0729062829692575,0.0063466329368564,0,0.4381946750352959,0,0,True,0
doc_00178,0,0.0,0.9157774202110996,0.9157774202110996,0.0,0.0,0.9157774202110996,0.0,0.0,0.0,0.0,0,0.8315548404221993,1,1,True,0
doc_00178,1,0.1,0.913102679903293,0.9157774202110996,-0.002674740307806678,-0.0029207318817602123,0.9144400500571963,0.001337370153903339,0.001337370153903339,0.002674740307806678,-0.002674740307806678,1,0.8262053598065859,1,1,True,0
doc_00178,2,0.2,0.9128840356796448,0.913102679903293,-0.00021864422364814562,-0.00023945195700367708,0.9139213785980124,0.0013154515514370176,0.0013154515514370176,0.0028933845314548234,-0.00010932211182407281,2,0.8257680713592898,1,1,True,0
doc_00178,3,0.3,0.8934313248765786,0.9128840356796448,-0.01945271080306621,-0.021309071078873244,0.908798865167654,0.008945291561527893,0.009222062745101515,0.022346095334521032,-0.006484236934355403,3,0.7868626497531573,1,1,True,0
doc_00178,4,0.4,0.884796640344551,0.8934313248765786,-0.008634684532027648,-0.009664631507318673,0.9039984202030334,0.012497666995483565,0.011746713541645113,0.03098077986654868,-0.002158671133006912,4,0.7695932806891019,1,1,True,0
doc_00178,5,0.5,0.8584344851959639,0.884796640344551,-0.026362155148587085,-0.02979459227865211,0.8964044310351885,0.020457348093412854,0.014885861258539797,0.057342935015135765,-0.005272431029717417,5,0.7168689703919278,1,1,True,0
doc_00185,0,0.0,0.7270804804170556,0.7270804804170556,0.0,0.0,0.7270804804170556,0.0,0.0,0.0,0.0,0,0.45416096083411134,1,1,True,0
doc_00185,1,0.1,0.7325289031075557,0.7270804804170556,0.005448422690500054,0.007493562043330914,0.7298046917623057,0.002724211345250027,0.002724211345250027,0.005448422690500054,0.005448422690500054,0,0.4650578062151114,1,1,True,0
doc_00185,2,0.2,0.6857827948690092,0.7325289031075557,-0.046746108238546524,-0.06381469460145368,0.7151307261312069,0.020870986711726533,0.020870986711726533,0.046746108238546524,-0.023373054119273262,1,0.3715655897380184,1,1,True,0
doc_00185,3,0.3,0.7471320365946998,0.6857827948690092,0.06134924172569067,0.08945870643693962,0.7231310537470801,0.02277530001173885,0.026166517204266312,0.06134924172569067,0.020449747241896892,0,0.49426407318939974,1,1,True,0
doc_00185,4,0.4,0.6828827326590889,0.7471320365946998,-0.0642493039356109,-0.08599457764981977,0.7150813895294819,0.025964587587021186,0.02962752638519557,0.0642493039356109,-0.016062325983902725,1,0.36576546531817794,1,1,True,0
doc_00185,5,0.5,0.707584564173315,0.6828827326590889,0.024701831514226003,0.036172874686754945,0.7138319186367874,0.023866414226450788,0.02646204013149552,0.0642493039356109,0.0049403663028452,0,0.41516912834662995,1,1,True,0
doc_00190,0,0.0,0.7483410661205333,0.7483410661205333,0.0,0.0,0.7483410661205333,0.0,0.0,0.0,0.0,0,0.4966821322410666,1,1,True,0
doc_00190,1,0.1,0.7708124992126909,0.7483410661205333,0.0224714330921576,0.030028330809976137,0.7595767826666121,0.0112357165460788,0.0112357165460788,0.0224714330921576,0.0224714330921576,0,0.5416249984253818,1,1,True,0
doc_00190,2,0.2,0.7203418842379457,0.7708124992126909,-0.050470614974745254,-0.06547716211957645,0.7464984831903899,0.02064569491642405,0.02064569491642405,0.050470614974745254,-0.025235307487372627,1,0.44068376847589136,1,1,True,0
doc_00190,3,0.3,0.7011592920407065,0.7203418842379457,-0.019182592197239168,-0.02662984426836787,0.7351636854029691,0.0265540291025996,0.029376528969528533,0.06965320717198442,-0.006394197399079722,2,0.40231858408141297,1,1,True,0
doc_00190,4,0.4,0.7477442015616186,0.7011592920407065,0.0465849095209121,0.06643983763707657,0.737679788634699,0.02427789676138054,0.019116637992377256,0.06965320717198442,0.011646227380228025,0,0.49548840312323716,1,1,True,0
doc_00190,5,0.5,0.6612696359642201,0.7477442015616186,-0.08647456559739852,-0.1156472566645139,0.7249447631896192,0.03608440925659856,0.03533834705345002,0.10954286324847085,-0.017294913119479706,1,0.3225392719284402,1,1,True,0
doc_00196,0,0.0,0.8570213685390162,0.8570213685390162,0.0,0.0,0.8570213685390162,0.0,0.0,0.0,0.0,0,0.7140427370780326,1,1,True,0
doc_00196,1,0.1,0.8491018798726865,0.8570213685390162,-0.007919488666329744,-0.009240713192286297,0.8530616242058513,0.003959744333164872,0.003959744333164872,0.007919488666329744,-0.007919488666329744,1,0.698203759745373,1,1,True,0
doc_00196,2,0.2,0.8083855500478732,0.8491018798726865,-0.040716329824813324,-0.04795223139880257,0.8381695994865254,0.021307225314543533,0.021307225314543533,0.04863581849114307,-0.020358164912406662,2,0.6167711000957463,1,1,True,0
doc_00196,3,0.3,0.8281875987769556,0.8083855500478732,0.019802048729082422,0.024495797491567894,0.835674099309133,0.018952069843677772,0.01662443917858813,0.04863581849114307,0.00660068290969414,0,0.6563751975539112,1,1,True,0
doc_00196,4,0.4,0.8168924161989861,0.8281875987769556,-0.011295182577969465,-0.01363843481193135,0.8319177626871035,0.018541440622554327,0.008110823050793654,0.04863581849114307,-0.002823795644492366,1,0.6337848323979723,1,1,True,0
doc_00196,5,0.5,0.7762040477558657,0.8168924161989861,-0.040688368443120404,-0.049808723445425106,0.8226321435318972,0.02678807817750452,0.022324411284498597,0.08081732078315051,-0.008137673688624081,2,0.5524080955117314,1,1,True,0
doc_00198,0,0.0,0.6972298276676443,0.6972298276676443,0.0,0.0,0.6972298276676443,0.0,0.0,0.0,0.0,0,0.3944596553352886,0,0,True,0
doc_00198,1,0.1,0.6701147449676579,0.6972298276676443,-0.027115082699986415,-0.03888973423683136,0.6836722863176511,0.013557541349993207,0.013557541349993207,0.027115082699986415,-0.027115082699986415,1,0.34022948993531577,0,0,True,0
doc_00198,2,0.2,0.6794141239536338,0.6701147449676579,0.009299378985975881,0.013877293487139583,0.6822528988629787,0.01125021213714717,0.01125021213714717,0.027115082699986415,0.004649689492987941,0,0.3588282479072675,0,0,True,0
doc_00198,3,0.3,0.6941165475274067,0.6794141239536338,0.014702423573772938,0.021639855657131286,0.6852188110290857,0.011014325207623701,0.00988110562068733,0.027115082699986415,0.004900807857924312,0,0.3882330950548134,0,0,True,0
doc_00198,4,0.4,0.6905896822013421,0.6941165475274067,-0.00352686532606461,-0.005081085213467489,0.686292985263537,0.01008303966903195,0.006267137749303928,0.027115082699986415,-0.0008817163315161525,1,0.3811793644026842,0,0,True,0
doc_00198,5,0.5,0.6780666694747819,0.6905896822013421,-0.012523012726560201,-0.01813379644862563,0.6849219326320778,0.009701649381963303,0.006886889414612483,0.027115082699986415,-0.00250460254531204,2,0.3561333389495638,0,0,True,0
doc_00214,0,0.0,0.8066291435868933,0.8066291435868933,0.0,0.0,0.8066291435868933,0.0,0.0,0.0,0.0,0,0.6132582871737866,1,1,True,0
doc_00214,1,0.1,0.7548695920541795,0.8066291435868933,-0.05175955153271383,-0.06416771814436442,0.7807493678205364,0.025879775766356916,0.025879775766356916,0.05175955153271383,-0.05175955153271383,1,0.509739184108359,1,1,True,0
doc_00214,2,0.2,0.7968231510031654,0.7548695920541795,0.04195355894898589,0.05557722736561727,0.7861072955480793,0.022448236193780523,0.022448236193780523,0.05175955153271383,0.020976779474492946,0,0.5936463020063307,1,1,True,0
doc_00214,3,0.3,0.7568552506312118,0.7968231510031654,-0.039967900371953524,-0.050159060164900696,0.7787942843188624,0.02320307912486563,0.019326081998207553,0.05175955153271383,-0.013322633457317842,1,0.5137105012624237,1,1,True,0
doc_00214,4,0.4,0.7249491431894912,0.7568552506312118,-0.03190610744172062,-0.042156155242513225,0.7680252560929881,0.029909767307996993,0.02940390327722025,0.08168000039740209,-0.007976526860430155,2,0.44989828637898244,1,1,True,0
doc_00214,5,0.5,0.6465879856253086,0.7249491431894912,-0.0783611575641826,-0.1080919376212024,0.7477857110150415,0.05285537886686591,0.04632894516242082,0.1600411579615847,-0.01567223151283652,3,0.29317597125061723,1,1,True,0
doc_00216,0,0.0,0.7570595400917073,0.7570595400917073,0.0,0.0,0.7570595400917073,0.0,0.0,0.0,0.0,0,0.5141190801834146,1,1,True,0
doc_00216,1,0.1,0.7652691179601044,0.7570595400917073,0.008209577868397155,0.01084403198644413,0.7611643290259058,0.004104788934198578,0.004104788934198578,0.008209577868397155,0.008209577868397155,0,0.5305382359202089,1,1,True,0
doc_00216,2,0.2,0.7352747551010723,0.7652691179601044,-0.02999436285903212,-0.03919452929053882,0.7525344710509613,0.01265629324874808,0.01265629324874808,0.02999436285903212,-0.01499718142951606,1,0.47054951020214464,1,1,True,0
doc_00216,3,0.3,0.757817255998767,0.7352747551010723,0.022542500897694717,0.030658608555921358,0.7538551672879128,0.011196831460266902,0.01275128053148075,0.02999436285903212,0.007514166965898239,0,0.5156345119975341,1,1,True,0
doc_00216,4,0.4,0.7462487099858338,0.757817255998767,-0.011568546012933223,-0.015265614396291927,0.752333875827497,0.010466734860014088,0.009204004499182232,0.02999436285903212,-0.0028921365032333057,1,0.4924974199716676,1,1,True,0
doc_00216,5,0.5,0.6312561645449184,0.7462487099858338,-0.11499254544091542,-0.1540941296141046,0.7321542572804005,0.046123516840361596,0.05713028641605449,0.13401295341518604,-0.022998509088183083,2,0.2625123290898368,1,1,True,0
doc_00217,0,0.0,0.6204044721775167,0.6204044721775167,0.0,0.0,0.6204044721775167,0.0,0.0,0.0,0.0,0,0.24080894435503342,1,1,True,0
doc_00217,1,0.1,0.6338540154887883,0.6204044721775167,0.013449543311271572,0.02167866918184182,0.6271292438331525,0.006724771655635786,0.006724771655635786,0.013449543311271572,0.013449543311271572,0,0.26770803097757656,1,1,True,0
doc_00217,2,0.2,0.603639678350668,0.6338540154887883,-0.030214337138120273,-0.04766765911362237,0.6192993886723244,0.0123596777018142,0.0123596777018142,0.030214337138120273,-0.015107168569060136,1,0.20727935670133601,1,1,True,0
doc_00217,3,0.3,0.5834138838301002,0.603639678350668,-0.02022579452056783,-0.03350640331634761,0.6103280124617683,0.018868704195135786,0.020726246951979662,0.0504401316586881,-0.006741931506855943,2,0.16682776766020035,1,1,True,0
doc_00217,4,0.4,0.6449681612783914,0.5834138838301002,0.06155427744829123,0.10550704937665978,0.6172560422250929,0.021836043231521482,0.02561695475282938,0.06155427744829123,0.015388569362072807,0,0.2899363225567828,1,1,True,0
doc_00217,5,0.5,0.5865420430651542,0.6449681612783914,-0.05842611821323718,-0.0905876006304416,0.6121370423651031,0.022986186819630168,0.028308470938431588,0.06155427744829123,-0.011685223642647435,1,0.1730840861303085,1,1,True,0
doc_00222,0,0.0,0.5487397572640951,0.5487397572640951,0.0,0.0,0.5487397572640951,0.0,0.0,0.0,0.0,0,0.09747951452819015,1,0,False,1
doc_00222,1,0.1,0.5705355926661996,0.5487397572640951,0.021795835402104502,0.03971980362927248,0.5596376749651473,0.010897917701052251,0.010897917701052251,0.021795835402104502,0.021795835402104502,0,0.14107118533239915,1,0,False,1
doc_00222,2,0.2,0.5521527917439372,0.5705355926661996,-0.01838280092226241,-0.0322202526162422,0.5571427138914106,0.009572150663854403,0.009572150663854403,0.021795835402104502,-0.009191400461131205,1,0.10430558348787439,1,0,False,1
doc_00222,3,0.3,0.5441788855333342,0.5521527917439372,-0.00797390621060301,-0.014441484911120286,0.5539017568018915,0.010011541330732187,0.011036236077831486,0.02635670713286542,-0.00265796873686767,2,0.08835777106666837,1,0,False,1
doc_00222,4,0.4,0.5703111346715061,0.5441788855333342,0.026132249138171915,0.04802143161537854,0.5571836323758144,0.01110259415562032,0.01093517790918715,0.02635670713286542,0.006533062284542979,0,0.1406222693430122,1,0,False,1
doc_00222,5,0.5,0.5146947636478904,0.5703111346715061,-0.05561637102361572,-0.09751934977676743,0.5501021542544937,0.01880052284913186,0.02271902925892662,0.055840829018309224,-0.011123274204723144,1,0.02938952729578076,0,0,True,0
doc_00225,0,0.0,0.8653871009407402,0.8653871009407402,0.0,0.0,0.8653871009407402,0.0,0.0,0.0,0.0,0,0.7307742018814806,1,1,True,0
doc_00225,1,0.1,0.8737237237086919,0.8653871009407402,0.008336622767951662,0.009633403085034584,0.869555412324716,0.004168311383975831,0.004168311383975831,0.008336622767951662,0.008336622767951662,0,0.7474474474173838,1,1,True,0
doc_00225,2,0.2,0.8530243762416255,0.8737237237086919,-0.020699347467066365,-0.023690952763882753,0.8640450669636858,0.008503588959463447,0.008503588959463447,0.020699347467066365,-0.010349673733533182,1,0.7060487524832512,1,1,True,0
doc_00225,3,0.3,0.829052214470522,0.8530243762416255,-0.023972161771103506,-0.028102551859916853,0.8552968538403949,0.016847164967590013,0.01825337491825735,0.04467150923816987,-0.007990720590367836,2,0.6581044289410442,1,1,True,0
doc_00225,4,0.4,0.8168971538236466,0.829052214470522,-0.012155060646875437,-0.01466139337754296,0.8476169138370452,0.021517144043212512,0.01500957560635986,0.05682656988504531,-0.0030387651617188594,3,0.6337943076472932,1,1,True,0
doc_00225,5,0.5,0.7742546677150354,0.8168971538236466,-0.04264248610861121,-0.05220055659272985,0.8353898728167102,0.033664901114440655,0.02349680415922336,0.09946905599365652,-0.008528497221722242,4,0.5485093354300707,1,1,True,0
doc_00226,0,0.0,0.6262041357929472,0.6262041357929472,0.0,0.0,0.6262041357929472,0.0,0.0,0.0,0.0,0,0.2524082715858944,1,1,True,0
doc_00226,1,0.1,0.6741194842368935,0.6262041357929472,0.04791534844394629,0.07651713827036968,0.6501618100149203,0.023957674221973146,0.023957674221973146,0.04791534844394629,0.04791534844394629,0,0.348238968473787,1,1,True,0
doc_00226,2,0.2,0.6357712675391873,0.6741194842368935,-0.03834821669770616,-0.05688637933543269,0.6453649625230093,0.020704257077682604,0.020704257077682604,0.04791534844394629,-0.01917410834885308,1,0.2715425350783747,1,1,True,0
doc_00226,3,0.3,0.6670312615720929,0.6357712675391873,0.03125999403290558,0.04916861712530724,0.6507815372852802,0.020236539781293826,0.016660051525121452,0.04791534844394629,0.010419998010968526,0,0.33406252314418583,1,1,True,0
doc_00226,4,0.4,0.5892509708250455,0.6670312615720929,-0.0777802907470474,-0.11660666482666927,0.6384754239932333,0.030551198524488166,0.0319567396160711,0.08486851341184798,-0.01944507268676185,1,0.17850194165009103,1,1,True,0
doc_00226,5,0.5,0.6333934937379653,0.5892509708250455,0.04414252291291976,0.07491294049310292,0.6376284356173553,0.02795353387224238,0.031850057356786914,0.08486851341184798,0.00882850458258395,0,0.26678698747593055,1,1,True,0
doc_00236,0,0.0,0.9433839765336344,0.9433839765336344,0.0,0.0,0.9433839765336344,0.0,0.0,0.0,0.0,0,0.8867679530672689,1,0,False,1
doc_00236,1,0.1,0.937898212346634,0.9433839765336344,-0.005485764187000419,-0.00581498554507708,0.9406410944401342,0.0027428820935002096,0.0027428820935002096,0.005485764187000419,-0.005485764187000419,1,0.875796424693268,1,0,False,1
doc_00236,2,0.2,0.929774888094319,0.937898212346634,-0.00812332425231499,-0.008661200272458482,0.9370190256581958,0.005590560434763958,0.005590560434763958,0.013609088439315409,-0.004061662126157495,2,0.8595497761886379,1,0,False,1
doc_00236,3,0.3,0.9283069885488022,0.929774888094319,-0.0014678995455167376,-0.0015787687582371334,0.9348410163808474,0.006137747772408705,0.004218144667505829,0.015076987984832146,-0.0004892998485055792,3,0.8566139770976046,1,0,False,1
doc_00236,4,0.4,0.9327301518932948,0.9283069885488022,0.004423163344492553,0.004764763595507524,0.9344188434833368,0.005554320660147029,0.001839465114565396,0.015076987984832146,0.0011057908361231383,0,0.8654603037865897,1,0,False,1
doc_00236,5,0.5,0.9277458251928784,0.9327301518932948,-0.004984326700416375,-0.005343803553792037,0.9333066737682604,0.0056474187943501356,0.0022291700234386646,0.015638151340755968,-0.000996865340083275,1,0.8554916503857568,1,0,False,1
doc_00242,0,0.0,0.5127618488520589,0.5127618488520589,0.0,0.0,0.5127618488520589,0.0,0.0,0.0,0.0,0,0.025523697704117887,0,0,True,0
doc_00242,1,0.1,0.556435147437546,0.5127618488520589,0.043673298585487075,0.08517267554764515,0.5345984981448024,0.021836649292743537,0.021836649292743537,0.043673298585487075,0.043673298585487075,0,0.11287029487509198,1,0,False,1
doc_00242,2,0.2,0.5169985432115234,0.556435147437546,-0.039436604226022576,-0.07087367576910465,0.5287318465003761,0.019665402053444487,0.019665402053444487,0.043673298585487075,-0.019718302113011288,1,0.033997086423046774,1,0,False,1
doc_00242,3,0.3,0.5900173563927117,0.5169985432115234,0.0730188131811883,0.14123601340848185,0.54405322397346,0.03153220340320166,0.0298417261743382,0.0772555075406528,0.024339604393729435,0,0.18003471278542338,0,0,True,0
doc_00242,4,0.4,0.5189935794192488,0.5900173563927117,-0.07102377697346285,-0.1203757418386687,0.5390412950626178,0.029931615505983812,0.03396093203706545,0.0772555075406528,-0.017755944243365712,1,0.03798715883849774,0,0,True,0
doc_00242,5,0.5,0.5434776967530518,0.5189935794192488,0.024484117333802957,0.04717614688258872,0.5397806953443568,0.027373677798478005,0.029457669849325997,0.0772555075406528,0.004896823466760592,0,0.0869553935061036,0,0,True,0
doc_00252,0,0.0,0.5656771279259749,0.5656771279259749,0.0,0.0,0.5656771279259749,0.0,0.0,0.0,0.0,0,0.13135425585194982,0,0,True,0
doc_00252,1,0.1,0.5208033879497707,0.5656771279259749,-0.04487373997620425,-0.07932747809820671,0.5432402579378728,0.022436869988102126,0.022436869988102126,0.04487373997620425,-0.04487373997620425,1,0.04160677589954137,0,0,True,0
doc_00252,2,0.2,0.5578917233946956,0.5208033879497707,0.03708833544492496,0.07121369849556734,0.5481240797568138,0.019578360189087828,0.019578360189087828,0.04487373997620425,0.01854416772246248,0,0.11578344678939123,1,0,False,1
doc_00252,3,0.3,0.5033213061126748,0.5578917233946956,-0.05457041728202083,-0.09781542724808182,0.536923386345779,0.025765301074007176,0.02275252917264382,0.06235582181330013,-0.018190139094006946,1,0.0066426122253495645,0,0,True,0
doc_00252,4,0.4,0.5082483049917284,0.5033213061126748,0.004926998879053568,0.009788973403702083,0.5311883700749689,0.02574183828037959,0.02464565490444319,0.06235582181330013,0.001231749719763392,0,0.016496609983456756,1,0,False,1
doc_00252,5,0.5,0.5341750155895086,0.5082483049917284,0.02592671059778029,0.05101189781282643,0.5316861443273921,0.023525321699739293,0.01353358385998047,0.06235582181330013,0.005185342119556058,0,0.06835003117901722,0,0,True,0
doc_00258,0,0.0,0.6605770053055229,0.6605770053055229,0.0,0.0,0.6605770053055229,0.0,0.0,0.0,0.0,0,0.32115401061104576,1,1,True,0
doc_00258,1,0.1,0.7192771222782754,0.6605770053055229,0.05870011697275257,0.08886188362794013,0.6899270637918992,0.029350058486376285,0.029350058486376285,0.05870011697275257,0.05870011697275257,0,0.43855424455655095,1,1,True,0
doc_00258,2,0.2,0.6733142829526255,0.7192771222782754,-0.04596283932564993,-0.06390143367839209,0.6843894701788079,0.02521138317275161,0.02521138317275161,0.05870011697275257,-0.022981419662824965,1,0.34662856590525104,1,1,True,0
doc_00258,3,0.3,0.5388185472035701,0.6733142829526255,-0.13449573574905538,-0.1997517937080781,0.6479967394349985,0.06670834231253778,0.0765702167596284,0.1804585750747053,-0.044831911916351795,2,0.07763709440714034,1,1,True,0
doc_00258,4,0.4,0.588374927737089,0.5388185472035701,0.04955638053351885,0.0919722990062479,0.6360723770954165,0.06425545903728283,0.05553740666403116,0.1804585750747053,0.012389095133379713,0,0.17674985547417799,1,1,True,0
doc_00258,5,0.5,0.5588459753892031,0.588374927737089,-0.029528952347885884,-0.05018730567166635,0.623201310144381,0.06533726733164474,0.020354884093333383,0.1804585750747053,-0.005905790469577177,1,0.11769195077840622,1,1,True,0
doc_00262,0,0.0,0.6744174575504133,0.6744174575504133,0.0,0.0,0.6744174575504133,0.0,0.0,0.0,0.0,0,0.3488349151008266,1,1,True,0
doc_00262,1,0.1,0.6807588321039318,0.6744174575504133,0.006341374553518575,0.009402743779129637,0.6775881448271726,0.0031706872767592875,0.0031706872767592875,0.006341374553518575,0.006341374553518575,0,0.36151766420786374,1,1,True,0
doc_00262,2,0.2,0.699256752256525,0.6807588321039318,0.018497920152593106,0.02717250115642865,0.68481101397029,0.01053763964028626,0.01053763964028626,0.02483929470611168,0.009248960076296553,0,0.39851350451304995,1,1,True,0
doc_00262,3,0.3,0.655375558492413,0.699256752256525,-0.043881193764111925,-0.06275405081539198,0.6774521501008207,0.015676097066538566,0.017987782258992946,0.043881193764111925,-0.014627064588037308,1,0.31075111698482605,1,1,True,0
doc_00262,4,0.4,0.7197045389949844,0.655375558492413,0.06432898050257141,0.09815590415143031,0.6859026278796534,0.021959834110343694,0.026836726247533055,0.06432898050257141,0.016082245125642852,0,0.4394090779899689,1,1,True,0
doc_00262,5,0.5,0.6157127792452332,0.7197045389949844,-0.10399175974975128,-0.14449229387238308,0.6742043197739167,0.032956243583655585,0.042850696721887634,0.10399175974975128,-0.020798351949950257,1,0.23142555849046637,1,1,True,0
doc_00264,0,0.0,0.5944173329459503,0.5944173329459503,0.0,0.0,0.5944173329459503,0.0,0.0,0.0,0.0,0,0.18883466589190062,0,0,True,0
doc_00264,1,0.1,0.5624201165523276,0.5944173329459503,-0.03199721639362274,-0.05382954806355253,0.578418724749139,0.01599860819681137,0.01599860819681137,0.03199721639362274,-0.03199721639362274,1,0.1248402331046552,0,0,True,0
doc_00264,2,0.2,0.5602827965274104,0.5624201165523276,-0.0021373200249171775,-0.00380021973257125,0.5723734153418961,0.01561180668005205,0.01561180668005205,0.03413453641853992,-0.0010686600124585888,2,0.12056559305482084,0,0,True,0
doc_00264,3,0.3,0.5918532099546292,0.5602827965274104,0.03157041342721878,0.05634728323426985,0.5772433639950794,0.01593567006797684,0.014405115326327033,0.03413453641853992,0.01052347114240626,0,0.1837064199092584,0,0,True,0
doc_00264,4,0.4,0.648845328361001,0.5918532099546292,0.05699211840637175,0.09629434705733994,0.5915637568682637,0.03199142185933164,0.03664865407440277,0.08856253183359053,0.014248029601592938,0,0.29769065672200185,0,0,True,0
doc_00264,5,0.5,0.6353217373401471,0.648845328361001,-0.013523591020853876,-0.020842549726010656,0.5988567536135776,0.033448690579062995,0.02431392364608928,0.08856253183359053,-0.002704718204170775,1,0.27064347468029415,0,0,True,0
doc_00269,0,0.0,0.60539062296789,0.60539062296789,0.0,0.0,0.60539062296789,0.0,0.0,0.0,0.0,0,0.21078124593578013,1,0,False,1
doc_00269,1,0.1,0.6376214669871948,0.60539062296789,0.03223084401930476,0.053239747687691366,0.6215060449775425,0.01611542200965238,0.01611542200965238,0.03223084401930476,0.03223084401930476,0,0.2752429339743896,1,0,False,1
doc_00269,2,0.2,0.6062550231208106,0.6376214669871948,-0.03136644386638421,-0.049192891849442914,0.6164223710252985,0.01499417773909502,0.01499417773909502,0.03223084401930476,-0.015683221933192104,1,0.21251004624162118,1,0,False,1
doc_00269,3,0.3,0.646866015181956,0.6062550231208106,0.04061099206114538,0.0669866483779264,0.6240332820644628,0.01850397052234741,0.017379963394472085,0.04147539221406593,0.013536997353715127,0,0.293732030363912,1,0,False,1
doc_00269,4,0.4,0.6473536057004056,0.646866015181956,0.0004875905184495988,0.0007537735899024548,0.6286973467916515,0.01899819831434389,0.019260160120356338,0.04196298273251553,0.0001218976296123997,0,0.2947072114008112,1,0,False,1
doc_00269,5,0.5,0.6092191454161515,0.6473536057004056,-0.038134460284254046,-0.058908238014669566,0.6254509798957347,0.018800818407021535,0.01786293993735034,0.04196298273251553,-0.007626892056850809,1,0.21843829083230304,1,0,False,1
doc_00270,0,0.0,0.5424786371675263,0.5424786371675263,0.0,0.0,0.5424786371675263,0.0,0.0,0.0,0.0,0,0.08495727433505273,0,1,False,1
doc_00270,1,0.1,0.5650343905097616,0.5424786371675263,0.022555753342235252,0.04157906283647749,0.553756513838644,0.011277876671117626,0.011277876671117626,0.022555753342235252,0.022555753342235252,0,0.13006878101952318,0,1,False,1
doc_00270,2,0.2,0.5614401869224521,0.5650343905097616,-0.0035942035873094413,-0.006361035093929115,0.5563177381999134,0.009895120443774923,0.009895120443774923,0.022555753342235252,-0.0017971017936547207,1,0.1228803738449043,0,1,False,1
doc_00270,3,0.3,0.5794247657615075,0.5614401869224521,0.017984578839055354,0.03203293825053432,0.562094495090312,0.01317375485425132,0.007770644727514835,0.036946128593981165,0.005994859613018451,0,0.1588495315230149,0,1,False,1
doc_00270,4,0.4,0.5013598828719653,0.5794247657615075,-0.07806488288954216,-0.13472824687937804,0.5499475726466426,0.02700053986456562,0.03337865910257809,0.07806488288954216,-0.01951622072238554,1,0.0027197657439306244,1,1,True,0
doc_00270,5,0.5,0.5806324826028038,0.5013598828719653,0.07927259973083844,0.15811516325705435,0.5550617243060029,0.0271716217794046,0.03708807773187798,0.07927259973083844,0.01585451994616769,0,0.16126496520560757,0,1,False,1
doc_00271,0,0.0,0.696686262989366,0.696686262989366,0.0,0.0,0.696686262989366,0.0,0.0,0.0,0.0,0,0.39337252597873207,0,0,True,0
doc_00271,1,0.1,0.7383826710893526,0.696686262989366,0.04169640809998665,0.05984962000122441,0.7175344670393593,0.020848204049993324,0.020848204049993324,0.04169640809998665,0.04169640809998665,0,0.47676534217870525,0,0,True,0
doc_00271,2,0.2,0.7851616218397945,0.7383826710893526,0.04677895075044192,0.06335326190879842,0.7400768519728377,0.03613977464952341,0.03613977464952341,0.08847535885042856,0.02338947537522096,0,0.5703232436795891,0,0,True,0
doc_00271,3,0.3,0.7494854002709146,0.7851616218397945,-0.03567622156887995,-0.04543806087373865,0.7424289890473569,0.03156200453457819,0.01995643481303766,0.08847535885042856,-0.011892073856293317,1,0.4989708005418292,0,0,True,0
doc_00271,4,0.4,0.6980529474145198,0.7494854002709146,-0.05143245285639475,-0.06862368878406916,0.7335537807207895,0.033346744901901204,0.035755358809532296,0.08847535885042856,-0.012858113214098688,2,0.39610589482903974,0,0,True,0
doc_00271,5,0.5,0.7102308955391462,0.6980529474145198,0.012177948124626359,0.017445593732870256,0.7296666331905156,0.031657870152159116,0.021945679830708737,0.08847535885042856,0.002435589624925272,0,0.4204617910782924,0,0,True,0
doc_00273,0,0.0,0.6718648449022021,0.6718648449022021,0.0,0.0,0.6718648449022021,0.0,0.0,0.0,0.0,0,0.3437296898044042,1,1,True,0
doc_00273,1,0.1,0.6899780186485561,0.6718648449022021,0.018113173746354017,0.02695954980200014,0.6809214317753791,0.009056586873177008,0.009056586873177008,0.018113173746354017,0.018113173746354017,0,0.37995603729711225,1,1,True,0
doc_00273,2,0.2,0.7012701998584017,0.6899780186485561,0.011292181209845542,0.016366001386483694,0.68770435446972,0.012111864338287329,0.012111864338287329,0.02940535495619956,0.005646090604922771,0,0.4025403997168034,1,1,True,0
doc_00273,3,0.3,0.6938276356689052,0.7012701998584017,-0.0074425641894965144,-0.01061297655454245,0.6892351747695163,0.010819111593962443,0.004687153476307171,0.02940535495619956,-0.0024808547298321715,1,0.38765527133781036,1,1,True,0
doc_00273,4,0.4,0.612962511942747,0.6938276356689052,-0.08086512372615817,-0.11654929779238002,0.6739806422041624,0.03200696167548328,0.03999000950511169,0.08830768791565469,-0.020216280931539543,2,0.22592502388549396,1,1,True,0
doc_00273,5,0.5,0.6061185112071196,0.612962511942747,-0.006844000735627409,-0.011165447482156404,0.6626702870379887,0.03864356780894916,0.039831449181616296,0.0951516886512821,-0.0013688001471254818,3,0.2122370224142392,1,1,True,0
doc_00283,0,0.0,0.5986594699928952,0.5986594699928952,0.0,0.0,0.5986594699928952,0.0,0.0,0.0,0.0,0,0.19731893998579042,0,0,True,0
doc_00283,1,0.1,0.586796091137145,0.5986594699928952,-0.011863378855750173,-0.019816572609952975,0.5927277805650202,0.0059316894278750865,0.0059316894278750865,0.011863378855750173,-0.011863378855750173,1,0.17359218227429013,0,0,True,0
doc_00283,2,0.2,0.6131283043103317,0.586796091137145,0.02633221317318668,0.044874554501816474,0.5995279551467907,0.010767607672906089,0.010767607672906089,0.02633221317318668,0.01316610658659334,0,0.22625660862066344,0,0,True,0
doc_00283,3,0.3,0.6319947540929851,0.6131283043103317,0.018866449782653394,0.030770802212230344,0.6076446548833393,0.01687004668304402,0.01853599354707591,0.045198662955840074,0.006288816594217798,0,0.26398950818597033,0,0,True,0
doc_00283,4,0.4,0.5791048019414213,0.6319947540929851,-0.05288995215156378,-0.08368732779668311,0.6019366842949557,0.018920953808459973,0.021885786050522833,0.05288995215156378,-0.013222488037890945,1,0.15820960388284272,0,0,True,0
doc_00283,5,0.5,0.5916384802766954,0.5791048019414213,0.012533678335274079,0.021643195313275798,0.600220316958579,0.01769364278543194,0.022566122513237932,0.05288995215156378,0.002506735667054816,0,0.18327696055339082,0,0,True,0
doc_00286,0,0.0,0.8576896436751368,0.8576896436751368,0.0,0.0,0.8576896436751368,0.0,0.0,0.0,0.0,0,0.7153792873502736,1,1,True,0
doc_00286,1,0.1,0.8458960982544794,0.8576896436751368,-0.011793545420657359,-0.013750364724147639,0.8517928709648082,0.005896772710328679,0.005896772710328679,0.011793545420657359,-0.011793545420657359,1,0.691792196508959,1,1,True,0
doc_00286,2,0.2,0.8534878900420456,0.8458960982544794,0.007591791787566193,0.008974851406965917,0.8523578773238873,0.004880548121859316,0.004880548121859316,0.011793545420657359,0.0037958958937830967,0,0.7069757800840913,1,1,True,0
doc_00286,3,0.3,0.7751627854885959,0.8534878900420456,-0.07832510455344976,-0.09177061030074042,0.8330591043650645,0.03369262123412061,0.03526984680162504,0.08252685818654093,-0.026108368184483255,1,0.5503255709771917,1,1,True,0
doc_00286,4,0.4,0.773268647564434,0.7751627854885959,-0.0018941379241618206,-0.002443535680015804,0.8211010130049384,0.03847256134453774,0.03737726080188094,0.08442099611070275,-0.00047353448104045515,2,0.5465372951288681,1,1,True,0
doc_00286,5,0.5,0.7860853693225216,0.773268647564434,0.012816721758087568,0.016574733501036703,0.8152650723912024,0.03746650941720651,0.005648588345862466,0.08442099611070275,0.0025633443516175137,0,0.5721707386450432,1,1,True,0
doc_00290,0,0.0,0.7686349157475665,0.7686349157475665,0.0,0.0,0.7686349157475665,0.0,0.0,0.0,0.0,0,0.537269831495133,1,0,False,1
doc_00290,1,0.1,0.7742594451334258,0.7686349157475665,0.005624529385859334,0.007317556450566617,0.7714471804404961,0.0028122646929296664,0.0028122646929296664,0.005624529385859334,0.005624529385859334,0,0.5485188902668517,1,0,False,1
doc_00290,2,0.2,0.7758214960984257,0.7742594451334258,0.0015620509649998393,0.002017477442242446,0.7729052856598059,0.0030862107505088437,0.0030862107505088437,0.007186580350859173,0.0007810254824999197,0,0.5516429921968513,1,0,False,1
doc_00290,3,0.3,0.7739107984989205,0.7758214960984257,-0.001910697599505129,-0.0024628056957869157,0.7731566638695846,0.0027079689086974036,0.0008308177370494322,0.007186580350859173,-0.000636899199835043,1,0.5478215969978412,1,0,False,1
doc_00290,4,0.4,0.6815905210728522,0.7739107984989205,-0.0923202774260683,-0.11929059215239399,0.7548434353102381,0.03670645498486379,0.04397747029712829,0.09423097502557343,-0.023080069356517074,2,0.3631810421457045,1,0,False,1
doc_00290,5,0.5,0.6649282879331968,0.6815905210728522,-0.016662233139655425,-0.024446104551789197,0.7398575774140647,0.04738863663775029,0.0479326509529946,0.11089320816522885,-0.003332446627931085,3,0.3298565758663936,1,0,False,1
doc_00292,0,0.0,0.5661663760187927,0.5661663760187927,0.0,0.0,0.5661663760187927,0.0,0.0,0.0,0.0,0,0.13233275203758543,1,0,False,1
doc_00292,1,0.1,0.539911347385339,0.5661663760187927,-0.026255028633453747,-0.046373344913337396,0.5530388617020658,0.013127514316726874,0.013127514316726874,0.026255028633453747,-0.026255028633453747,1,0.079822694770678,1,0,False,1
doc_00292,2,0.2,0.5670785705544275,0.539911347385339,0.027167223169088484,0.050317933306371174,0.5577187646528531,0.012597251208689122,0.012597251208689122,0.027167223169088484,0.013583611584544242,0,0.13415714110885496,1,0,False,1
doc_00292,3,0.3,0.5634726860749731,0.5670785705544275,-0.0036058844794543132,-0.006358703479006222,0.559157245008383,0.01119043031839491,0.012047116291396506,0.027167223169088484,-0.0012019614931514377,1,0.12694537214994633,1,0,False,1
doc_00292,4,0.4,0.5750074708736631,0.5634726860749731,0.011534784798689968,0.020470885428429092,0.562327290181439,0.011848093946519178,0.004818034678898694,0.03509612348832414,0.002883696199672492,0,0.1500149417473262,1,0,False,1
doc_00292,5,0.5,0.5130946242847874,0.5750074708736631,-0.06191284658887575,-0.10767311682890958,0.5541218458653304,0.021298537287689108,0.026882875472078523,0.06191284658887575,-0.01238256931777515,1,0.026189248569574664,0,0,True,0
doc_00301,0,0.0,0.5810177212986114,0.5810177212986114,0.0,0.0,0.5810177212986114,0.0,0.0,0.0,0.0,0,0.1620354425972228,0,0,True,0
doc_00301,1,0.1,0.5659418012949051,0.5810177212986114,-0.015075920003706278,-0.025947435768414503,0.5734797612967583,0.007537960001853139,0.007537960001853139,0.015075920003706278,-0.015075920003706278,1,0.13188360258981024,0,0,True,0
doc_00301,2,0.2,0.5301834407899215,0.5659418012949051,-0.0357583605049836,-0.06318381222798274,0.559047654461146,0.021317879258705433,0.021317879258705433,0.05083428050868988,-0.0178791802524918,2,0.060366881579843046,0,0,True,0
doc_00301,3,0.3,0.5709086554575504,0.5301834407899215,0.040725214667628906,0.07681344141369696,0.5620129047102471,0.01916290972649874,0.01814103113571189,0.05083428050868988,0.013575071555876303,0,0.1418173109151009,0,0,True,0
doc_00301,4,0.4,0.5294242313048831,0.5709086554575504,-0.04148442415266729,-0.07266385569057437,0.5554951700291744,0.021533628325021967,0.01937947641777832,0.05159348999372826,-0.010371106038166822,1,0.05884846260976623,0,0,True,0
doc_00301,5,0.5,0.5866379928508263,0.5294242313048831,0.057213761545943154,0.10806789369071224,0.5606856404994497,0.022828035596918053,0.02413338861030952,0.057213761545943154,0.01144275230918863,0,0.1732759857016527,0,0,True,0
doc_00306,0,0.0,0.8501536383910356,0.8501536383910356,0.0,0.0,0.8501536383910356,0.0,0.0,0.0,0.0,0,0.7003072767820713,1,1,True,0
doc_00306,1,0.1,0.8413907343221653,0.8501536383910356,-0.00876290406887037,-0.010307435824723007,0.8457721863566005,0.004381452034435185,0.004381452034435185,0.00876290406887037,-0.00876290406887037,1,0.6827814686443305,1,1,True,0
doc_00306,2,0.2,0.8164251241662527,0.8413907343221653,-0.024965610155912588,-0.02967183870407747,0.8359898322931513,0.014289401083742753,0.014289401083742753,0.03372851422478296,-0.012482805077956294,2,0.6328502483325054,1,1,True,0
doc_00306,3,0.3,0.8010486856649139,0.8164251241662527,-0.01537643850133874,-0.018833862464780738,0.8272545456360919,0.019546251211985558,0.016623936695508584,0.0491049527261217,-0.005125479500446247,3,0.6020973713298279,1,1,True,0
doc_00306,4,0.4,0.7944116417796158,0.8010486856649139,-0.006637043885298177,-0.008285443823915734,0.8206859648647967,0.021868465025002438,0.009220018192965904,0.055741996611419875,-0.0016592609713245443,4,0.5888232835592315,1,1,True,0
doc_00306,5,0.5,0.7838683570006716,0.7944116417796158,-0.010543284778944173,-0.013271815548077116,0.8145496968874425,0.02422382557678096,0.007074012679257612,0.06628528139036405,-0.0021086569557888348,5,0.5677367140013432,1,1,True,0
doc_00309,0,0.0,0.5499534702959923,0.5499534702959923,0.0,0.0,0.5499534702959923,0.0,0.0,0.0,0.0,0,0.09990694059198457,0,1,False,1
doc_00309,1,0.1,0.5762575593277817,0.5499534702959923,0.02630408903178938,0.047829662785166475,0.563105514811887,0.01315204451589469,0.01315204451589469,0.02630408903178938,0.02630408903178938,0,0.1525151186555634,0,1,False,1
doc_00309,2,0.2,0.5496765877829839,0.5762575593277817,-0.02658097154479777,-0.04612689432795487,0.5586292058022526,0.012465640831161385,0.012465640831161385,0.02658097154479777,-0.013290485772398886,1,0.0993531755659679,0,1,False,1
doc_00309,3,0.3,0.5773138636068248,0.5496765877829839,0.0276372758238409,0.05027915766853124,0.5633003702533956,0.013490866650719883,0.012786637304269094,0.0276372758238409,0.009212425274613634,0,0.1546277272136496,0,1,False,1
doc_00309,4,0.4,0.5537783100406555,0.5773138636068248,-0.02353555356616932,-0.04076734519959151,0.5613959582108476,0.012653455152692986,0.012177234780561109,0.0276372758238409,-0.00588388839154233,1,0.1075566200813109,0,1,False,1
doc_00309,5,0.5,0.6124402235119571,0.5537783100406555,0.058661913471301674,0.10593031978264918,0.5699033357610326,0.022255388186338813,0.024103949731585948,0.06276363572897325,0.011732382694260335,0,0.22488044702391435,0,1,False,1
doc_00310,0,0.0,0.9271214884659092,0.9271214884659092,0.0,0.0,0.9271214884659092,0.0,0.0,0.0,0.0,0,0.8542429769318185,1,1,True,0
doc_00310,1,0.1,0.9003311953043128,0.9271214884659092,-0.026790293161596423,-0.028896205615863597,0.913726341885111,0.013395146580798212,0.013395146580798212,0.026790293161596423,-0.026790293161596423,1,0.8006623906086258,1,1,True,0
doc_00310,2,0.2,0.9003216025798332,0.9003311953043128,-9.592724479645653e-06,-1.0654661895174368e-05,0.9092580954500185,0.012631326943627728,0.012631326943627728,0.02679988588607607,-4.796362239822827e-06,2,0.8006432051596664,1,1,True,0
doc_00310,3,0.3,0.8937767930610433,0.9003216025798332,-0.006544809518789885,-0.007269412952034042,0.9053877698527747,0.012829695084204189,0.0030875163053853258,0.033344695404865954,-0.0021816031729299614,3,0.7875535861220866,1,1,True,0
doc_00310,4,0.4,0.8934964320408193,0.8937767930610433,-0.0002803610202239959,-0.000313681248383955,0.9030095022903837,0.012421975976317483,0.0031534123814180646,0.03362505642508995,-7.009025505599897e-05,4,0.7869928640816386,1,1,True,0
doc_00310,5,0.5,0.8856822697948739,0.8934964320408193,-0.007814162245945444,-0.008745599831996256,0.9001216302077987,0.013049403503240102,0.0037514595798639728,0.041439218671035394,-0.0015628324491890888,5,0.7713645395897477,1,1,True,0
doc_00325,0,0.0,0.7527008066805626,0.7527008066805626,0.0,0.0,0.7527008066805626,0.0,0.0,0.0,0.0,0,0.5054016133611253,0,0,True,0
doc_00325,1,0.1,0.7050616141977626,0.7527008066805626,-0.04763919248280002,-0.0632910076088407,0.7288812104391627,0.02381959624140001,0.02381959624140001,0.04763919248280002,-0.04763919248280002,1,0.4101232283955252,0,0,True,0
doc_00325,2,0.2,0.7256515397352288,0.7050616141977626,0.02058992553746619,0.029203015910735607,0.7278046535378513,0.019508119495714262,0.019508119495714262,0.04763919248280002,0.010294962768733096,0,0.4513030794704575,0,0,True,0
doc_00325,3,0.3,0.6691469213111307,0.7256515397352288,-0.05650461842409804,-0.0778674271740884,0.7131402204811712,0.030505111626018686,0.02334899974548614,0.08355388536943187,-0.01883487280803268,1,0.3382938426222614,0,0,True,0
doc_00325,4,0.4,0.6947099592123869,0.6691469213111307,0.025563037901256136,0.03820242922311853,0.7094541682274144,0.02826300396494315,0.023102722819917636,0.08355388536943187,0.006390759475314034,0,0.3894199184247737,0,0,True,0
doc_00325,5,0.5,0.6431855547279569,0.6947099592123869,-0.051524404484429964,-0.07416678543495288,0.6984093993108381,0.03571553018466201,0.021034959575489086,0.1095152519526057,-0.010304880896885993,1,0.2863711094559138,0,0,True,0
doc_00338,0,0.0,0.6092648930873622,0.6092648930873622,0.0,0.0,0.6092648930873622,0.0,0.0,0.0,0.0,0,0.2185297861747244,1,1,True,0
doc_00338,1,0.1,0.5959283893036047,0.6092648930873622,-0.013336503783757503,-0.021889499846571972,0.6025966411954835,0.0066682518918787514,0.0066682518918787514,0.013336503783757503,-0.013336503783757503,1,0.1918567786072094,1,1,True,0
doc_00338,2,0.2,0.5892265056808491,0.5959283893036047,-0.006701883622755589,-0.011246122425191617,0.5981399293572721,0.008328762393861676,0.008328762393861676,0.020038387406513092,-0.0033509418113777945,2,0.17845301136169822,1,1,True,0
doc_00338,3,0.3,0.5491120202345567,0.5892265056808491,-0.04011448544629237,-0.06807990655467921,0.5858829520765932,0.022421567483949092,0.020671664985683697,0.06015287285280546,-0.013371495148764123,3,0.09822404046911354,1,1,True,0
doc_00338,4,0.4,0.5607109557428435,0.5491120202345567,0.011598935508286723,0.021123077042334938,0.5808485528098433,0.022440188382855348,0.016855081119199276,0.06015287285280546,0.0028997338770716807,0,0.12142191148568698,1,1,True,0
doc_00338,5,0.5,0.589607191644884,0.5607109557428435,0.02889623590204049,0.051534994289095096,0.5823083259490167,0.020743426275271523,0.01702738533390501,0.06015287285280546,0.005779247180408098,0,0.17921438328976796,1,1,True,0
doc_00340,0,0.0,0.6408865053122752,0.6408865053122752,0.0,0.0,0.6408865053122752,0.0,0.0,0.0,0.0,0,0.2817730106245504,1,1,True,0
doc_00340,1,0.1,0.6416043328237768,0.6408865053122752,0.000717827511501623,0.0011200540275877052,0.641245419068026,0.0003589137557508115,0.0003589137557508115,0.000717827511501623,0.000717827511501623,0,0.28320866564755365,1,1,True,0
doc_00340,2,0.2,0.6456973581729891,0.6416043328237768,0.004093025349212298,0.006379360518340653,0.6427293987696804,0.002119025931701282,0.002119025931701282,0.004810852860713921,0.002046512674606149,0,0.29139471634597824,1,1,True,0
doc_00340,3,0.3,0.6162144779170365,0.6456973581729891,-0.02948288025595258,-0.04566052483066503,0.6361006685565194,0.011627032978840119,0.013041122211772425,0.02948288025595258,-0.009827626751984194,1,0.23242895583407314,1,1,True,0
doc_00340,4,0.4,0.61254047255856,0.6162144779170365,-0.0036740053584765064,-0.00596221849719531,0.6313886293569275,0.014034371036380307,0.014840326468441347,0.03315688561442909,-0.0009185013396191266,2,0.22508094511712012,1,1,True,0
doc_00340,5,0.5,0.5792195721843747,0.61254047255856,-0.033320900374185336,-0.0543978755150743,0.6226937864948353,0.0232838521434498,0.016641326627435803,0.06647778598861442,-0.0066641800748370675,3,0.1584391443687494,1,1,True,0
doc_00342,0,0.0,0.5805533922784595,0.5805533922784595,0.0,0.0,0.5805533922784595,0.0,0.0,0.0,0.0,0,0.16110678455691896,1,0,False,1
doc_00342,1,0.1,0.6204904735680004,0.5805533922784595,0.03993708128954088,0.06879140113677135,0.6005219329232299,0.01996854064477044,0.01996854064477044,0.03993708128954088,0.03993708128954088,0,0.24098094713600077,1,0,False,1
doc_00342,2,0.2,0.5623776848061014,0.6204904735680004,-0.05811278876189896,-0.09365621429726963,0.5878071835508537,0.024272579457608398,0.024272579457608398,0.05811278876189896,-0.02905639438094948,1,0.1247553696122028,1,0,False,1
doc_00342,3,0.3,0.6033492568674915,0.5623776848061014,0.04097157206139013,0.07285419241966624,0.5916927018800131,0.022071709113775873,0.024380290867011087,0.05811278876189896,0.013657190687130042,0,0.20669851373498305,1,0,False,1
doc_00342,4,0.4,0.5022874147292544,0.6033492568674915,-0.1010618421382371,-0.1675013949017467,0.5738116444498613,0.04084919991681661,0.04150368954343972,0.11820305883874593,-0.025265460534559275,1,0.0045748294585088445,1,0,False,1
doc_00342,5,0.5,0.5406413198464382,0.5022874147292544,0.03835390511718373,0.07635848319603518,0.5682832570159575,0.039285658319970156,0.04165573635240314,0.11820305883874593,0.007670781023436745,0,0.08128263969287636,0,0,True,0
doc_00343,0,0.0,0.643435770600267,0.643435770600267,0.0,0.0,0.643435770600267,0.0,0.0,0.0,0.0,0,0.28687154120053404,1,0,False,1
doc_00343,1,0.1,0.651713969502591,0.643435770600267,0.008278198902323952,0.01286561810917218,0.647574870051429,0.004139099451161976,0.004139099451161976,0.008278198902323952,0.008278198902323952,0,0.30342793900518195,1,0,False,1
doc_00343,2,0.2,0.6551752947162296,0.651713969502591,0.003461325213638622,0.005311110971398107,0.6501083449396958,0.004925283700461379,0.004925283700461379,0.011739524115962574,0.001730662606819311,0,0.3103505894324592,1,0,False,1
doc_00343,3,0.3,0.6579942879737407,0.6551752947162296,0.0028189932575111154,0.004302654999731151,0.6520798306982071,0.005463888993707732,0.002568395420394439,0.01455851737347369,0.0009396644191703718,0,0.3159885759474814,1,0,False,1
doc_00343,4,0.4,0.6388191019297255,0.6579942879737407,-0.019175186044015247,-0.029141873105105878,0.6494276849445108,0.007212404227707021,0.008453530000852241,0.019175186044015247,-0.004793796511003812,1,0.277638203859451,1,0,False,1
doc_00343,5,0.5,0.678228248676925,0.6388191019297255,0.03940914674719953,0.06169062044036187,0.6542277788999131,0.0125918024466975,0.016090652127185558,0.03940914674719953,0.007881829349439906,0,0.35645649735385,1,0,False,1
doc_00345,0,0.0,0.5103961374350363,0.5103961374350363,0.0,0.0,0.5103961374350363,0.0,0.0,0.0,0.0,0,0.020792274870072625,0,0,True,0
doc_00345,1,0.1,0.5377033716194349,0.5103961374350363,0.02730723418439862,0.05350203926234515,0.5240497545272356,0.01365361709219931,0.01365361709219931,0.02730723418439862,0.02730723418439862,0,0.07540674323886992,0,0,True,0
doc_00345,2,0.2,0.5467452326839147,0.5377033716194349,0.009041861064479795,0.01681570460911907,0.5316149139127954,0.015451346635750195,0.015451346635750195,0.036349095248878416,0.004520930532239897,0,0.09349046536782951,0,0,True,0
doc_00345,3,0.3,0.5943207179907315,0.5467452326839147,0.04757548530681677,0.08701582101278456,0.5472913649322794,0.030270636503754403,0.024834353365663687,0.08392458055569518,0.015858495102272257,0,0.188641435981463,0,0,True,0
doc_00345,4,0.4,0.5176701246222399,0.5943207179907315,-0.07665059336849156,-0.12897176734412097,0.5413671168702715,0.029553950799762113,0.0315948346248051,0.08392458055569518,-0.01916264834212289,1,0.03534024924447993,1,0,False,1
doc_00345,5,0.5,0.5473776178521571,0.5176701246222399,0.02970749322991717,0.05738691845815065,0.5423688670339191,0.02707177232556954,0.03155507226063953,0.08392458055569518,0.005941498645983434,0,0.09475523570431421,0,0,True,0
doc_00346,0,0.0,0.5984848211833209,0.5984848211833209,0.0,0.0,0.5984848211833209,0.0,0.0,0.0,0.0,0,0.19696964236664183,1,1,True,0
doc_00346,1,0.1,0.5266314843971117,0.5984848211833209,-0.0718533367862092,-0.1200587454233863,0.5625581527902164,0.0359266683931046,0.0359266683931046,0.0718533367862092,-0.0718533367862092,1,0.05326296879422343,1,1,True,0
doc_00346,2,0.2,0.5497030929497918,0.5266314843971117,0.02307160855268009,0.04380977825336913,0.5582731328434082,0.02995340481104758,0.02995340481104758,0.0718533367862092,0.011535804276340045,0,0.09940618589958361,1,1,True,0
doc_00346,3,0.3,0.5096739955948112,0.5497030929497918,-0.040029097354980614,-0.07281948722569176,0.546123348531259,0.03340294330333945,0.01640523013737714,0.08881082558850972,-0.013343032451660205,1,0.019347991189622382,1,1,True,0
doc_00346,4,0.4,0.5243709640535312,0.5096739955948112,0.014696968458720039,0.028836017897220855,0.5417728716357134,0.03111771029390803,0.016532951176187805,0.08881082558850972,0.0036742421146800097,0,0.048741928107062515,1,1,True,0
doc_00346,5,0.5,0.5243490796488397,0.5243709640535312,-2.188440469153008e-05,-4.173458523019206e-05,0.5388689063045677,0.02913917726192928,0.006923064934587074,0.08881082558850972,-4.376880938306016e-06,1,0.0486981592976794,1,1,True,0
doc_00353,0,0.0,0.5215226020893806,0.5215226020893806,0.0,0.0,0.5215226020893806,0.0,0.0,0.0,0.0,0,0.04304520417876123,1,0,False,1
doc_00353,1,0.1,0.5237419513185755,0.5215226020893806,0.002219349229194867,0.004255518783468767,0.522632276703978,0.0011096746145974334,0.0011096746145974334,0.002219349229194867,0.002219349229194867,0,0.047483902637150965,1,0,False,1
doc_00353,2,0.2,0.5196692762809149,0.5237419513185755,-0.0040726750376606224,-0.007776110024043777,0.5216446098962902,0.001664899380204136,0.001664899380204136,0.0040726750376606224,-0.0020363375188303112,1,0.039338552561829776,1,0,False,1
doc_00353,3,0.3,0.5037588635373951,0.5196692762809149,-0.015910412743519786,-0.030616419845685045,0.5171731733065665,0.007877826666499829,0.008622011320528552,0.01998308778118041,-0.005303470914506596,2,0.007517727074790093,0,0,True,0
doc_00353,4,0.4,0.5819134782758134,0.5037588635373951,0.07815461473841834,0.155142907441105,0.5301212343004159,0.02683760899170617,0.0337237564148636,0.07815461473841834,0.019538653684604584,0,0.16382695655162682,1,0,False,1
doc_00353,5,0.5,0.5318919487229534,0.5819134782758134,-0.05002152955285999,-0.08596042439345417,0.5304163533708388,0.024508158981348633,0.0323209043220846,0.07815461473841834,-0.010004305910571998,1,0.0637838974459069,0,0,True,0
doc_00359,0,0.0,0.7510016864614424,0.7510016864614424,0.0,0.0,0.7510016864614424,0.0,0.0,0.0,0.0,0,0.5020033729228848,0,0,True,0
doc_00359,1,0.1,0.6232843526258363,0.7510016864614424,-0.12771733383560613,-0.17006264584755143,0.6871430195436393,0.06385866691780306,0.06385866691780306,0.12771733383560613,-0.12771733383560613,1,0.24656870525167246,0,0,True,0
doc_00359,2,0.2,0.6160662974646709,0.6232843526258363,-0.00721805516116536,-0.011580677632538658,0.6634507788506498,0.06197793235059586,0.06197793235059586,0.1349353889967715,-0.00360902758058268,2,0.2321325949293418,0,0,True,0
doc_00359,3,0.3,0.6836751416443652,0.6160662974646709,0.06760884417969426,0.10974280602254724,0.6685068695490787,0.054384191023619105,0.030313369859050414,0.1349353889967715,0.02253628139323142,0,0.3673502832887304,0,0,True,0
doc_00359,4,0.4,0.557823768389672,0.6836751416443652,-0.1258513732546932,-0.18408066285984506,0.6463702493171973,0.06577409830470463,0.05142601606456749,0.19317791807177043,-0.0314628433136733,1,0.11564753677934397,0,0,True,0
doc_00359,5,0.5,0.7309496850457571,0.557823768389672,0.17312591665608512,0.3103595193798675,0.6604668219386239,0.06781415883269926,0.07306468490462704,0.19317791807177043,0.03462518333121702,0,0.4618993700915141,0,0,True,0
doc_00362,0,0.0,0.621216138184919,0.621216138184919,0.0,0.0,0.621216138184919,0.0,0.0,0.0,0.0,0,0.24243227636983816,0,1,False,1
doc_00362,1,0.1,0.621216138184919,0.621216138184919,0.0,0.0,0.621216138184919,0.0,0.0,0.0,0.0,0,0.24243227636983816,0,1,False,1
doc_00362,2,0.2,0.621216138184919,0.621216138184919,0.0,0.0,0.621216138184919,0.0,0.0,0.0,0.0,0,0.24243227636983816,0,1,False,1
doc_00362,3,0.3,0.621216138184919,0.621216138184919,0.0,0.0,0.621216138184919,0.0,0.0,0.0,0.0,0,0.24243227636983816,0,1,False,1
doc_00362,4,0.4,0.621216138184919,0.621216138184919,0.0,0.0,0.621216138184919,0.0,0.0,0.0,0.0,0,0.24243227636983816,0,1,False,1
doc_00362,5,0.5,0.621216138184919,0.621216138184919,0.0,0.0,0.621216138184919,0.0,0.0,0.0,0.0,0,0.24243227636983816,0,1,False,1
doc_00364,0,0.0,0.5272653873715868,0.5272653873715868,0.0,0.0,0.5272653873715868,0.0,0.0,0.0,0.0,0,0.05453077474317358,1,1,True,0
doc_00364,1,0.1,0.5122519181269255,0.5272653873715868,-0.015013469244661293,-0.02847421735665848,0.5197586527492561,0.007506734622330646,0.007506734622330646,0.015013469244661293,-0.015013469244661293,1,0.024503836253850997,1,1,True,0
doc_00364,2,0.2,0.5991360330209706,0.5122519181269255,0.08688411489404513,0.16961208307768022,0.5462177795064943,0.0379175177717537,0.0379175177717537,0.08688411489404513,0.043442057447022564,0,0.19827206604194125,0,1,False,1
doc_00364,3,0.3,0.5187877874760889,0.5991360330209706,-0.08034824554488174,-0.13410684905688092,0.5393602814988929,0.03491961414808607,0.03950725330199447,0.08688411489404513,-0.02678274851496058,1,0.03757557495217789,0,1,False,1
doc_00364,4,0.4,0.5582316276120811,0.5187877874760889,0.039443840135992225,0.07603077999944284,0.5431345507215306,0.03213228897014293,0.0328038403386438,0.08688411489404513,0.009860960033998056,0,0.11646325522416234,0,1,False,1
doc_00364,5,0.5,0.5467404847473121,0.5582316276120811,-0.011491142864769044,-0.020584901134900073,0.5437355397258274,0.02936340013747959,0.016563736071272258,0.08688411489404513,-0.0022982285729538088,1,0.0934809694946242,0,1,False,1
doc_00368,0,0.0,0.9124231514405006,0.9124231514405006,0.0,0.0,0.9124231514405006,0.0,0.0,0.0,0.0,0,0.8248463028810011,1,1,True,0
doc_00368,1,0.1,0.9068261010080038,0.9124231514405006,-0.0055970504324968084,-0.00613427051216356,0.9096246262242522,0.0027985252162484042,0.0027985252162484042,0.0055970504324968084,-0.0055970504324968084,1,0.8136522020160075,1,1,True,0
doc_00368,2,0.2,0.905626814335139,0.9068261010080038,-0.00119928667286473,-0.0013225100948590198,0.9082920222612145,0.002961896166634883,0.002961896166634883,0.0067963371053615385,-0.000599643336432365,2,0.8112536286702782,1,1,True,0
doc_00368,3,0.3,0.8931303213840496,0.905626814335139,-0.012496492951089455,-0.01379872233604709,0.9045015970419232,0.007048516986257569,0.006192961991991465,0.019292830056450994,-0.004165497650363152,3,0.7862606427680991,1,1,True,0
doc_00368,4,0.4,0.9011830585681524,0.8931303213840496,0.00805273718410282,0.009016307017349724,0.9038378893471691,0.0064426163148795955,0.005172103349804041,0.019292830056450994,0.002013184296025705,0,0.8023661171363049,1,1,True,0
doc_00368,5,0.5,0.8791793805139894,0.9011830585681524,-0.022003678054163034,-0.02441643553433378,0.8997281378749724,0.010910531913403914,0.009089903894048878,0.03324377092651121,-0.004400735610832607,1,0.7583587610279787,1,1,True,0
doc_00371,0,0.0,0.6404503712179113,0.6404503712179113,0.0,0.0,0.6404503712179113,0.0,0.0,0.0,0.0,0,0.2809007424358226,1,1,True,0
doc_00371,1,0.1,0.6533434495928961,0.6404503712179113,0.012893078374984879,0.020131268486060488,0.6468969104054036,0.006446539187492439,0.006446539187492439,0.012893078374984879,0.012893078374984879,0,0.30668689918579234,1,1,True,0
doc_00371,2,0.2,0.6577430150518063,0.6533434495928961,0.004399565458910182,0.006733924495074663,0.6505122786208712,0.0073380528523632445,0.0073380528523632445,0.01729264383389506,0.002199782729455091,0,0.31548603010361265,1,1,True,0
doc_00371,3,0.3,0.6123628335651963,0.6577430150518063,-0.04538018148661005,-0.06899378700819155,0.6409749173569526,0.0176994080235343,0.020434523994659063,0.04538018148661005,-0.01512672716220335,1,0.22472566713039255,1,1,True,0
doc_00371,4,0.4,0.6667056536736944,0.6123628335651963,0.05434282010849811,0.08874284513988619,0.6461210646203008,0.01888244057666043,0.0237880265403716,0.05434282010849811,0.013585705027124528,0,0.3334113073473888,1,1,True,0
doc_00371,5,0.5,0.6617110602480978,0.6667056536736944,-0.004994593425596605,-0.007491452034455235,0.6487193972249337,0.018190074126587557,0.02452512439107345,0.05434282010849811,-0.000998918685119321,1,0.32342212049619556,1,1,True,0
doc_00376,0,0.0,0.5895395867870191,0.5895395867870191,0.0,0.0,0.5895395867870191,0.0,0.0,0.0,0.0,0,0.17907917357403824,1,1,True,0
doc_00376,1,0.1,0.5924690108233496,0.5895395867870191,0.0029294240363304525,0.004969003103414589,0.5910042988051843,0.0014647120181652262,0.0014647120181652262,0.0029294240363304525,0.0029294240363304525,0,0.18493802164669915,1,1,True,0
doc_00376,2,0.2,0.5840523225580847,0.5924690108233496,-0.008416688265264871,-0.01420612405291589,0.5886869733894845,0.003488588305021917,0.003488588305021917,0.008416688265264871,-0.0042083441326324356,1,0.1681046451161694,1,1,True,0
doc_00376,3,0.3,0.5442264577540347,0.5840523225580847,-0.03982586480405004,-0.06818886470584887,0.577571844480622,0.019487584720876548,0.021040395210142226,0.04824255306931491,-0.01327528826801668,2,0.08845291550806939,1,1,True,0
doc_00376,4,0.4,0.5511283322636822,0.5442264577540347,0.006901874509647521,0.01268199002696567,0.5722831420372341,0.02038858162652479,0.01737726649020145,0.04824255306931491,0.0017254686274118802,0,0.10225666452736437,1,1,True,0
doc_00376,5,0.5,0.6180885198978175,0.5511283322636822,0.06696018763413536,0.12149654393397959,0.5799173716806646,0.025255082561622948,0.03331150422548006,0.07386206214378288,0.013392037526827072,0,0.23617703979563515,1,1,True,0
doc_00379,0,0.0,0.6512630241838301,0.6512630241838301,0.0,0.0,0.6512630241838301,0.0,0.0,0.0,0.0,0,0.30252604836766017,1,1,True,0
doc_00379,1,0.1,0.6223756613443574,0.6512630241838301,-0.028887362839472686,-0.04435590808440974,0.6368193427640938,0.014443681419736343,0.014443681419736343,0.028887362839472686,-0.028887362839472686,1,0.2447513226887148,1,1,True,0
doc_00379,2,0.2,0.6394776906621263,0.6223756613443574,0.01710202931776894,0.02747862806978641,0.6377054587301046,0.011859610377818628,0.011859610377818628,0.028887362839472686,0.00855101465888447,0,0.27895538132425274,1,1,True,0
doc_00379,3,0.3,0.5542230207739759,0.6394776906621263,-0.08525466988815045,-0.1333192246313961,0.6168348492410725,0.03757971247982464,0.03682635010912544,0.09704000340985419,-0.02841822329605015,1,0.10844604154795179,1,1,True,0
doc_00379,4,0.4,0.660040219646451,0.5542230207739759,0.1058171988724751,0.19092891292155406,0.6254759233221481,0.03779497952310047,0.04581175966591213,0.1058171988724751,0.026454299718118773,0,0.320080439292902,1,1,True,0
doc_00379,5,0.5,0.6133815625503427,0.660040219646451,-0.04665865709610828,-0.070690627187993,0.6234601965268473,0.034795107465362476,0.043300042243160426,0.1058171988724751,-0.009331731419221657,1,0.22676312510068541,1,1,True,0
doc_00384,0,0.0,0.6252357862578227,0.6252357862578227,0.0,0.0,0.6252357862578227,0.0,0.0,0.0,0.0,0,0.25047157251564545,1,1,True,0
doc_00384,1,0.1,0.6244613482478604,0.6252357862578227,-0.0007744380099623527,-0.0012386335315154287,0.6248485672528415,0.00038721900498117634,0.00038721900498117634,0.0007744380099623527,-0.0007744380099623527,1,0.2489226964957208,1,1,True,0
doc_00384,2,0.2,0.5592621735793065,0.6244613482478604,-0.06519917466855385,-0.10440866332478768,0.6029864360283299,0.030919338970846102,0.030919338970846102,0.0659736126785162,-0.032599587334276925,2,0.11852434715861304,1,1,True,0
doc_00384,3,0.3,0.5800591866991938,0.5592621735793065,0.020797013119887242,0.0371865184208424,0.5972546236960459,0.02855810147109103,0.027192727954288,0.0659736126785162,0.006932337706629081,0,0.16011837339838758,1,1,True,0
doc_00384,4,0.4,0.5725994064178961,0.5800591866991938,-0.007459780281297679,-0.012860377789630907,0.5923235802404159,0.027380885412121886,0.008602621411489455,0.0659736126785162,-0.0018649450703244197,1,0.14519881283579217,1,1,True,0
doc_00384,5,0.5,0.5661316945158961,0.5725994064178961,-0.006467711902000017,-0.011295352089973586,0.5879582659529959,0.026833571928330545,0.005690681052859127,0.0659736126785162,-0.0012935423804000036,2,0.1322633890317922,1,1,True,0
doc_00389,0,0.0,0.7320024486244523,0.7320024486244523,0.0,0.0,0.7320024486244523,0.0,0.0,0.0,0.0,0,0.4640048972489046,1,1,True,0
doc_00389,1,0.1,0.6916174509274855,0.7320024486244523,-0.040384997696966796,-0.055170577329155875,0.7118099497759689,0.020192498848483398,0.020192498848483398,0.040384997696966796,-0.040384997696966796,1,0.383234901854971,1,1,True,0
doc_00389,2,0.2,0.6650650899611641,0.6916174509274855,-0.02655236096632141,-0.03839168738543783,0.6962283298377007,0.027520872678119795,0.027520872678119795,0.0669373586632882,-0.013276180483160704,2,0.3301301799223282,1,1,True,0
doc_00389,3,0.3,0.6621537116984301,0.6650650899611641,-0.0029113782627340212,-0.004377583948819248,0.687709675302883,0.02803125487691673,0.013256511714928499,0.06984873692602223,-0.0009704594209113404,3,0.3243074233968602,1,1,True,0
doc_00389,4,0.4,0.5729186660256061,0.6621537116984301,-0.08923504567282392,-0.1347648500586597,0.6647514734474276,0.0523155534207856,0.04276854106535584,0.15908378259884615,-0.02230876141820598,4,0.14583733205121235,1,1,True,0
doc_00389,5,0.5,0.5461039494179456,0.5729186660256061,-0.02681471660766055,-0.04680370565280568,0.6449768861091806,0.06508406714979496,0.049608993056072526,0.1858984992065067,-0.00536294332153211,5,0.0922078988358912,1,1,True,0
doc_00395,0,0.0,0.6630502112056502,0.6630502112056502,0.0,0.0,0.6630502112056502,0.0,0.0,0.0,0.0,0,0.32610042241130044,1,1,True,0
doc_00395,1,0.1,0.6667114131437765,0.6630502112056502,0.003661201938126246,0.005521756687881811,0.6648808121747134,0.001830600969063123,0.001830600969063123,0.003661201938126246,0.003661201938126246,0,0.333422826287553,1,1,True,0
doc_00395,2,0.2,0.6404521684903081,0.6667114131437765,-0.026259244653468405,-0.03938622338808769,0.6567379309465783,0.011612368233754892,0.011612368233754892,0.026259244653468405,-0.013129622326734203,1,0.2809043369806162,1,1,True,0
doc_00395,3,0.3,0.6542008493305578,0.6404521684903081,0.013748680840249716,0.02146714698875717,0.6561036605425732,0.010116433108236827,0.0107242630492334,0.026259244653468405,0.004582893613416572,0,0.30840169866111555,1,1,True,0
doc_00395,4,0.4,0.6068665743461041,0.6542008493305578,-0.04733427498445364,-0.07235434657856328,0.6462562433032794,0.0216739539587429,0.019881739101134176,0.05984483879767233,-0.01183356874611341,1,0.21373314869220833,1,1,True,0
doc_00395,5,0.5,0.6415925910441215,0.6068665743461041,0.03472601669801734,0.057221831232729295,0.6454789679267531,0.019861714055594323,0.02001498883068593,0.05984483879767233,0.006945203339603467,0,0.28318518208824295,1,1,True,0
doc_00399,0,0.0,0.8925574289921038,0.8925574289921038,0.0,0.0,0.8925574289921038,0.0,0.0,0.0,0.0,0,0.7851148579842077,0,0,True,0
doc_00399,1,0.1,0.7978527580726302,0.8925574289921038,-0.09470467091947354,-0.10610484865541506,0.845205093532367,0.04735233545973677,0.04735233545973677,0.09470467091947354,-0.09470467091947354,1,0.5957055161452606,0,0,True,0
doc_00399,2,0.2,0.8148513265889535,0.7978527580726302,0.01699856851632331,0.02130539544337314,0.8350871712178959,0.04122588773555167,0.04122588773555167,0.09470467091947354,0.008499284258161655,0,0.6297026531779071,0,0,True,0
doc_00399,3,0.3,0.822731965580832,0.8148513265889535,0.007880638991878408,0.009671259939978898,0.8319983698086298,0.036101280408399404,0.010381772321186639,0.09470467091947354,0.0026268796639594694,0,0.6454639311616639,0,0,True,0
doc_00399,4,0.4,0.8275613344366716,0.822731965580832,0.004829368855839622,0.005869917613362921,0.8311109627342382,0.03233870626607421,0.005238443088839808,0.09470467091947354,0.0012073422139599055,0,0.6551226688733431,0,0,True,0
doc_00399,5,0.5,0.712683953126636,0.8275613344366716,-0.11487738131003555,-0.13881434104003132,0.8113731277996378,0.05309805936815245,0.05305207146999375,0.17987347586546776,-0.022975476262007112,1,0.42536790625327214,0,0,True,0
doc_00402,0,0.0,0.6652549147206027,0.6652549147206027,0.0,0.0,0.6652549147206027,0.0,0.0,0.0,0.0,0,0.33050982944120544,1,0,False,1
doc_00402,1,0.1,0.6717564267167843,0.6652549147206027,0.0065015119961815415,0.009772963494620826,0.6685056707186935,0.0032507559980907708,0.0032507559980907708,0.0065015119961815415,0.0065015119961815415,0,0.3435128534335686,1,0,False,1
doc_00402,2,0.2,0.7163608609906617,0.6717564267167843,0.04460443427387739,0.06639971349717036,0.6844574008093495,0.02271476015303043,0.02271476015303043,0.05110594627005893,0.022302217136938696,0,0.43272172198132336,1,0,False,1
doc_00402,3,0.3,0.698456733002373,0.7163608609906617,-0.017904127988288665,-0.024993168894694905,0.6879572338576054,0.02058438098909622,0.018327331477143695,0.05110594627005893,-0.005968042662762889,1,0.396913466004746,1,0,False,1
doc_00402,4,0.4,0.6496930757714114,0.698456733002373,-0.048763657230961543,-0.0698162891512936,0.6803044022403666,0.02394236244840203,0.02817218023275169,0.06666778521925021,-0.012190914307740386,2,0.29938615154282294,1,0,False,1
doc_00402,5,0.5,0.6463434601808997,0.6496930757714114,-0.003349615590511723,-0.005155689225307758,0.6746442452304554,0.02525636856767895,0.023816211554569786,0.07001740080976193,-0.0006699231181023446,3,0.29268692036179944,1,0,False,1
doc_00405,0,0.0,0.5149899466458303,0.5149899466458303,0.0,0.0,0.5149899466458303,0.0,0.0,0.0,0.0,0,0.02997989329166062,0,0,True,0
doc_00405,1,0.1,0.5029098329652464,0.5149899466458303,-0.012080113680583926,-0.023456989324282248,0.5089498898055383,0.006040056840291963,0.006040056840291963,0.012080113680583926,-0.012080113680583926,1,0.005819665930492768,0,0,True,0
doc_00405,2,0.2,0.5186860220211801,0.5029098329652464,0.015776189055933698,0.03136981626092786,0.5121952672107523,0.00673694837646723,0.00673694837646723,0.015776189055933698,0.007888094527966849,0,0.037372044042360164,0,0,True,0
doc_00405,3,0.3,0.5347802385455728,0.5186860220211801,0.01609421652439269,0.03102882252673371,0.5178415100444573,0.011387713970849807,0.013011254523668246,0.03187040558032639,0.00536473884146423,0,0.06956047709114555,0,0,True,0
doc_00405,4,0.4,0.5363279388565104,0.5347802385455728,0.0015477003109376497,0.002894086578716686,0.5215387958068679,0.012586648148780797,0.007976746840460878,0.03341810589126404,0.0003869250777344124,0,0.07265587771302084,0,0,True,0
doc_00405,5,0.5,0.5660325987138244,0.5363279388565104,0.029704659857313964,0.05538525537313314,0.5289544296246941,0.02017369287673348,0.014381593983581607,0.063122765748578,0.005940931971462793,0,0.13206519742764877,0,0,True,0
doc_00409,0,0.0,0.5918422812135724,0.5918422812135724,0.0,0.0,0.5918422812135724,0.0,0.0,0.0,0.0,0,0.18368456242714482,0,0,True,0
doc_00409,1,0.1,0.5861417615889694,0.5918422812135724,-0.005700519624603051,-0.009631822202553925,0.5889920214012709,0.0028502598123015255,0.0028502598123015255,0.005700519624603051,-0.005700519624603051,1,0.17228352317793877,0,0,True,0
doc_00409,2,0.2,0.6549219316153708,0.5861417615889694,0.06878017002640147,0.11734391666607337,0.6109686581393042,0.031166666680328498,0.031166666680328498,0.06878017002640147,0.03439008501320073,0,0.30984386323074165,0,0,True,0
doc_00409,3,0.3,0.5652983920826864,0.6549219316153708,-0.08962353953268443,-0.1368461418166699,0.5995510916251499,0.0334604738353695,0.038293510734853105,0.08962353953268443,-0.029874513177561474,1,0.1305967841653728,0,0,True,0
doc_00409,4,0.4,0.6402613400038457,0.5652983920826864,0.07496294792115932,0.13260775012109793,0.607693141300889,0.034071315488527536,0.03925239602849036,0.08962353953268443,0.01874073698028983,0,0.2805226800076914,0,0,True,0
doc_00409,5,0.5,0.5819687477736539,0.6402613400038457,-0.058292592230191786,-0.09104499770334666,0.6034057423796831,0.03254670075670905,0.03213750081690519,0.08962353953268443,-0.011658518446038357,1,0.1639374955473079,0,0,True,0
doc_00410,0,0.0,0.6018197169033467,0.6018197169033467,0.0,0.0,0.6018197169033467,0.0,0.0,0.0,0.0,0,0.20363943380669336,1,1,True,0
doc_00410,1,0.1,0.6497590227816131,0.6018197169033467,0.04793930587826645,0.07965725371202084,0.6257893698424799,0.023969652939133224,0.023969652939133224,0.04793930587826645,0.04793930587826645,0,0.29951804556322625,1,1,True,0
doc_00410,2,0.2,0.5934047960175898,0.6497590227816131,-0.05635422676402335,-0.08673096453939395,0.6149945119008499,0.024821108435663083,0.024821108435663083,0.05635422676402335,-0.028177113382011676,1,0.18680959203517955,1,1,True,0
doc_00410,3,0.3,0.6432177624299068,0.5934047960175898,0.04981296641231703,0.08394432728993391,0.622050324533114,0.024726889082253505,0.02516593505328272,0.05635422676402335,0.01660432213743901,0,0.2864355248598136,1,1,True,0
doc_00410,4,0.4,0.6373302564671629,0.6432177624299068,-0.0058875059627439,-0.009153207990560549,0.6251063109199239,0.022945401415846278,0.022224712034037405,0.05635422676402335,-0.001471876490685975,1,0.2746605129343258,1,1,True,0
doc_00410,5,0.5,0.5219691924128369,0.6373302564671629,-0.115361064054326,-0.18100672749132182,0.6079167911687428,0.04377374576341207,0.0558211962503611,0.12778983036877622,-0.0230722128108652,2,0.043938384825673804,1,1,True,0
doc_00418,0,0.0,0.6117784863412695,0.6117784863412695,0.0,0.0,0.6117784863412695,0.0,0.0,0.0,0.0,0,0.22355697268253905,1,1,True,0
doc_00418,1,0.1,0.583032577618304,0.6117784863412695,-0.028745908722965563,-0.04698744621583535,0.5974055319797867,0.014372954361482781,0.014372954361482781,0.028745908722965563,-0.028745908722965563,1,0.16606515523660798,1,1,True,0
doc_00418,2,0.2,0.6067167374494514,0.583032577618304,0.023684159831147467,0.040622360980063214,0.6005092671363417,0.012529467475871203,0.012529467475871203,0.028745908722965563,0.011842079915573733,0,0.21343347489890285,1,1,True,0
doc_00418,3,0.3,0.5755534738072076,0.6067167374494514,-0.031163263642243866,-0.051363777721461376,0.5942703188040581,0.015313853052070064,0.013283345552317652,0.03622501253406196,-0.010387754547414621,1,0.15110694761441518,1,1,True,0
doc_00418,4,0.4,0.5956428991942294,0.5755534738072076,0.020089425387021853,0.03490453329059601,0.5945448348820924,0.013708125785413326,0.012898595560583481,0.03622501253406196,0.005022356346755463,0,0.19128579838845883,1,1,True,0
doc_00418,5,0.5,0.5346963677828109,0.5956428991942294,-0.06094653141141848,-0.10232058754308228,0.5845700903655455,0.02557482293146604,0.025358250500801344,0.07708211855845859,-0.012189306282283697,1,0.06939273556562192,1,1,True,0
doc_00419,0,0.0,0.6879223332828679,0.6879223332828679,0.0,0.0,0.6879223332828679,0.0,0.0,0.0,0.0,0,0.3758446665657358,0,0,True,0
doc_00419,1,0.1,0.6838347135673601,0.6879223332828679,-0.004087619715507751,-0.005941978502138491,0.685878523425114,0.0020438098577538755,0.0020438098577538755,0.004087619715507751,-0.004087619715507751,1,0.36766942713472023,0,0,True,0
doc_00419,2,0.2,0.6911875241817704,0.6838347135673601,0.007352810614410288,0.010752321384875134,0.6876481903439995,0.0030080250160800085,0.0030080250160800085,0.007352810614410288,0.003676405307205144,0,0.3823750483635409,0,0,True,0
doc_00419,3,0.3,0.672051669015383,0.6911875241817704,-0.019135855166387383,-0.02768547535495589,0.6837490600118454,0.007238495210635635,0.007881658848196702,0.019135855166387383,-0.006378618388795794,1,0.34410333803076604,0,0,True,0
doc_00419,4,0.4,0.6602212486483343,0.672051669015383,-0.011830420367048733,-0.01760343871235582,0.6790434977391432,0.011423043182122252,0.012758657276195382,0.030966275533436116,-0.0029576050917621832,2,0.3204424972966686,0,0,True,0
doc_00419,5,0.5,0.6549640599716604,0.6602212486483343,-0.005257188676673907,-0.007962768068184578,0.6750302581112294,0.013757497029104275,0.007145964375275364,0.036223464210110023,-0.0010514377353347815,3,0.3099281199433209,0,0,True,0
doc_00426,0,0.0,0.5100753189001129,0.5100753189001129,0.0,0.0,0.5100753189001129,0.0,0.0,0.0,0.0,0,0.020150637800225912,1,1,True,0
doc_00426,1,0.1,0.515596822907886,0.5100753189001129,0.00552150400777307,0.010824879783791961,0.5128360709039994,0.002760752003886535,0.002760752003886535,0.00552150400777307,0.00552150400777307,0,0.031193645815771998,0,1,False,1
doc_00426,2,0.2,0.5272597488982991,0.515596822907886,0.011662925990413076,0.022620244098161785,0.517643963568766,0.007163297529988598,0.007163297529988598,0.017184429998186146,0.005831462995206538,0,0.05451949779659815,1,1,True,0
doc_00426,3,0.3,0.5718249940655723,0.5272597488982991,0.044565245167273226,0.084522373005699,0.5311892211929675,0.024267398623365632,0.02422966994596842,0.06174967516545937,0.01485508172242441,0,0.1436499881311446,1,1,True,0
doc_00426,4,0.4,0.5290710675739463,0.5718249940655723,-0.042753926491626015,-0.07476750218218572,0.5307655904691633,0.02172195112592021,0.020594606043048365,0.06174967516545937,-0.010688481622906504,1,0.05814213514789268,0,1,False,1
doc_00426,5,0.5,0.5018165194085186,0.5290710675739463,-0.027254548165427717,-0.051513964447920696,0.5259407452923891,0.02257428379439588,0.02881337488420634,0.07000847465705373,-0.0054509096330855435,2,0.003633038817037193,1,1,True,0
doc_00428,0,0.0,0.5550843223310399,0.5550843223310399,0.0,0.0,0.5550843223310399,0.0,0.0,0.0,0.0,0,0.11016864466207976,0,0,True,0
doc_00428,1,0.1,0.5221963232840146,0.5550843223310399,-0.03288799904702533,-0.059248654166477545,0.5386403228075272,0.016443999523512665,0.016443999523512665,0.03288799904702533,-0.03288799904702533,1,0.04439264656802916,0,0,True,0
doc_00428,2,0.2,0.5750500614446016,0.5221963232840146,0.05285373816058703,0.10121430543248136,0.5507769023532186,0.02179135623033398,0.02179135623033398,0.05285373816058703,0.026426869080293514,0,0.15010012288920316,0,0,True,0
doc_00428,3,0.3,0.5713015165522961,0.5750500614446016,-0.003748544892305472,-0.006518640973428701,0.555908055902988,0.020859856543656255,0.02408062668128978,0.05285373816058703,-0.001249514964101824,1,0.14260303310459221,0,0,True,0
doc_00428,4,0.4,0.6150779301947737,0.5713015165522961,0.04377641364247764,0.07662576130842533,0.5677420307613451,0.030137663078122878,0.01981205092554625,0.0928816069107592,0.01094410341061941,0,0.23015586038954755,0,0,True,0
doc_00428,5,0.5,0.625429462985434,0.6150779301947737,0.010351532790660256,0.01682962805604533,0.5773566027986933,0.034915597142473345,0.023460044538136333,0.10323313970141945,0.002070306558132051,0,0.250858925970868,0,0,True,0
doc_00429,0,0.0,0.6683623220309195,0.6683623220309195,0.0,0.0,0.6683623220309195,0.0,0.0,0.0,0.0,0,0.336724644061839,1,1,True,0
doc_00429,1,0.1,0.6470865239549254,0.6683623220309195,-0.021275798075994112,-0.031832731102112995,0.6577244229929224,0.010637899037997056,0.010637899037997056,0.021275798075994112,-0.021275798075994112,1,0.29417304790985077,1,1,True,0
doc_00429,2,0.2,0.6375754397138041,0.6470865239549254,-0.009511084241121237,-0.01469831914129579,0.6510080952332163,0.012870951057064246,0.012870951057064246,0.03078688231711535,-0.0047555421205606185,2,0.27515087942760835,1,1,True,0
doc_00429,3,0.3,0.5908091527683157,0.6375754397138041,-0.046766286945488456,-0.07335020145456196,0.6359583596169911,0.028350126316999645,0.02459604490740763,0.0775531692626038,-0.015588762315162819,3,0.18161830553663139,1,1,True,0
doc_00429,4,0.4,0.5844514652714785,0.5908091527683157,-0.006357687496837183,-0.01076098341917586,0.6256569807478887,0.03267196590612566,0.02368699231768842,0.08391085675944099,-0.0015894218742092958,4,0.16890293054295702,1,1,True,0
doc_00429,5,0.5,0.6813342852848784,0.5844514652714785,0.09688282001339987,0.1657670923425569,0.6349365315040536,0.03633315439086463,0.04424866679874536,0.09688282001339987,0.019376564002679973,0,0.36266857056975677,1,1,True,0
doc_00433,0,0.0,0.7827818761494616,0.7827818761494616,0.0,0.0,0.7827818761494616,0.0,0.0,0.0,0.0,0,0.5655637522989232,1,1,True,0
doc_00433,1,0.1,0.796747808166754,0.7827818761494616,0.013965932017292348,0.01784140952009694,0.7897648421581078,0.006982966008646174,0.006982966008646174,0.013965932017292348,0.013965932017292348,0,0.5934956163335079,1,1,True,0
doc_00433,2,0.2,0.7936759422667026,0.796747808166754,-0.0030718659000513737,-0.0038555059311922864,0.7910685421943061,0.005992256983310933,0.005992256983310933,0.013965932017292348,-0.0015359329500256869,1,0.5873518845334051,1,1,True,0
doc_00433,3,0.3,0.7567316566111951,0.7936759422667026,-0.03694428565550745,-0.04654832493724862,0.7824843207985284,0.015747918234824354,0.018183047623850947,0.04001615155555882,-0.012314761885169149,2,0.5134633132223904,1,1,True,0
doc_00433,4,0.4,0.7354571294784904,0.7567316566111951,-0.021274527132704724,-0.028113700473397094,0.7730788825345207,0.023499928058119724,0.02405298759402485,0.061290678688263545,-0.005318631783176181,3,0.4709142589569808,1,1,True,0
doc_00433,5,0.5,0.7672040597725855,0.7354571294784904,0.031746930294095144,0.043166255409892836,0.7720997454075316,0.021563836930872146,0.013208348857164487,0.061290678688263545,0.006349386058819029,0,0.5344081195451711,1,1,True,0
doc_00451,0,0.0,0.5999208935431906,0.5999208935431906,0.0,0.0,0.5999208935431906,0.0,0.0,0.0,0.0,0,0.19984178708638117,0,1,False,1
doc_00451,1,0.1,0.5256752974203294,0.5999208935431906,-0.07424559612286119,-0.12375897709506258,0.56279809548176,0.037122798061430595,0.037122798061430595,0.07424559612286119,-0.07424559612286119,1,0.05135059484065868,0,1,False,1
doc_00451,2,0.2,0.5417212066697309,0.5256752974203294,0.016045909249401524,0.0305243737496214,0.5557724658777503,0.031897550061699795,0.031897550061699795,0.07424559612286119,0.008022954624700762,0,0.08344241333946179,0,1,False,1
doc_00451,3,0.3,0.5521288270142426,0.5417212066697309,0.010407620344511703,0.019212133873239483,0.5548615561618734,0.027669108125948343,0.010881069151163237,0.07424559612286119,0.003469206781503901,0,0.10425765402848519,0,1,False,1
doc_00451,4,0.4,0.5458109059171798,0.5521288270142426,-0.006317921097062751,-0.01144283867811846,0.5530514261129347,0.02501139577801726,0.004281229420502545,0.07424559612286119,-0.0015794802742656877,1,0.09162181183435975,0,1,False,1
doc_00451,5,0.5,0.5250405640039959,0.5458109059171798,-0.020770341913183943,-0.03805409838464384,0.5483829490947781,0.025105410850700255,0.011571503422400198,0.07488032953919466,-0.004154068382636789,2,0.050081128007991915,0,1,False,1
doc_00455,0,0.0,0.6967010009877223,0.6967010009877223,0.0,0.0,0.6967010009877223,0.0,0.0,0.0,0.0,0,0.39340200197544456,1,1,True,0
doc_00455,1,0.1,0.6448804744739938,0.6967010009877223,-0.05182052651372848,-0.07437986516491556,0.670790737730858,0.02591026325686424,0.02591026325686424,0.05182052651372848,-0.05182052651372848,1,0.2897609489479876,1,1,True,0
doc_00455,2,0.2,0.6189393193047513,0.6448804744739938,-0.025941155169242447,-0.04022629959513308,0.6535069315888223,0.03232678565633983,0.03232678565633983,0.07776168168297093,-0.012970577584621223,2,0.23787863860950265,1,1,True,0
doc_00455,3,0.3,0.6235470125660856,0.6189393193047513,0.004607693261334256,0.0074444991901791505,0.6460169518331382,0.030855553687705595,0.011300398054353017,0.07776168168297093,0.0015358977537780853,0,0.24709402513217116,1,1,True,0
doc_00455,4,0.4,0.6701773506510939,0.6235470125660856,0.04663033808500827,0.07478239354096214,0.6508490315967294,0.02924120609801745,0.02314436606117134,0.07776168168297093,0.011657584521252068,0,0.34035470130218776,1,1,True,0
doc_00455,5,0.5,0.6058393680261676,0.6701773506510939,-0.0643379826249263,-0.09600142792414627,0.6433474210016357,0.03152635277548583,0.027136128261701385,0.0908616329615547,-0.012867596524985259,1,0.21167873605233517,1,1,True,0
doc_00457,0,0.0,0.7381210092781454,0.7381210092781454,0.0,0.0,0.7381210092781454,0.0,0.0,0.0,0.0,0,0.4762420185562908,1,1,True,0
doc_00457,1,0.1,0.7146783657861199,0.7381210092781454,-0.023442643492025517,-0.03175989193824945,0.7263996875321326,0.011721321746012758,0.011721321746012758,0.023442643492025517,-0.023442643492025517,1,0.42935673157223975,1,1,True,0
doc_00457,2,0.2,0.7020693438927754,0.7146783657861199,-0.012609021893344452,-0.017642932117407795,0.7182895729856802,0.014937899391442518,0.014937899391442518,0.03605166538536997,-0.006304510946672226,2,0.40413868778555084,1,1,True,0
doc_00457,3,0.3,0.7063495369428431,0.7020693438927754,0.00428019305006766,0.006096538877962116,0.7153045639749709,0.013931491845947117,0.0052353167743836625,0.03605166538536997,0.00142673101668922,0,0.41269907388568616,1,1,True,0
doc_00457,4,0.4,0.7042389000435295,0.7063495369428431,-0.002110636899313567,-0.002988091290395165,0.7130914311886827,0.013223501766246691,0.0017474366800757173,0.03605166538536997,-0.0005276592248283918,1,0.40847780008705903,1,1,True,0
doc_00457,5,0.5,0.668573290151094,0.7042389000435295,-0.0356656098924355,-0.05064419175116709,0.7056717410157511,0.02051771211530219,0.01733184397060082,0.06954771912705138,-0.0071331219784871005,2,0.337146580302188,1,1,True,0
doc_00460,0,0.0,0.8072265291549063,0.8072265291549063,0.0,0.0,0.8072265291549063,0.0,0.0,0.0,0.0,0,0.6144530583098127,1,1,True,0
doc_00460,1,0.1,0.7847311599287077,0.8072265291549063,-0.022495369226198658,-0.027867480086103326,0.795978844541807,0.011247684613099329,0.011247684613099329,0.022495369226198658,-0.022495369226198658,1,0.5694623198574154,1,1,True,0
doc_00460,2,0.2,0.8138784113697364,0.7847311599287077,0.0291472514410287,0.0371429770211708,0.8019453668177835,0.012471529533699845,0.012471529533699845,0.0291472514410287,0.01457362572051435,0,0.6277568227394728,1,1,True,0
doc_00460,3,0.3,0.7736980373669925,0.8138784113697364,-0.04018037400274388,-0.04936901316146394,0.7948835344550857,0.01631755850729502,0.016950104932578355,0.04018037400274388,-0.013393458000914626,1,0.547396074733985,1,1,True,0
doc_00460,4,0.4,0.7555353011487987,0.7736980373669925,-0.018162736218193754,-0.02347522591630735,0.7870138877938284,0.021464750797606656,0.024377279841379943,0.05834311022093763,-0.004540684054548438,2,0.5110706022975975,1,1,True,0
doc_00460,5,0.5,0.7871161875100963,0.7555353011487987,0.03158088636129752,0.04179935247668571,0.7870309377465396,0.019594584094605502,0.012941252401868266,0.05834311022093763,0.006316177272259504,0,0.5742323750201925,1,1,True,0
doc_00467,0,0.0,0.6245611326810184,0.6245611326810184,0.0,0.0,0.6245611326810184,0.0,0.0,0.0,0.0,0,0.24912226536203685,0,0,True,0
doc_00467,1,0.1,0.6260335819468885,0.6245611326810184,0.0014724492658700905,0.0023575742850814145,0.6252973573139535,0.0007362246329350453,0.0007362246329350453,0.0014724492658700905,0.0014724492658700905,0,0.25206716389377704,0,0,True,0
doc_00467,2,0.2,0.6646639192186827,0.6260335819468885,0.03863033727179421,0.06170649368626288,0.63841954461553,0.01856730864437279,0.01856730864437279,0.0401027865376643,0.019315168635897106,0,0.3293278384373655,0,0,True,0
doc_00467,3,0.3,0.6493914110126084,0.6646639192186827,-0.015272508206074287,-0.02297779037566419,0.6411625112147996,0.01676694098563232,0.015885495282386697,0.0401027865376643,-0.005090836068691429,1,0.29878282202521694,0,0,True,0
doc_00467,4,0.4,0.7052179304689541,0.6493914110126084,0.05582651945634565,0.08596744353192828,0.6539735950656305,0.02968837694695727,0.023557206045429734,0.08065679778793566,0.013956629864086412,0,0.4104358609379083,0,0,True,0
doc_00467,5,0.5,0.5248014702686505,0.7052179304689541,-0.18041646020030355,-0.255830789895445,0.6324449075994671,0.055244200523969396,0.07541688045671384,0.18041646020030355,-0.03608329204006071,1,0.04960294053730113,0,0,True,0
doc_00469,0,0.0,0.764712576094862,0.764712576094862,0.0,0.0,0.764712576094862,0.0,0.0,0.0,0.0,0,0.529425152189724,1,1,True,0
doc_00469,1,0.1,0.7024225734840864,0.764712576094862,-0.06229000261077555,-0.08145544425183944,0.7335675747894742,0.031145001305387776,0.031145001305387776,0.06229000261077555,-0.06229000261077555,1,0.4048451469681729,1,1,True,0
doc_00469,2,0.2,0.7552302050277051,0.7024225734840864,0.05280763154361867,0.07517929169287303,0.7407884515355511,0.027403579927431764,0.027403579927431764,0.06229000261077555,0.026403815771809336,0,0.5104604100554102,1,1,True,0
doc_00469,3,0.3,0.7050429638261319,0.7552302050277051,-0.05018724120157325,-0.06645290517708063,0.7318520796081963,0.02833360856476637,0.024299683523810588,0.06229000261077555,-0.016729080400524416,1,0.41008592765226376,1,1,True,0
doc_00469,4,0.4,0.7361611749997794,0.7050429638261319,0.031118211173647548,0.04413661687335341,0.7327138986865129,0.025400898171838802,0.020684750561917042,0.06229000261077555,0.007779552793411887,0,0.4723223499995588,1,1,True,0
doc_00469,5,0.5,0.7007479887835546,0.7361611749997794,-0.0354131862162248,-0.048105207689383256,0.7273862470360198,0.026068960799357607,0.015779324148493597,0.06396458731130739,-0.00708263724324496,1,0.4014959775671092,1,1,True,0
doc_00470,0,0.0,0.5358616901855615,0.5358616901855615,0.0,0.0,0.5358616901855615,0.0,0.0,0.0,0.0,0,0.07172338037112314,0,1,False,1
doc_00470,1,0.1,0.5016263166466887,0.5358616901855615,-0.03423537353887285,-0.06388845137822338,0.518744003416125,0.017117686769436424,0.017117686769436424,0.03423537353887285,-0.03423537353887285,1,0.0032526332933773827,1,1,True,0
doc_00470,2,0.2,0.5315930922874812,0.5016263166466887,0.02996677564079253,0.05973924143596932,0.5230270330399104,0.015232601629645277,0.015232601629645277,0.03423537353887285,0.014983387820396266,0,0.06318618457496239,1,1,True,0
doc_00470,3,0.3,0.5184932322001359,0.5315930922874812,-0.013099860087345316,-0.024642645432008396,0.5218935828299668,0.01333710022609367,0.012266063467509494,0.03423537353887285,-0.004366620029115105,1,0.0369864644002717,0,1,False,1
doc_00470,4,0.4,0.5193493484069751,0.5184932322001359,0.0008561162068392303,0.0016511617773802949,0.5213847359453684,0.011972397193568046,0.005983760741271755,0.03423537353887285,0.00021402905170980757,0,0.03869869681395022,0,1,False,1
doc_00470,5,0.5,0.5736120252374133,0.5193493484069751,0.05426267683043817,0.10448203506345133,0.5300892841607092,0.022322508303647844,0.025783828647796544,0.07198570859072462,0.010852535366087634,0,0.14722405047482656,0,1,False,1
doc_00471,0,0.0,0.52329297185377,0.52329297185377,0.0,0.0,0.52329297185377,0.0,0.0,0.0,0.0,0,0.04658594370753999,1,0,False,1
doc_00471,1,0.1,0.577804421646875,0.52329297185377,0.05451144979310496,0.10417003996823743,0.5505486967503225,0.02725572489655248,0.02725572489655248,0.05451144979310496,0.05451144979310496,0,0.15560884329374997,0,0,True,0
doc_00471,2,0.2,0.5094984329416777,0.577804421646875,-0.06830598870519722,-0.11821645204879101,0.5368652754807742,0.029491044884352342,0.029491044884352342,0.06830598870519722,-0.03415299435259861,1,0.01899686588335553,1,0,False,1
doc_00471,3,0.3,0.5437986102205338,0.5094984329416777,0.03430017727885604,0.06732145785182891,0.5385986091657141,0.025715844012363376,0.02788588943278852,0.06830598870519722,0.011433392426285346,0,0.08759722044106755,0,0,True,0
doc_00471,4,0.4,0.5470734046068222,0.5437986102205338,0.0032747943862884155,0.00602207200375217,0.5402935682539358,0.02324941401105723,0.016993805849550094,0.06830598870519722,0.0008186985965721039,0,0.09414680921364438,0,0,True,0
doc_00471,5,0.5,0.5012881607220252,0.5470734046068222,-0.04578524388479699,-0.083691225892625,0.5337926669986174,0.025724591908748005,0.02085439242948874,0.07651626092484975,-0.009157048776959397,1,0.0025763214440504,1,0,False,1
doc_00473,0,0.0,0.5641228927746469,0.5641228927746469,0.0,0.0,0.5641228927746469,0.0,0.0,0.0,0.0,0,0.12824578554929378,1,0,False,1
doc_00473,1,0.1,0.5987628230415359,0.5641228927746469,0.03463993026688905,0.06140493624804347,0.5814428579080915,0.017319965133444526,0.017319965133444526,0.03463993026688905,0.03463993026688905,0,0.19752564608307194,1,0,False,1
doc_00473,2,0.2,0.5817714654936246,0.5987628230415359,-0.016991357547911368,-0.028377442443070125,0.5815523937699358,0.014142540708534282,0.014142540708534282,0.03463993026688905,-0.008495678773955684,1,0.16354293098724915,1,0,False,1
doc_00473,3,0.3,0.5266162996392012,0.5817714654936246,-0.05515516585442337,-0.09480555359934166,0.5678183702372521,0.026755911504905545,0.030796679818869275,0.07214652340233474,-0.01838505528480779,2,0.053232599278402404,1,0,False,1
doc_00473,4,0.4,0.5688009209153191,0.5266162996392012,0.042184621276117884,0.08010504290319097,0.5680148803728655,0.023934441821364137,0.02354633639655189,0.07214652340233474,0.010546155319029471,0,0.13760184183063817,1,0,False,1
doc_00473,5,0.5,0.6176910956487243,0.5688009209153191,0.04889017473340518,0.0859530512973339,0.5762942495855087,0.02863775527539128,0.03721470725674733,0.09107479600952306,0.009778034946681035,0,0.23538219129744858,1,0,False,1
doc_00488,0,0.0,0.6431393656508293,0.6431393656508293,0.0,0.0,0.6431393656508293,0.0,0.0,0.0,0.0,0,0.2862787313016586,0,0,True,0
doc_00488,1,0.1,0.6752041798394031,0.6431393656508293,0.032064814188573765,0.04985671209244913,0.6591717727451162,0.016032407094286882,0.016032407094286882,0.032064814188573765,0.032064814188573765,0,0.3504083596788062,0,0,True,0
doc_00488,2,0.2,0.6788034503668191,0.6752041798394031,0.003599270527416043,0.005330640175053607,0.6657156652856838,0.01603133735291457,0.01603133735291457,0.03566408471598981,0.0017996352637080215,0,0.3576069007336382,0,0,True,0
doc_00488,3,0.3,0.6168287328711303,0.6788034503668191,-0.061974717495688836,-0.09129994472214051,0.6534939321820454,0.02531531380729709,0.02840483754915622,0.061974717495688836,-0.020658239165229613,1,0.2336574657422606,0,0,True,0
doc_00488,4,0.4,0.683154583195656,0.6168287328711303,0.06632585032452576,0.10752717373557039,0.6594260623847676,0.025562722184809136,0.030292860154087678,0.06632585032452576,0.01658146258113144,0,0.3663091663913121,0,0,True,0
doc_00488,5,0.5,0.5669217939304387,0.683154583195656,-0.1162327892652173,-0.1701412712793411,0.6440086843090461,0.04162957728462777,0.04760938548469632,0.1162327892652173,-0.02324655785304346,1,0.13384358786087752,0,0,True,0
doc_00489,0,0.0,0.5717326263370509,0.5717326263370509,0.0,0.0,0.5717326263370509,0.0,0.0,0.0,0.0,0,0.14346525267410182,0,0,True,0
doc_00489,1,0.1,0.5503822122371316,0.5717326263370509,-0.021350414099919335,-0.03734335442198942,0.5610574192870912,0.010675207049959667,0.010675207049959667,0.021350414099919335,-0.021350414099919335,1,0.10076442447426315,0,0,True,0
doc_00489,2,0.2,0.5931590870068686,0.5503822122371316,0.04277687476973702,0.07772212440489745,0.5717579751936837,0.01746359519476331,0.01746359519476331,0.04277687476973702,0.02138843738486851,0,0.18631817401373718,0,0,True,0
doc_00489,3,0.3,0.5035667948618427,0.5931590870068686,-0.08959229214502584,-0.15104260241062176,0.5547101801107235,0.033175515360228086,0.03658828460175002,0.08959229214502584,-0.02986409738167528,1,0.007133589723685552,1,0,False,1
doc_00489,4,0.4,0.5964260009012948,0.5035667948618427,0.09285920603945208,0.18440295703954962,0.5630533442688377,0.034042993525986436,0.04302490710748661,0.09285920603945208,0.02321480150986302,0,0.1928520018025897,0,0,True,0
doc_00489,5,0.5,0.6311940481844867,0.5964260009012948,0.03476804728319183,0.05829398321108027,0.5744101282547792,0.04013295262032578,0.0538726533893135,0.1276272533226439,0.0069536094566383655,0,0.26238809636897326,0,0,True,0
doc_00490,0,0.0,0.7719578984389549,0.7719578984389549,0.0,0.0,0.7719578984389549,0.0,0.0,0.0,0.0,0,0.5439157968779098,1,1,True,0
doc_00490,1,0.1,0.7682015519634918,0.7719578984389549,-0.0037563464754630793,-0.004865999147180337,0.7700797252012234,0.0018781732377315397,0.0018781732377315397,0.0037563464754630793,-0.0037563464754630793,1,0.5364031039269838,1,1,True,0
doc_00490,2,0.2,0.772268456819872,0.7682015519634918,0.004066904856380171,0.005294059672211451,0.7708093024074395,0.0018483115557036962,0.0018483115557036962,0.004066904856380171,0.0020334524281900856,0,0.544536913639744,1,1,True,0
doc_00490,3,0.3,0.7222936340993615,0.772268456819872,-0.04997482272051046,-0.06471172333815371,0.75868038533042,0.021068793987527083,0.022660684366631878,0.04997482272051046,-0.016658274240170152,1,0.44458726819872313,1,1,True,0
doc_00490,4,0.4,0.7360103127389219,0.7222936340993615,0.013716678639560387,0.018990446533097186,0.7541463708121204,0.020912781132113756,0.021082597328503365,0.04997482272051046,0.0034291696598900967,0,0.47202062547784385,1,1,True,0
doc_00490,5,0.5,0.6654370958334147,0.7360103127389219,-0.07057321690550722,-0.09588617942441928,0.7393614916490029,0.03817613047756009,0.03055303614823796,0.10683136098645729,-0.014114643381101443,1,0.3308741916668294,1,1,True,0
doc_00495,0,0.0,0.6215208755072603,0.6215208755072603,0.0,0.0,0.6215208755072603,0.0,0.0,0.0,0.0,0,0.24304175101452064,0,0,True,0
doc_00495,1,0.1,0.6115175529189358,0.6215208755072603,-0.010003322588324481,-0.016094910054566022,0.6165192142130981,0.005001661294162241,0.005001661294162241,0.010003322588324481,-0.010003322588324481,1,0.22303510583787173,0,0,True,0
doc_00495,2,0.2,0.6373043476977753,0.6115175529189358,0.025786794778839495,0.042168527552074786,0.6234475920413238,0.010615205248242453,0.010615205248242453,0.025786794778839495,0.012893397389419747,0,0.2746086953955506,0,0,True,0
doc_00495,3,0.3,0.5646661573243921,0.6373043476977753,-0.07263819037338326,-0.11397723965917457,0.6087522333620909,0.027062384170295422,0.03006718173033014,0.07263819037338326,-0.024212730124461086,1,0.1293323146487842,0,0,True,0
doc_00495,4,0.4,0.6224220124016406,0.5646661573243921,0.057755855077248563,0.10228318862054399,0.611486189170001,0.024815240619888077,0.031328952531148466,0.07263819037338326,0.014438963769312141,0,0.2448440248032812,0,0,True,0
doc_00495,5,0.5,0.6824404433469631,0.6224220124016406,0.06001843094532244,0.09642723064009077,0.6233118981994946,0.03481954110510884,0.04808410836691259,0.117774286022571,0.01200368618906449,0,0.36488088669392615,0,0,True,0
doc_00496,0,0.0,0.7972318230520222,0.7972318230520222,0.0,0.0,0.7972318230520222,0.0,0.0,0.0,0.0,0,0.5944636461040446,1,1,True,0
doc_00496,1,0.1,0.808638380634813,0.7972318230520222,0.011406557582790744,0.01430770480175178,0.8029351018434177,0.005703278791395373,0.005703278791395373,0.011406557582790744,0.011406557582790744,0,0.6172767612696259,1,1,True,0
doc_00496,2,0.2,0.756714459992865,0.808638380634813,-0.05192392064194795,-0.06421154608217536,0.7875282212265668,0.02228068371180239,0.02228068371180239,0.05192392064194795,-0.025961960320973976,1,0.5134289199857301,1,1,True,0
doc_00496,3,0.3,0.7554492832027022,0.756714459992865,-0.001265176790162803,-0.0016719342064306956,0.7795084867206007,0.023775409031972165,0.024780759321126198,0.053189097432110755,-0.00042172559672093435,2,0.5108985664054045,1,1,True,0
doc_00496,4,0.4,0.7815581473472643,0.7554492832027022,0.02610886414456204,0.034560710725509425,0.7799184188459334,0.021281170952266375,0.012020733295217247,0.053189097432110755,0.00652721603614051,0,0.5631162946945285,1,1,True,0
doc_00496,5,0.5,0.7860562129705195,0.7815581473472643,0.004498065623255276,0.005755253960978392,0.7809413845333645,0.019561164541968393,0.01349357678915091,0.053189097432110755,0.0008996131246510553,0,0.5721124259410392,1,1,True,0
doc_00497,0,0.0,0.6308200049695242,0.6308200049695242,0.0,0.0,0.6308200049695242,0.0,0.0,0.0,0.0,0,0.26164000993904835,0,0,True,0
doc_00497,1,0.1,0.597357509596999,0.6308200049695242,-0.033462495372525214,-0.05304602756556814,0.6140887572832616,0.016731247686262607,0.016731247686262607,0.033462495372525214,-0.033462495372525214,1,0.19471501919399786,0,0,True,0
doc_00497,2,0.2,0.5976527873014401,0.597357509596999,0.00029527770444115475,0.0004943065077399977,0.6086101006226544,0.015705236611897173,0.015705236611897173,0.033462495372525214,0.00014763885222057738,0,0.19530557460288023,0,0,True,0
doc_00497,3,0.3,0.5450902350842575,0.5976527873014401,-0.052562552217182645,-0.08794830934281496,0.5927301342380552,0.03068404862309995,0.024708921172314956,0.0857297698852667,-0.017520850739060883,1,0.09018047016851488,0,0,True,0
doc_00497,4,0.4,0.5646631881803611,0.5450902350842575,0.01957295309610363,0.035907730200079875,0.5871167450265163,0.02965213694971563,0.02169033588863386,0.0857297698852667,0.004893238274025907,0,0.1293263763607222,0,0,True,0
doc_00497,5,0.5,0.5587666989012148,0.5646631881803611,-0.005896489279146322,-0.010442489261869331,0.5823917373389661,0.029057463349501475,0.008198338187014235,0.0857297698852667,-0.0011792978558292644,1,0.11753339780242966,0,0,True,0
doc_00509,0,0.0,0.7607904936148224,0.7607904936148224,0.0,0.0,0.7607904936148224,0.0,0.0,0.0,0.0,0,0.521580987229645,1,1,True,0
doc_00509,1,0.1,0.7734339770843062,0.7607904936148224,0.01264348346948374,0.016618876780924868,0.7671122353495643,0.00632174173474187,0.00632174173474187,0.01264348346948374,0.01264348346948374,0,0.5468679541686123,1,1,True,0
doc_00509,2,0.2,0.7753462095913891,0.7734339770843062,0.001912232507082945,0.002472392684753371,0.7698568934301725,0.006458269246948546,0.006458269246948546,0.014555715976566685,0.0009561162535414724,0,0.5506924191827782,1,1,True,0
doc_00509,3,0.3,0.7229943664479036,0.7753462095913891,-0.05235184314348551,-0.06752060240427972,0.7581412616846053,0.0210487532372535,0.02424075181001601,0.05235184314348551,-0.017450614381161838,1,0.4459887328958072,1,1,True,0
doc_00509,4,0.4,0.718810159728268,0.7229943664479036,-0.004184206719635597,-0.005787329630509778,0.7502750412933378,0.024534663300118876,0.025721905926700064,0.05653604986312111,-0.0010460516799088992,2,0.437620319456536,1,1,True,0
doc_00509,5,0.5,0.6884228990090907,0.718810159728268,-0.0303872607191773,-0.04227438956993124,0.73996635091263,0.03213985437949266,0.0154059135859535,0.08692331058229841,-0.00607745214383546,3,0.3768457980181814,1,1,True,0
doc_00510,0,0.0,0.6716398714307461,0.6716398714307461,0.0,0.0,0.6716398714307461,0.0,0.0,0.0,0.0,0,0.3432797428614922,0,0,True,0
doc_00510,1,0.1,0.6615210735185267,0.6716398714307461,-0.010118797912219368,-0.015065808839883227,0.6665804724746365,0.005059398956109684,0.005059398956109684,0.010118797912219368,-0.010118797912219368,1,0.32304214703705353,0,0,True,0
doc_00510,2,0.2,0.7170333491714782,0.6615210735185267,0.05551227565295147,0.08391611072598246,0.6833980980402504,0.024139802633723104,0.024139802633723104,0.05551227565295147,0.027756137826475735,0,0.4340666983429564,0,0,True,0
doc_00510,3,0.3,0.6705781170702789,0.7170333491714782,-0.046455232101199284,-0.06478810526020531,0.6801931027977575,0.021630153418538998,0.024316732637890637,0.05551227565295147,-0.015485077367066427,1,0.34115623414055785,0,0,True,0
doc_00510,4,0.4,0.6582438788152715,0.6705781170702789,-0.012334238255007457,-0.018393439840976477,0.6758032580012603,0.021245559038937097,0.025312324287831055,0.05878947035620674,-0.0030835595637518642,2,0.316487757630543,0,0,True,0
doc_00510,5,0.5,0.6482950997636433,0.6582438788152715,-0.009948779051628165,-0.015114123156806712,0.6712185649616574,0.021937225600966836,0.009114362891351622,0.0687382494078349,-0.001989755810325633,3,0.2965901995272866,0,0,True,0
doc_00515,0,0.0,0.5938453530733008,0.5938453530733008,0.0,0.0,0.5938453530733008,0.0,0.0,0.0,0.0,0,0.18769070614660155,0,1,False,1
doc_00515,1,0.1,0.6084281579958728,0.5938453530733008,0.014582804922572024,0.02455656990006287,0.6011367555345868,0.007291402461286012,0.007291402461286012,0.014582804922572024,0.014582804922572024,0,0.2168563159917457,0,1,False,1
doc_00515,2,0.2,0.563086513697505,0.6084281579958728,-0.045341644298367845,-0.07452259351000552,0.5884533415888928,0.018899233102711136,0.018899233102711136,0.045341644298367845,-0.022670822149183922,1,0.12617302739500996,0,1,False,1
doc_00515,3,0.3,0.6022767191067238,0.563086513697505,0.0391902054092188,0.06959890612878739,0.5919091859683505,0.01742740198733156,0.02008199057227205,0.045341644298367845,0.013063401803072935,0,0.20455343821344757,0,1,False,1
doc_00515,4,0.4,0.538093669591577,0.6022767191067238,-0.06418304951514675,-0.1065673758905057,0.5811460826929957,0.026577227855557918,0.02641543803995383,0.07033448840429579,-0.016045762378786688,1,0.07618733918315412,0,1,False,1
doc_00515,5,0.5,0.6452974381271299,0.538093669591577,0.10720376853555291,0.19922882314694865,0.5918379752653514,0.034061811964415156,0.04404908133525718,0.10720376853555291,0.021440753707110582,0,0.2905948762542599,0,1,False,1
doc_00516,0,0.0,0.6109382183420766,0.6109382183420766,0.0,0.0,0.6109382183420766,0.0,0.0,0.0,0.0,0,0.22187643668415324,1,0,False,1
doc_00516,1,0.1,0.6147130715245515,0.6109382183420766,0.0037748531824748355,0.006178780552833608,0.612825644933314,0.0018874265912374177,0.0018874265912374177,0.0037748531824748355,0.0037748531824748355,0,0.22942614304910297,1,0,False,1
doc_00516,2,0.2,0.6499049890170079,0.6147130715245515,0.035191917492456426,0.05724933976949093,0.6251854262945453,0.017547173847083004,0.017547173847083004,0.03896677067493126,0.017595958746228213,0,0.29980997803401577,1,0,False,1
doc_00516,3,0.3,0.6297963324245455,0.6499049890170079,-0.020108656592462415,-0.030940917414524073,0.6263381528270453,0.015326898508537336,0.014415785661430439,0.03896677067493126,-0.006702885530820805,1,0.259592664849091,1,0,False,1
doc_00516,4,0.4,0.6085876148083221,0.6297963324245455,-0.021208717616223338,-0.03367551782109546,0.6227880452233007,0.015438397271267033,0.016869740116482252,0.04131737420868575,-0.0053021794040558345,2,0.21717522961664432,1,0,False,1
doc_00516,5,0.5,0.6186203203259814,0.6085876148083221,0.010032705517659224,0.01648522788426951,0.6220934244070807,0.014178595921770643,0.008662615266868337,0.04131737420868575,0.0020065411035318447,0,0.23724064065196276,1,0,False,1
doc_00519,0,0.0,0.550146714756159,0.550146714756159,0.0,0.0,0.550146714756159,0.0,0.0,0.0,0.0,0,0.10029342951231796,1,0,False,1
doc_00519,1,0.1,0.5269670529860958,0.550146714756159,-0.023179661770063142,-0.04213360027122409,0.5385568838711274,0.011589830885031571,0.011589830885031571,0.023179661770063142,-0.023179661770063142,1,0.053934105972191615,1,0,False,1
doc_00519,2,0.2,0.5554677000466819,0.5269670529860958,0.028500647060586082,0.05408430545910824,0.5441938225963122,0.012373342704327371,0.012373342704327371,0.028500647060586082,0.014250323530293041,0,0.11093540009336378,1,0,False,1
doc_00519,3,0.3,0.5228024593814945,0.5554677000466819,-0.03266524066518739,-0.05880673288913501,0.5388459817926078,0.014164141733417759,0.01451684336087717,0.03266524066518739,-0.010888413555062463,1,0.045604918762989,1,0,False,1
doc_00519,4,0.4,0.5214225204985431,0.5228024593814945,-0.0013799388829514037,-0.0026395034265599116,0.5353612895337949,0.014459275548588198,0.015733885687692243,0.03404517954813879,-0.0003449847207378509,2,0.04284504099708619,1,0,False,1
doc_00519,5,0.5,0.5673400964202261,0.5214225204985431,0.045917575921682996,0.08806212642633891,0.5406910906815334,0.017783684728720005,0.02132793974224108,0.045917575921682996,0.0091835151843366,0,0.13468019284045218,1,0,False,1
doc_00520,0,0.0,0.575298356724977,0.575298356724977,0.0,0.0,0.575298356724977,0.0,0.0,0.0,0.0,0,0.15059671344995396,0,1,False,1
doc_00520,1,0.1,0.5476540492069991,0.575298356724977,-0.027644307517977862,-0.048052123206729934,0.5614762029659881,0.013822153758988931,0.013822153758988931,0.027644307517977862,-0.027644307517977862,1,0.09530809841399823,0,1,False,1
doc_00520,2,0.2,0.592522589632886,0.5476540492069991,0.04486854042588684,0.08192861988486401,0.5718249985216207,0.018481425682632047,0.018481425682632047,0.04486854042588684,0.02243427021294342,0,0.18504517926577196,0,1,False,1
doc_00520,3,0.3,0.5458221376825558,0.592522589632886,-0.046700451950330124,-0.07881632323801309,0.5653242833118545,0.019569113831812774,0.021595971929320324,0.046700451950330124,-0.015566817316776707,1,0.0916442753651116,0,1,False,1
doc_00520,4,0.4,0.5872507164961189,0.5458221376825558,0.0414285788135631,0.07590124319519174,0.5697095699487074,0.019577618049175415,0.020883411814821586,0.046700451950330124,0.010357144703390775,0,0.17450143299223791,0,1,False,1
doc_00520,5,0.5,0.5262727470342264,0.5872507164961189,-0.06097796946189249,-0.10383634749008516,0.5624700994629606,0.02411332145591234,0.025422690164776666,0.06624984259865951,-0.012195593892378499,1,0.052545494068452936,0,1,False,1
doc_00525,0,0.0,0.5457170009601966,0.5457170009601966,0.0,0.0,0.5457170009601966,0.0,0.0,0.0,0.0,0,0.0914340019203933,0,0,True,0
doc_00525,1,0.1,0.5307805040991427,0.5457170009601966,-0.014936496861053916,-0.027370407802529414,0.5382487525296696,0.007468248430526958,0.007468248430526958,0.014936496861053916,-0.014936496861053916,1,0.061561008198285305,0,0,True,0
doc_00525,2,0.2,0.5539007055863233,0.5307805040991427,0.023120201487180636,0.043558874729999676,0.5434660702152209,0.009572040747787804,0.009572040747787804,0.023120201487180636,0.011560100743590318,0,0.10780141117264663,0,0,True,0
doc_00525,3,0.3,0.5264133489785621,0.5539007055863233,-0.02748735660776125,-0.049625061550815176,0.5392028899060561,0.011101445496120379,0.012060820563282487,0.02748735660776125,-0.009162452202587082,1,0.05282669795712419,1,0,False,1
doc_00525,4,0.4,0.5332291774347169,0.5264133489785621,0.006815828456154804,0.012947674046222516,0.5380081474117884,0.010212899303973514,0.011687231242060824,0.02748735660776125,0.001703957114038701,0,0.0664583548694338,0,0,True,0
doc_00525,5,0.5,0.5171965207665605,0.5332291774347169,-0.016032656668156342,-0.030067103126814956,0.5345395429709171,0.012127469260474172,0.006569724496779442,0.036704184819762786,-0.0032065313336312683,1,0.034393041533121116,0,0,True,0
doc_00533,0,0.0,0.5602185246955982,0.5602185246955982,0.0,0.0,0.5602185246955982,0.0,0.0,0.0,0.0,0,0.12043704939119637,1,1,True,0
doc_00533,1,0.1,0.600268831815744,0.5602185246955982,0.04005030712014579,0.0714905083545883,0.580243678255671,0.020025153560072895,0.020025153560072895,0.04005030712014579,0.04005030712014579,0,0.20053766363148795,1,1,True,0
doc_00533,2,0.2,0.5549654468169263,0.600268831815744,-0.0453033849988177,-0.07547182628453351,0.5718176011094228,0.02023203900299526,0.02023203900299526,0.0453033849988177,-0.02265169249940885,1,0.10993089363385256,1,1,True,0
doc_00533,3,0.3,0.567511136336359,0.5549654468169263,0.01254568951943269,0.02260625340080191,0.5707409849161569,0.01762041029450928,0.019098742340761674,0.0453033849988177,0.004181896506477563,0,0.135022272672718,1,1,True,0
doc_00533,4,0.4,0.5885668078728279,0.567511136336359,0.021055671536468923,0.03710177684335239,0.574306149507491,0.017298112076486603,0.013863569743030081,0.0453033849988177,0.005263917884117231,0,0.17713361574565578,1,1,True,0
doc_00533,5,0.5,0.5524691509965026,0.5885668078728279,-0.03609765687632527,-0.06133145191586291,0.5706666497556597,0.01776467543732451,0.014804817004299024,0.04779968081924135,-0.007219531375265054,1,0.10493830199300525,1,1,True,0
doc_00536,0,0.0,0.5104305489708448,0.5104305489708448,0.0,0.0,0.5104305489708448,0.0,0.0,0.0,0.0,0,0.02086109794168972,1,0,False,1
doc_00536,1,0.1,0.5209366564546212,0.5104305489708448,0.010506107483776339,0.020582834442333574,0.515683602712733,0.0052530537418881695,0.0052530537418881695,0.010506107483776339,0.010506107483776339,0,0.0418733129092424,0,0,True,0
doc_00536,2,0.2,0.5061754445660065,0.5209366564546212,-0.014761211888614678,-0.028335905538067137,0.5125142166638241,0.0062037406670609726,0.0062037406670609726,0.014761211888614678,-0.007380605944307339,1,0.012350889132012988,0,0,True,0
doc_00536,3,0.3,0.516562014631077,0.5061754445660065,0.010386570065070488,0.020519703546614962,0.5135261661556374,0.005651276317793406,0.006190599551124985,0.014761211888614678,0.0034621900216901627,0,0.03312402926215391,0,0,True,0
doc_00536,4,0.4,0.5949610229553883,0.516562014631077,0.07839900832431135,0.1517707576316913,0.5298131375155876,0.032963787457381065,0.03963326923724719,0.08878557838938184,0.019599752081077837,0,0.18992204591077672,0,0,True,0
doc_00536,5,0.5,0.5056057964100493,0.5949610229553883,-0.089355226545339,-0.15018668971200672,0.5257785806646645,0.03141492715036613,0.039792237845689166,0.089355226545339,-0.0178710453090678,1,0.011211592820098648,0,0,True,0
doc_00544,0,0.0,0.7290844387102164,0.7290844387102164,0.0,0.0,0.7290844387102164,0.0,0.0,0.0,0.0,0,0.45816887742043294,1,1,True,0
doc_00544,1,0.1,0.7162183410791026,0.7290844387102164,-0.012866097631113793,-0.017646923933631754,0.7226513898946596,0.006433048815556897,0.006433048815556897,0.012866097631113793,-0.012866097631113793,1,0.43243668215820535,1,1,True,0
doc_00544,2,0.2,0.6967098110247167,0.7162183410791026,-0.01950853005438591,-0.027238244171453426,0.7140041969380121,0.013309293874377801,0.013309293874377801,0.0323746276854997,-0.009754265027192954,2,0.39341962204943354,1,1,True,0
doc_00544,3,0.3,0.6587581349445172,0.6967098110247167,-0.03795167608019956,-0.05447271658824562,0.7001926814396383,0.02655422487404524,0.023857418485681237,0.07032630376569926,-0.012650558693399852,3,0.31751626988903436,1,1,True,0
doc_00544,4,0.4,0.6550113554512,0.6587581349445172,-0.0037467794933171428,-0.005687640568769157,0.6911564162419507,0.029844896411628803,0.01883592687476804,0.0740730832590164,-0.0009366948733292857,4,0.31002271090240013,1,1,True,0
doc_00544,5,0.5,0.5259175134164711,0.6550113554512,-0.12909384203472896,-0.197086418365684,0.6636165991043708,0.06733849202381019,0.06175749089590192,0.20316692529374536,-0.025818768406945792,5,0.051835026832942166,1,1,True,0
doc_00545,0,0.0,0.5106456643893651,0.5106456643893651,0.0,0.0,0.5106456643893651,0.0,0.0,0.0,0.0,0,0.02129132877873019,1,0,False,1
doc_00545,1,0.1,0.5338752620418596,0.5106456643893651,0.02322959765249455,0.04549063915048162,0.5222604632156124,0.011614798826247275,0.011614798826247275,0.02322959765249455,0.02322959765249455,0,0.06775052408371934,0,0,True,0
doc_00545,2,0.2,0.5114170434531494,0.5338752620418596,-0.02245821858871022,-0.04206641548217931,0.518645989961458,0.010773325159522036,0.010773325159522036,0.02322959765249455,-0.01122910929435511,1,0.022834086906298845,0,0,True,0
doc_00545,3,0.3,0.5218729264972619,0.5114170434531494,0.01045588304411249,0.020444924896348995,0.519452724095409,0.009434026771916524,0.009175772028890736,0.02322959765249455,0.0034852943480374967,0,0.043745852994523826,0,0,True,0
doc_00545,4,0.4,0.5258244309600246,0.5218729264972619,0.003951504462762712,0.007571775162365017,0.5207270654683321,0.00881456026387956,0.0060783101866359055,0.02322959765249455,0.000987876115690678,0,0.051648861920049305,0,0,True,0
doc_00545,5,0.5,0.5286086737315993,0.5258244309600246,0.00278424277157463,0.005295004582596695,0.5220406668455433,0.008565909375485247,0.0027635863602528898,0.02322959765249455,0.000556848554314926,0,0.057217347463198565,1,0,False,1
doc_00547,0,0.0,0.7036889901079959,0.7036889901079959,0.0,0.0,0.7036889901079959,0.0,0.0,0.0,0.0,0,0.4073779802159918,0,0,True,0
doc_00547,1,0.1,0.660319962565097,0.7036889901079959,-0.04336902754289895,-0.061630959347883305,0.6820044763365465,0.021684513771449476,0.021684513771449476,0.04336902754289895,-0.04336902754289895,1,0.32063992513019396,0,0,True,0
doc_00547,2,0.2,0.6804524473422455,0.660319962565097,0.020132484777148574,0.0304889840054833,0.6814871333384461,0.01772044146999414,0.01772044146999414,0.04336902754289895,0.010066242388574287,0,0.36090489468449105,0,0,True,0
doc_00547,3,0.3,0.6911946899881722,0.6804524473422455,0.010742242645926714,0.01578691161724004,0.6839140225008776,0.015911628057455305,0.012797402140084192,0.04336902754289895,0.003580747548642238,0,0.38238937997634453,0,0,True,0
doc_00547,4,0.4,0.6840246607656641,0.6911946899881722,-0.00717002922250809,-0.01037338585837629,0.6839361501538349,0.014231861595839832,0.004466738865810004,0.04336902754289895,-0.0017925073056270224,1,0.36804932153132836,0,0,True,0
doc_00547,5,0.5,0.6457589416370667,0.6840246607656641,-0.03826571912859744,-0.05594201689419303,0.6775732820677068,0.019267036317934774,0.019944594945067524,0.057930048470929196,-0.007653143825719489,2,0.2915178832741334,0,0,True,0
doc_00549,0,0.0,0.523404109473611,0.523404109473611,0.0,0.0,0.523404109473611,0.0,0.0,0.0,0.0,0,0.04680821894722215,0,0,True,0
doc_00549,1,0.1,0.5191165592709608,0.523404109473611,-0.004287550202650259,-0.00819166323887342,0.5212603343722859,0.0021437751013251294,0.0021437751013251294,0.004287550202650259,-0.004287550202650259,1,0.038233118541921574,1,0,False,1
doc_00549,2,0.2,0.5507519504702639,0.5191165592709608,0.03163539119930314,0.06094082462661448,0.5310908730716118,0.014012238580181736,0.014012238580181736,0.03163539119930314,0.01581769559965157,0,0.10150390094052791,1,0,False,1
doc_00549,3,0.3,0.5197735729676671,0.5507519504702639,-0.0309783775025968,-0.056247422230907514,0.5282615480456256,0.013087106740183848,0.014760644054090449,0.03163539119930314,-0.010326125834198932,1,0.039547145935334205,0,0,True,0
doc_00549,4,0.4,0.5116272383389935,0.5197735729676671,-0.008146334628673646,-0.015672852665751812,0.5249346861042993,0.013464394964860392,0.016854823707606686,0.039124712131270445,-0.0020365836571684115,2,0.02325447667798697,0,0,True,0
doc_00549,5,0.5,0.5058250392284338,0.5116272383389935,-0.00580219911055968,-0.011340676718848313,0.5217497449583216,0.014205428316603826,0.005721206903320676,0.044926911241830125,-0.0011604398221119361,3,0.011650078456867607,0,0,True,0
doc_00552,0,0.0,0.8469748130926014,0.8469748130926014,0.0,0.0,0.8469748130926014,0.0,0.0,0.0,0.0,0,0.6939496261852027,1,1,True,0
doc_00552,1,0.1,0.8144622289468796,0.8469748130926014,-0.03251258414572178,-0.03838671899463806,0.8307185210197405,0.01625629207286089,0.01625629207286089,0.03251258414572178,-0.03251258414572178,1,0.6289244578937592,1,1,True,0
doc_00552,2,0.2,0.824156803478162,0.8144622289468796,0.009694574531282418,0.01190303759551594,0.8285312818392144,0.013628868323199008,0.013628868323199008,0.03251258414572178,0.004847287265641209,0,0.648313606956324,1,1,True,0
doc_00552,3,0.3,0.8083151307407035,0.824156803478162,-0.015841672737458512,-0.019221673194472724,0.8234772440645867,0.014694877757586633,0.006521163723853276,0.03865968235189787,-0.005280557579152838,1,0.616630261481407,1,1,True,0
doc_00552,4,0.4,0.7529730229788609,0.8083151307407035,-0.05534210776184256,-0.06846600497398775,0.8093763998474415,0.03111409289041082,0.030515639146758845,0.09400179011374044,-0.01383552694046064,2,0.505946045957722,1,1,True,0
doc_00552,5,0.5,0.7838797125365058,0.7529730229788609,0.030906689557644862,0.04104621097230537,0.8051269519622856,0.029950425989806493,0.022644749241147535,0.09400179011374044,0.006181337911528972,0,0.5677594250730116,1,1,True,0
doc_00553,0,0.0,0.8693567739714965,0.8693567739714965,0.0,0.0,0.8693567739714965,0.0,0.0,0.0,0.0,0,0.7387135479429929,1,1,True,0
doc_00553,1,0.1,0.871630568825037,0.8693567739714965,0.0022737948535405117,0.0026154910407531515,0.8704936713982667,0.0011368974267702558,0.0011368974267702558,0.0022737948535405117,0.0022737948535405117,0,0.743261137650074,1,1,True,0
doc_00553,2,0.2,0.8641424261932928,0.871630568825037,-0.007488142631744132,-0.008590959174181088,0.8683765896632755,0.003134606937283424,0.003134606937283424,0.007488142631744132,-0.003744071315872066,1,0.7282848523865857,1,1,True,0
doc_00553,3,0.3,0.8252223463906613,0.8641424261932928,-0.03892007980263157,-0.04503896420649281,0.8575880288451219,0.018882490674416927,0.020343079635304444,0.0464082224343757,-0.012973359934210523,2,0.6504446927813226,1,1,True,0
doc_00553,4,0.4,0.814355034799231,0.8252223463906613,-0.010867311591430284,-0.013168949724836567,0.8489414300359437,0.024172162648862842,0.021374063760896834,0.057275534025805985,-0.002716827897857571,3,0.628710069598462,1,1,True,0
doc_00553,5,0.5,0.7970735214519351,0.814355034799231,-0.017281513347295885,-0.021221104565966643,0.8402967786052756,0.02933532337855951,0.011590731499440276,0.07455704737310187,-0.003456302669459177,4,0.5941470429038702,1,1,True,0
doc_00554,0,0.0,0.8573104149012434,0.8573104149012434,0.0,0.0,0.8573104149012434,0.0,0.0,0.0,0.0,0,0.7146208298024868,1,1,True,0
doc_00554,1,0.1,0.8617943671208573,0.8573104149012434,0.004483952219613951,0.0052302551580811875,0.8595523910110503,0.0022419761098069757,0.0022419761098069757,0.004483952219613951,0.004483952219613951,0,0.7235887342417148,1,1,True,0
doc_00554,2,0.2,0.8574824040482079,0.8617943671208573,-0.004311963072649472,-0.005003470940585488,0.8588623953567694,0.00207440576000687,0.00207440576000687,0.004483952219613951,-0.002155981536324736,1,0.7149648080964157,1,1,True,0
doc_00554,3,0.3,0.8383038414184348,0.8574824040482079,-0.01917856262977302,-0.022366129659606167,0.8537227568721858,0.009081575892955081,0.010210098964914812,0.023490525702422493,-0.006392854209924341,2,0.6766076828368697,1,1,True,0
doc_00554,4,0.4,0.8201588289602726,0.8383038414184348,-0.018145012458162246,-0.021644911500656314,0.8470099712898032,0.015691589392403175,0.015239232989577817,0.04163553816058474,-0.004536253114540562,3,0.6403176579205452,1,1,True,0
doc_00554,5,0.5,0.7876381170790521,0.8201588289602726,-0.03252071188122052,-0.039651724437871995,0.837114662254678,0.02635856633467826,0.020959892390527795,0.07415625004180526,-0.0065041423762441045,4,0.5752762341581041,1,1,True,0
doc_00556,0,0.0,0.8323722349063933,0.8323722349063933,0.0,0.0,0.8323722349063933,0.0,0.0,0.0,0.0,0,0.6647444698127867,1,1,True,0
doc_00556,1,0.1,0.8357755386930339,0.8323722349063933,0.0034033037866405547,0.004088680092775178,0.8340738867997136,0.0017016518933202773,0.0017016518933202773,0.0034033037866405547,0.0034033037866405547,0,0.6715510773860678,1,1,True,0
doc_00556,2,0.2,0.8215397996811988,0.8357755386930339,-0.014235739011835058,-0.01703296920378475,0.8298958577602087,0.0060697830346111425,0.0060697830346111425,0.014235739011835058,-0.007117869505917529,1,0.6430795993623977,1,1,True,0
doc_00556,3,0.3,0.7990537615047989,0.8215397996811988,-0.022486038176399936,-0.02737060113840585,0.8221853336963563,0.014352290534377532,0.015117198072048692,0.036721777188234994,-0.007495346058799979,2,0.5981075230095978,1,1,True,0
doc_00556,4,0.4,0.7735289738977322,0.7990537615047989,-0.025524787607066668,-0.0319437675369899,0.8124540617366314,0.023314828128962288,0.0196134196906856,0.06224656479530166,-0.006381196901766667,3,0.5470579477954646,1,1,True,0
doc_00556,5,0.5,0.7814579186449314,0.7735289738977322,0.007928944747199185,0.010250352623827463,0.8072880378880147,0.024216179596671664,0.010666649130918665,0.06224656479530166,0.001585788949439837,0,0.5629158372898629,1,1,True,0
doc_00559,0,0.0,0.7283400013424274,0.7283400013424274,0.0,0.0,0.7283400013424274,0.0,0.0,0.0,0.0,0,0.45668000268485476,1,1,True,0
doc_00559,1,0.1,0.7187531874722596,0.7283400013424274,-0.009586813870167799,-0.013162553000656324,0.7235465944073435,0.004793406935083899,0.004793406935083899,0.009586813870167799,-0.009586813870167799,1,0.43750637494451916,1,1,True,0
doc_00559,2,0.2,0.7590354420611863,0.7187531874722596,0.04028225458892676,0.056044627406235274,0.7353762102919578,0.017181311280533205,0.017181311280533205,0.04028225458892676,0.02014112729446338,0,0.5180708841223727,1,1,True,0
doc_00559,3,0.3,0.6702954156924065,0.7590354420611863,-0.08874002636877987,-0.11691157151740283,0.71910601164207,0.03186779228797263,0.0362791767035202,0.08874002636877987,-0.029580008789593288,1,0.340590831384813,1,1,True,0
doc_00559,4,0.4,0.7011065090239844,0.6702954156924065,0.030811093331577943,0.045966438991307264,0.7155061111184529,0.029398674857334117,0.03678749339871966,0.08874002636877987,0.007702773332894486,0,0.40221301804796883,1,1,True,0
doc_00559,5,0.5,0.6912536642300929,0.7011065090239844,-0.00985284479389148,-0.014053278163980675,0.7114640366370596,0.028318313862911452,0.012848044401936376,0.08874002636877987,-0.001970568958778296,1,0.3825073284601859,1,1,True,0
doc_00564,0,0.0,0.6670918345248276,0.6670918345248276,0.0,0.0,0.6670918345248276,0.0,0.0,0.0,0.0,0,0.3341836690496552,0,0,True,0
doc_00564,1,0.1,0.657344911231271,0.6670918345248276,-0.00974692329355653,-0.014611066706429268,0.6622183728780493,0.004873461646778265,0.004873461646778265,0.00974692329355653,-0.00974692329355653,1,0.3146898224625421,0,0,True,0
doc_00564,2,0.2,0.6443561657727173,0.657344911231271,-0.012988745458553774,-0.01975940672336626,0.6562643038429387,0.009313196466921197,0.009313196466921197,0.022735668752110305,-0.006494372729276887,2,0.2887123315454346,0,0,True,0
doc_00564,3,0.3,0.6070854257213664,0.6443561657727173,-0.03727074005135089,-0.05784183038996067,0.6439695843125456,0.022771300057675473,0.021301620846735765,0.0600064088034612,-0.012423580017116964,3,0.2141708514427328,0,0,True,0
doc_00564,4,0.4,0.6236763856327461,0.6070854257213664,0.01659095991137971,0.027328872030926425,0.6399109445765857,0.021925234572943642,0.015246206527796154,0.0600064088034612,0.0041477399778449275,0,0.24735277126549216,0,0,True,0
doc_00564,5,0.5,0.608852395426899,0.6236763856327461,-0.014823990205847126,-0.023768721323010427,0.6347345197183046,0.02312084479712314,0.007439629757397057,0.0600064088034612,-0.0029647980411694253,1,0.21770479085379796,0,0,True,0
doc_00565,0,0.0,0.6179771994605266,0.6179771994605266,0.0,0.0,0.6179771994605266,0.0,0.0,0.0,0.0,0,0.23595439892105335,0,0,True,0
doc_00565,1,0.1,0.6179771994605266,0.6179771994605266,0.0,0.0,0.6179771994605266,0.0,0.0,0.0,0.0,0,0.23595439892105335,0,0,True,0
doc_00565,2,0.2,0.6179771994605266,0.6179771994605266,0.0,0.0,0.6179771994605266,0.0,0.0,0.0,0.0,0,0.23595439892105335,0,0,True,0
doc_00565,3,0.3,0.6179771994605266,0.6179771994605266,0.0,0.0,0.6179771994605266,0.0,0.0,0.0,0.0,0,0.23595439892105335,0,0,True,0
doc_00565,4,0.4,0.6179771994605266,0.6179771994605266,0.0,0.0,0.6179771994605266,0.0,0.0,0.0,0.0,0,0.23595439892105335,0,0,True,0
doc_00565,5,0.5,0.6179771994605266,0.6179771994605266,0.0,0.0,0.6179771994605266,0.0,0.0,0.0,0.0,0,0.23595439892105335,0,0,True,0
doc_00566,0,0.0,0.6717248183670941,0.6717248183670941,0.0,0.0,0.6717248183670941,0.0,0.0,0.0,0.0,0,0.3434496367341881,0,0,True,0
doc_00566,1,0.1,0.678294580082506,0.6717248183670941,0.006569761715411904,0.009780436178288656,0.6750096992248,0.003284880857705952,0.003284880857705952,0.006569761715411904,0.006569761715411904,0,0.35658916016501196,0,0,True,0
doc_00566,2,0.2,0.6738427662056078,0.678294580082506,-0.004451813876898192,-0.006563245539064583,0.674620721551736,0.0027379253873142744,0.0027379253873142744,0.006569761715411904,-0.002225906938449096,1,0.3476855324112156,0,0,True,0
doc_00566,3,0.3,0.6353591896697788,0.6738427662056078,-0.03848357653582901,-0.05711061758892077,0.6648053385812467,0.017165296535218626,0.019276502851563033,0.0429353904127272,-0.012827858845276338,2,0.2707183793395575,0,0,True,0
doc_00566,4,0.4,0.5954831885168861,0.6353591896697788,-0.03987600115289269,-0.06276135106130726,0.6509409085683746,0.03169554546684608,0.031991847132406374,0.0828113915656199,-0.009969000288223173,3,0.19096637703377217,0,0,True,0
doc_00566,5,0.5,0.6302067971738018,0.5954831885168861,0.034723608656915705,0.05831165232959561,0.6474852233359458,0.029947984976659472,0.017708665846405167,0.0828113915656199,0.006944721731383141,0,0.2604135943476036,0,0,True,0
doc_00568,0,0.0,0.83076699347438,0.83076699347438,0.0,0.0,0.83076699347438,0.0,0.0,0.0,0.0,0,0.66153398694876,1,0,False,1
doc_00568,1,0.1,0.8251767527654439,0.83076699347438,-0.005590240708936101,-0.0067290115674395745,0.8279718731199119,0.0027951203544680503,0.0027951203544680503,0.005590240708936101,-0.005590240708936101,1,0.6503535055308878,1,0,False,1
doc_00568,2,0.2,0.8302355172412027,0.8251767527654439,0.005058764475758815,0.006130522289685451,0.8287264211603422,0.0025193552127363876,0.0025193552127363876,0.005590240708936101,0.0025293822378794073,0,0.6604710344824054,1,0,False,1
doc_00568,3,0.3,0.789311121830091,0.8302355172412027,-0.0409243954111117,-0.049292513463046916,0.8188725963277794,0.017206218483689268,0.01821702720038823,0.04145587164428899,-0.013641465137037234,1,0.578622243660182,1,0,False,1
doc_00568,4,0.4,0.7776364636934904,0.789311121830091,-0.011674658136600624,-0.014790945944777577,0.8106253698009216,0.022559036884317298,0.0225530589610038,0.05313052978088961,-0.002918664534150156,2,0.5552729273869808,1,0,False,1
doc_00568,5,0.5,0.8096147582778647,0.7776364636934904,0.03197829458437429,0.041122421693665215,0.8104569345470787,0.02059693277643565,0.013212563970768632,0.05313052978088961,0.0063956589168748575,0,0.6192295165557293,1,0,False,1
doc_00570,0,0.0,0.9070651360035982,0.9070651360035982,0.0,0.0,0.9070651360035982,0.0,0.0,0.0,0.0,0,0.8141302720071963,1,1,True,0
doc_00570,1,0.1,0.8923813614459739,0.9070651360035982,-0.014683774557624263,-0.016188225051090504,0.899723248724786,0.0073418872788121314,0.0073418872788121314,0.014683774557624263,-0.014683774557624263,1,0.7847627228919479,1,1,True,0
doc_00570,2,0.2,0.8873385173532342,0.8923813614459739,-0.005042844092739696,-0.005650996659733572,0.8955950049342688,0.008367815294193849,0.008367815294193849,0.01972661865036396,-0.002521422046369848,2,0.7746770347064685,1,1,True,0
doc_00570,3,0.3,0.8937302732864741,0.8873385173532342,0.006391755933239929,0.007203289171200804,0.8951288220223201,0.007291586186865459,0.002750846003348166,0.01972661865036396,0.0021305853110799764,0,0.7874605465729483,1,1,True,0
doc_00570,4,0.4,0.8752606891888237,0.8937302732864741,-0.018469584097650427,-0.020665725051175737,0.8911551954556209,0.010280691400032535,0.007658357916676662,0.031804446814774456,-0.004617396024412607,1,0.7505213783776475,1,1,True,0
doc_00570,5,0.5,0.8714799907023868,0.8752606891888237,-0.0037806984864369175,-0.004319511356029028,0.8878759946634153,0.0119097845865041,0.009721078431585142,0.035585145301211374,-0.0007561396972873835,2,0.7429599814047736,1,1,True,0
doc_00573,0,0.0,0.5784393629110951,0.5784393629110951,0.0,0.0,0.5784393629110951,0.0,0.0,0.0,0.0,0,0.1568787258221902,0,0,True,0
doc_00573,1,0.1,0.6035353002415296,0.5784393629110951,0.02509593733043447,0.04338559741877674,0.5909873315763123,0.012547968665217235,0.012547968665217235,0.02509593733043447,0.02509593733043447,0,0.2070706004830591,0,0,True,0
doc_00573,2,0.2,0.5982893576973634,0.6035353002415296,-0.0052459425441662155,-0.00869202272355376,0.5934213402833294,0.010808167059552001,0.010808167059552001,0.02509593733043447,-0.0026229712720831078,1,0.19657871539472666,0,0,True,0
doc_00573,3,0.3,0.5380921109505437,0.5982893576973634,-0.0601972467468197,-0.10061560676676731,0.579589032950133,0.025721791050982185,0.029691075078118082,0.06544318929098591,-0.020065748915606568,2,0.07618422190108737,0,0,True,0
doc_00573,4,0.4,0.6190680219961443,0.5380921109505437,0.08097591104560065,0.1504870809247809,0.5874848307593352,0.02790453224964582,0.03433909268134814,0.08097591104560065,0.02024397776140016,0,0.2381360439922886,0,0,True,0
doc_00573,5,0.5,0.5745571177877854,0.6190680219961443,-0.044510904208358903,-0.07189986015565206,0.5853302119307436,0.025924846734530133,0.03311262848513442,0.08097591104560065,-0.00890218084167178,1,0.1491142355755708,0,0,True,0
doc_00575,0,0.0,0.5220785087802658,0.5220785087802658,0.0,0.0,0.5220785087802658,0.0,0.0,0.0,0.0,0,0.04415701756053175,1,1,True,0
doc_00575,1,0.1,0.5077293649911655,0.5220785087802658,-0.01434914378910035,-0.027484647515225846,0.5149039368857157,0.007174571894550175,0.007174571894550175,0.01434914378910035,-0.01434914378910035,1,0.015458729982330999,1,1,True,0
doc_00575,2,0.2,0.5204178257820433,0.5077293649911655,0.01268846079087782,0.024990598664898177,0.5167418998511583,0.006408785920234003,0.006408785920234003,0.01434914378910035,0.00634423039543891,0,0.040835651564086695,0,1,False,1
doc_00575,3,0.3,0.5025102732010285,0.5204178257820433,-0.01790755258101484,-0.034409952338017566,0.5131839931886257,0.008293401122966396,0.007519725141233781,0.01956823557923737,-0.005969184193671613,1,0.005020546402056902,0,1,False,1
doc_00575,4,0.4,0.5935847276293926,0.5025102732010285,0.09107445442836415,0.18123899009708394,0.5292641400767791,0.033004679933722886,0.03939632274831644,0.09107445442836415,0.022768613607091037,0,0.1871694552587853,0,1,False,1
doc_00575,5,0.5,0.5000252741753067,0.5935847276293926,-0.0935594534540859,-0.15761768977402021,0.524390995759867,0.03203896209731994,0.04353045268699103,0.0935594534540859,-0.01871189069081718,1,5.054835061352181e-05,0,1,False,1
doc_00584,0,0.0,0.7382723766771749,0.7382723766771749,0.0,0.0,0.7382723766771749,0.0,0.0,0.0,0.0,0,0.4765447533543499,1,1,True,0
doc_00584,1,0.1,0.7535202813322196,0.7382723766771749,0.015247904655044664,0.02065349474901474,0.7458963290046973,0.007623952327522332,0.007623952327522332,0.015247904655044664,0.015247904655044664,0,0.5070405626644392,1,1,True,0
doc_00584,2,0.2,0.678675850315227,0.7535202813322196,-0.07484443101699256,-0.09932636568808477,0.7234895027748739,0.03229367568810587,0.03229367568810587,0.07484443101699256,-0.03742221550849628,1,0.3573517006304541,1,1,True,0
doc_00584,3,0.3,0.7222327744677615,0.678675850315227,0.043556924152534426,0.06417927517577557,0.7231753206980958,0.027972437294925264,0.03069166115789707,0.07484443101699256,0.014518974717511476,0,0.444465548935523,1,1,True,0
doc_00584,4,0.4,0.6835353965057259,0.7222327744677615,-0.03869737796203554,-0.053580202020813844,0.7152473358596219,0.02962055997058653,0.019488765686768432,0.07484443101699256,-0.009674344490508885,1,0.36707079301145185,1,1,True,0
doc_00584,5,0.5,0.7523481804317138,0.6835353965057259,0.06881278392598789,0.10067186612099824,0.7214308099549704,0.03036979975098894,0.028165431864758117,0.07484443101699256,0.013762556785197578,0,0.5046963608634276,1,1,True,0
doc_00585,0,0.0,0.6356045529747746,0.6356045529747746,0.0,0.0,0.6356045529747746,0.0,0.0,0.0,0.0,0,0.27120910594954917,0,0,True,0
doc_00585,1,0.1,0.5919933654206183,0.6356045529747746,-0.04361118755415627,-0.06861371170178997,0.6137989591976964,0.021805593777078136,0.021805593777078136,0.04361118755415627,-0.04361118755415627,1,0.18398673084123662,0,0,True,0
doc_00585,2,0.2,0.6312410137869997,0.5919933654206183,0.039247648366381394,0.06629744632103347,0.6196129773941309,0.019611091126135065,0.019611091126135065,0.04361118755415627,0.019623824183190697,0,0.2624820275739994,0,0,True,0
doc_00585,3,0.3,0.5572356891303045,0.6312410137869997,-0.07400532465669518,-0.11723782682103555,0.6040186553281743,0.031906030988804006,0.030231076801008405,0.07836886384447006,-0.02466844155223173,1,0.1144713782606091,0,0,True,0
doc_00585,4,0.4,0.5912074933413727,0.5572356891303045,0.03397180421106816,0.060964875139438816,0.601456422930814,0.028994068189875467,0.03024631165423947,0.07836886384447006,0.00849295105276704,0,0.18241498668274547,0,0,True,0
doc_00585,5,0.5,0.5900481263445996,0.5912074933413727,-0.0011593669967731035,-0.0019610153961693217,0.599555040166445,0.026807143461817954,0.01574831084109732,0.07836886384447006,-0.0002318733993546207,1,0.18009625268919915,0,0,True,0
doc_00588,0,0.0,0.5419357332754658,0.5419357332754658,0.0,0.0,0.5419357332754658,0.0,0.0,0.0,0.0,0,0.08387146655093175,1,1,True,0
doc_00588,1,0.1,0.5577791411401639,0.5419357332754658,0.015843407864698067,0.029234846296147195,0.5498574372078149,0.007921703932349033,0.007921703932349033,0.015843407864698067,0.015843407864698067,0,0.11555828228032783,1,1,True,0
doc_00588,2,0.2,0.5271000048125252,0.5577791411401639,-0.030679136327638745,-0.05500230120640063,0.542271626409385,0.012526956789274384,0.012526956789274384,0.030679136327638745,-0.015339568163819373,1,0.054200009625050394,1,1,True,0
doc_00588,3,0.3,0.5017015404249954,0.5271000048125252,-0.025398464387529796,-0.04818528581983854,0.5321291049132876,0.020647172002399124,0.022927394340066774,0.05607760071516854,-0.008466154795843265,2,0.0034030808499907472,1,1,True,0
doc_00588,4,0.4,0.540777881712131,0.5017015404249954,0.03907634128713566,0.07788762469023672,0.5338588602730563,0.018788634430844553,0.016190280891510513,0.05607760071516854,0.009769085321783916,0,0.08155576342426213,1,1,True,0
doc_00588,5,0.5,0.5757331014849616,0.540777881712131,0.03495521977283056,0.06463877491098657,0.5408379004750405,0.023188625024305007,0.030238863644748246,0.07403156105996622,0.006991043954566112,0,0.1514662029699232,1,1,True,0
doc_00591,0,0.0,0.799982488812513,0.799982488812513,0.0,0.0,0.799982488812513,0.0,0.0,0.0,0.0,0,0.599964977625026,0,0,True,0
doc_00591,1,0.1,0.7524615686240294,0.799982488812513,-0.04752092018848364,-0.059402450494914306,0.7762220287182712,0.02376046009424182,0.02376046009424182,0.04752092018848364,-0.04752092018848364,1,0.5049231372480587,0,0,True,0
doc_00591,2,0.2,0.7749071430725253,0.7524615686240294,0.02244557444849593,0.029829529353293735,0.7757837335030225,0.019410233932596613,0.019410233932596613,0.04752092018848364,0.011222787224247965,0,0.5498142861450506,0,0,True,0
doc_00591,3,0.3,0.7731070893901724,0.7749071430725253,-0.00180005368235292,-0.0023229282352665694,0.7751145724748101,0.016849665143071214,0.010183218948007703,0.04752092018848364,-0.0006000178941176401,1,0.5462141787803447,0,0,True,0
doc_00591,4,0.4,0.7859403280705453,0.7731070893901724,0.012833238680372894,0.016599561505115372,0.777279723593957,0.01568057683319967,0.005673166659197825,0.04752092018848364,0.0032083096700932234,0,0.5718806561410905,0,0,True,0
doc_00591,5,0.5,0.7501980389916003,0.7859403280705453,-0.035742289078944944,-0.045477102780424765,0.7727661094935643,0.01751467868449837,0.014783729170929778,0.04978444982091268,-0.007148457815788989,1,0.5003960779832006,0,0,True,0
doc_00602,0,0.0,0.6063561652918041,0.6063561652918041,0.0,0.0,0.6063561652918041,0.0,0.0,0.0,0.0,0,0.21271233058360833,1,0,False,1
doc_00602,1,0.1,0.596380441351721,0.6063561652918041,-0.00997572394008317,-0.01645192134771555,0.6013683033217625,0.004987861970041585,0.004987861970041585,0.00997572394008317,-0.00997572394008317,1,0.192760882703442,1,0,False,1
doc_00602,2,0.2,0.5415637328953716,0.596380441351721,-0.05481670845634934,-0.09191567103056733,0.5814334465129655,0.028484783247597355,0.028484783247597355,0.06479243239643251,-0.02740835422817467,2,0.08312746579074332,1,0,False,1
doc_00602,3,0.3,0.5427982827773946,0.5415637328953716,0.0012345498820229839,0.0022796022093700555,0.5717746555790728,0.029806272568217884,0.025554828543271117,0.06479243239643251,0.00041151662734099464,0,0.08559656555478923,1,0,False,1
doc_00602,4,0.4,0.6091941893056529,0.5427982827773946,0.06639590652825833,0.12232151175667547,0.5792585623243889,0.030573952119722192,0.03159433695983327,0.06763045641028131,0.016598976632064583,0,0.21838837861130594,1,0,False,1
doc_00602,5,0.5,0.6302626306734661,0.6091941893056529,0.021068441367813162,0.03458411412595143,0.5877592403825683,0.03376802867743338,0.03727123969894098,0.08869889777809448,0.004213688273562633,0,0.2605252613469322,1,0,False,1
doc_00609,0,0.0,0.894687569803058,0.894687569803058,0.0,0.0,0.894687569803058,0.0,0.0,0.0,0.0,0,0.7893751396061159,1,1,True,0
doc_00609,1,0.1,0.865169096010763,0.894687569803058,-0.029518473792294997,-0.03299305231075549,0.8799283329069105,0.014759236896147498,0.014759236896147498,0.029518473792294997,-0.029518473792294997,1,0.730338192021526,1,1,True,0
doc_00609,2,0.2,0.8482696504810092,0.865169096010763,-0.016899445529753754,-0.019533112784166667,0.8693754387649434,0.019182036702277666,0.019182036702277666,0.04641791932204875,-0.008449722764876877,2,0.6965393009620185,1,1,True,0
doc_00609,3,0.3,0.8452350884579598,0.8482696504810092,-0.003034562023049414,-0.0035773554097198613,0.8633403511881975,0.019627270447329745,0.00876967301430245,0.049452481345098165,-0.0010115206743498046,3,0.6904701769159196,1,1,True,0
doc_00609,4,0.4,0.8358697422354563,0.8452350884579598,-0.009365346222503512,-0.011080167340886871,0.8578462293976493,0.020710511658759347,0.005277583633078326,0.05881782756760168,-0.002341336555625878,4,0.6717394844709126,1,1,True,0
doc_00609,5,0.5,0.8234161548765219,0.8358697422354563,-0.012453587358934426,-0.014898957014077886,0.8521078836441282,0.022849087601939704,0.008937234288856259,0.0712714149265361,-0.002490717471786885,5,0.6468323097530437,1,1,True,0
doc_00614,0,0.0,0.6808841423695249,0.6808841423695249,0.0,0.0,0.6808841423695249,0.0,0.0,0.0,0.0,0,0.36176828473904976,1,1,True,0
doc_00614,1,0.1,0.653508613397002,0.6808841423695249,-0.027375528972522933,-0.04020585481291158,0.6671963778832635,0.013687764486261467,0.013687764486261467,0.027375528972522933,-0.027375528972522933,1,0.30701722679400395,1,1,True,0
doc_00614,2,0.2,0.667171829908172,0.653508613397002,0.013663216511170084,0.020907477317165482,0.6671881952248997,0.011176018894611036,0.011176018894611036,0.027375528972522933,0.006831608255585042,0,0.3343436598163441,1,1,True,0
doc_00614,3,0.3,0.5972693488439904,0.667171829908172,-0.06990248106418162,-0.10477432938648329,0.6497084836296724,0.031785193111046196,0.03025061105319105,0.08361479352553447,-0.023300827021393872,1,0.19453869768798082,1,1,True,0
doc_00614,4,0.4,0.6194525981235849,0.5972693488439904,0.022183249279594475,0.037141114511451086,0.6436573065284549,0.030898313515892648,0.02916538757126721,0.08361479352553447,0.005545812319898619,0,0.23890519624716977,1,1,True,0
doc_00614,5,0.5,0.5368315790782408,0.6194525981235849,-0.08262101904534414,-0.1333774679380079,0.6258530186200858,0.04879089554475443,0.034914265392290283,0.14405256329128413,-0.016524203809068827,1,0.07366315815648156,1,1,True,0
doc_00615,0,0.0,0.8752214940010367,0.8752214940010367,0.0,0.0,0.8752214940010367,0.0,0.0,0.0,0.0,0,0.7504429880020733,1,1,True,0
doc_00615,1,0.1,0.8661310402576264,0.8752214940010367,-0.00909045374341022,-0.010386460805314104,0.8706762671293315,0.00454522687170511,0.00454522687170511,0.00909045374341022,-0.00909045374341022,1,0.7322620805152529,1,1,True,0
doc_00615,2,0.2,0.8785384940679827,0.8661310402576264,0.01240745381035624,0.014325146234991997,0.8732970094422153,0.005244931402594788,0.005244931402594788,0.01240745381035624,0.00620372690517812,0,0.7570769881359654,1,1,True,0
doc_00615,3,0.3,0.8800312766386673,0.8785384940679827,0.0014927825706846365,0.0016991658086288961,0.8749805762413283,0.005397700488603514,0.006230657904518731,0.013900236381040876,0.0004975941902282122,0,0.7600625532773347,1,1,True,0
doc_00615,4,0.4,0.8627246739307325,0.8800312766386673,-0.017306602707934826,-0.019665895028229498,0.8725293957792092,0.00688049991521221,0.00783031008628888,0.017306602707934826,-0.0043266506769837065,1,0.725449347861465,1,1,True,0
doc_00615,5,0.5,0.8497921983221975,0.8627246739307325,-0.012932475608534943,-0.01499026978052245,0.8687398628697073,0.010547694736940711,0.012388028630206039,0.03023907831646977,-0.0025864951217069885,2,0.6995843966443951,1,1,True,0
doc_00618,0,0.0,0.5600908868326083,0.5600908868326083,0.0,0.0,0.5600908868326083,0.0,0.0,0.0,0.0,0,0.12018177366521665,1,0,False,1
doc_00618,1,0.1,0.5616084264454805,0.5600908868326083,0.0015175396128721541,0.002709452427362372,0.5608496566390444,0.0007587698064360771,0.0007587698064360771,0.0015175396128721541,0.0015175396128721541,0,0.12321685289096096,1,0,False,1
doc_00618,2,0.2,0.506548426754376,0.5616084264454805,-0.05505999969110453,-0.0980398389667852,0.5427492466774883,0.025605341291071317,0.025605341291071317,0.05505999969110453,-0.027529999845552267,1,0.013096853508751949,1,0,False,1
doc_00618,3,0.3,0.5130974566993461,0.506548426754376,0.006549029944970197,0.012928734152689029,0.5353362991829527,0.025623826775959965,0.024557885234945773,0.05505999969110453,0.0021830099816567325,0,0.026194913398692343,1,0,False,1
doc_00618,4,0.4,0.5056817428873599,0.5130974566993461,-0.0074157138119862465,-0.014452836815232057,0.5294053879238341,0.025806340933376817,0.0033104841117399834,0.05592668355812058,-0.0018539284529965616,1,0.011363485774719795,0,0,True,0
doc_00618,5,0.5,0.5497755363694405,0.5056817428873599,0.044093793482080645,0.0871967281838421,0.5328004126647685,0.024750831472885575,0.019277323936190627,0.05592668355812058,0.008818758696416129,0,0.09955107273888114,0,0,True,0
doc_00621,0,0.0,0.6279176191222415,0.6279176191222415,0.0,0.0,0.6279176191222415,0.0,0.0,0.0,0.0,0,0.2558352382444831,1,0,False,1
doc_00621,1,0.1,0.6035752987776309,0.6279176191222415,-0.02434232034461059,-0.038766742010900135,0.6157464589499362,0.012171160172305295,0.012171160172305295,0.02434232034461059,-0.02434232034461059,1,0.20715059755526194,1,0,False,1
doc_00621,2,0.2,0.6084171471587395,0.6035752987776309,0.004841848381108571,0.008021945879684522,0.6133033550195374,0.010521197979447727,0.010521197979447727,0.02434232034461059,0.0024209241905542855,0,0.21683429431747903,1,0,False,1
doc_00621,3,0.3,0.5698049382581218,0.6084171471587395,-0.03861220890061767,-0.0634633804798791,0.6024287508291835,0.02092349765413606,0.017174863484976464,0.05811268086411969,-0.01287073630020589,1,0.13960987651624374,1,0,False,1
doc_00621,4,0.4,0.585592536604888,0.5698049382581218,0.01578759834676613,0.027707022678722982,0.5990615079843243,0.019889381608565133,0.015850390057165934,0.05811268086411969,0.003946899586691532,0,0.171185073209776,1,0,False,1
doc_00621,5,0.5,0.5886411222424455,0.585592536604888,0.0030485856375574993,0.005205984446510196,0.5973247770273445,0.01856710593300064,0.00825526070010057,0.05811268086411969,0.0006097171275114999,0,0.177282244484891,1,0,False,1
doc_00623,0,0.0,0.5971912474523537,0.5971912474523537,0.0,0.0,0.5971912474523537,0.0,0.0,0.0,0.0,0,0.19438249490470755,0,0,True,0
doc_00623,1,0.1,0.5215643567606527,0.5971912474523537,-0.07562689069170103,-0.12663764081327203,0.5593778021065032,0.037813445345850516,0.037813445345850516,0.07562689069170103,-0.07562689069170103,1,0.04312871352130543,1,0,False,1
doc_00623,2,0.2,0.5218211259671658,0.5215643567606527,0.00025676920651307444,0.0004923058931937455,0.5468589100600574,0.03559049145614895,0.03559049145614895,0.07562689069170103,0.00012838460325653722,0,0.04364225193433158,0,0,True,0
doc_00623,3,0.3,0.5691779887390107,0.5218211259671658,0.04735686277184492,0.09075305773424115,0.5524386797297958,0.032301916355994324,0.022385005726024334,0.07562689069170103,0.015785620923948307,0,0.13835597747802142,0,0,True,0
doc_00623,4,0.4,0.5155458825051343,0.5691779887390107,-0.053632106233876375,-0.09422730199510349,0.5450601202848635,0.03244231184957879,0.023940792596136275,0.08164536494721941,-0.013408026558469094,1,0.031091765010268724,0,0,True,0
doc_00623,5,0.5,0.5776769389149677,0.5155458825051343,0.06213105640983341,0.12051508608298242,0.5504962567232142,0.032013188355263664,0.027505359364185945,0.08164536494721941,0.012426211281966682,0,0.15535387782993554,0,0,True,0
doc_00629,0,0.0,0.6823409556854818,0.6823409556854818,0.0,0.0,0.6823409556854818,0.0,0.0,0.0,0.0,0,0.3646819113709636,0,0,True,0
doc_00629,1,0.1,0.6619496537860584,0.6823409556854818,-0.020391301899423397,-0.029884329424339235,0.6721453047357702,0.010195650949711699,0.010195650949711699,0.020391301899423397,-0.020391301899423397,1,0.3238993075721168,0,0,True,0
doc_00629,2,0.2,0.6649523424152126,0.6619496537860584,0.0030026886291542043,0.00453612840792371,0.6697476506289176,0.008988790572584539,0.008988790572584539,0.020391301899423397,0.0015013443145771022,0,0.32990468483042523,0,0,True,0
doc_00629,3,0.3,0.7113232880940163,0.6649523424152126,0.04637094567880373,0.06973574303141347,0.6801415599951923,0.019613740660856516,0.022600483050211752,0.049373634307957937,0.015456981892934577,0,0.42264657618803264,0,0,True,0
doc_00629,4,0.4,0.6577467008730278,0.7113232880940163,-0.05357658722098857,-0.07531960237734729,0.6756625881707594,0.019697812380701677,0.023740814765175144,0.05357658722098857,-0.013394146805247142,1,0.31549340174605567,0,0,True,0
doc_00629,5,0.5,0.7120840168063063,0.6577467008730278,0.05433731593327851,0.08261130897525831,0.6817328262766839,0.022529435496719805,0.025437446826053776,0.05433731593327851,0.010867463186655702,0,0.42416803361261257,0,0,True,0
doc_00633,0,0.0,0.5855631498859712,0.5855631498859712,0.0,0.0,0.5855631498859712,0.0,0.0,0.0,0.0,0,0.17112629977194244,0,1,False,1
doc_00633,1,0.1,0.5414834519729997,0.5855631498859712,-0.044079697912971505,-0.07527744517658821,0.5635233009294855,0.022039848956485752,0.022039848956485752,0.044079697912971505,-0.044079697912971505,1,0.08296690394599954,0,1,False,1
doc_00633,2,0.2,0.5130274034807791,0.5414834519729997,-0.02845604849222061,-0.05255201869703587,0.5466913351132501,0.02984068991317574,0.02984068991317574,0.07253574640519211,-0.014228024246110305,2,0.02605480696155832,1,1,True,0
doc_00633,3,0.3,0.5858520669842145,0.5130274034807791,0.07282466350343542,0.1419508256466145,0.5564815180809912,0.030909434295960138,0.02996618892498975,0.07282466350343542,0.02427488783447847,0,0.17170413396842915,0,1,False,1
doc_00633,4,0.4,0.5746640139058408,0.5858520669842145,-0.011188053078373783,-0.01909706171383234,0.5601180172459611,0.028586902726674135,0.03202026422745433,0.07282466350343542,-0.0027970132695934458,1,0.14932802781168147,0,1,False,1
doc_00633,5,0.5,0.6265480057271262,0.5746640139058408,0.05188399182128545,0.0902857853733411,0.571189681992822,0.03597107135261169,0.022294195979029915,0.11352060224634708,0.01037679836425709,0,0.2530960114542524,0,1,False,1
doc_00637,0,0.0,0.6215726463778888,0.6215726463778888,0.0,0.0,0.6215726463778888,0.0,0.0,0.0,0.0,0,0.24314529275577756,1,1,True,0
doc_00637,1,0.1,0.6455586341752075,0.6215726463778888,0.023985987797318753,0.03858919458102461,0.6335656402765482,0.011992993898659376,0.011992993898659376,0.023985987797318753,0.023985987797318753,0,0.2911172683504151,1,1,True,0
doc_00637,2,0.2,0.6429070935220964,0.6455586341752075,-0.0026515406531111285,-0.004107358360250029,0.6366794580250642,0.010736836454195197,0.010736836454195197,0.023985987797318753,-0.0013257703265555643,1,0.2858141870441928,1,1,True,0
doc_00637,3,0.3,0.5685321745271444,0.6429070935220964,-0.07437491899495197,-0.11568532956682291,0.6196426371505843,0.03093896474206027,0.035702061455040596,0.0770264596480631,-0.02479163966498399,2,0.13706434905428894,1,1,True,0
doc_00637,4,0.4,0.6686147396001834,0.5685321745271444,0.10008256507303892,0.17603676547642863,0.6294370576405042,0.03390425227581052,0.042438231550207074,0.10008256507303892,0.02502064126825973,0,0.3372294792003668,1,1,True,0
doc_00637,5,0.5,0.5651235552610707,0.6686147396001834,-0.10349118433911264,-0.154784479326612,0.6187181405772653,0.03914576840086899,0.04800296721478361,0.10349118433911264,-0.020698236867822527,1,0.13024711052214144,1,1,True,0
doc_00640,0,0.0,0.7157604319998413,0.7157604319998413,0.0,0.0,0.7157604319998413,0.0,0.0,0.0,0.0,0,0.4315208639996826,0,0,True,0
doc_00640,1,0.1,0.6592919602690863,0.7157604319998413,-0.05646847173075498,-0.0788929776028294,0.6875261961344639,0.02823423586537749,0.02823423586537749,0.05646847173075498,-0.05646847173075498,1,0.31858392053817264,0,0,True,0
doc_00640,2,0.2,0.644541129499058,0.6592919602690863,-0.014750830770028367,-0.022373745865197414,0.6731978405893285,0.030692859026003598,0.030692859026003598,0.07121930250078334,-0.0073754153850141835,2,0.28908225899811585,0,0,True,0
doc_00640,3,0.3,0.5947719331307748,0.644541129499058,-0.04976919636828314,-0.07721647865507686,0.6535913637246902,0.04312517248108584,0.027603127474736942,0.12098849886906649,-0.016589732122761047,3,0.18954386626154962,0,0,True,0
doc_00640,4,0.4,0.6070086747577574,0.5947719331307748,0.012236741626982628,0.02057383838300939,0.6442748259313037,0.04283708565064997,0.021174922042879008,0.12098849886906649,0.003059185406745657,0,0.21401734951551493,0,0,True,0
doc_00640,5,0.5,0.5993973289752224,0.6070086747577574,-0.007611345782535084,-0.012539105451124877,0.6367952431052901,0.04253117349415897,0.005044961369576543,0.12098849886906649,-0.0015222691565070167,1,0.19879465795044476,0,0,True,0
doc_00641,0,0.0,0.761676711104703,0.761676711104703,0.0,0.0,0.761676711104703,0.0,0.0,0.0,0.0,0,0.5233534222094062,1,1,True,0
doc_00641,1,0.1,0.770598587360304,0.761676711104703,0.008921876255600925,0.011713468621957759,0.7661376492325035,0.004460938127800462,0.004460938127800462,0.008921876255600925,0.008921876255600925,0,0.5411971747206079,1,1,True,0
doc_00641,2,0.2,0.7523139147626423,0.770598587360304,-0.018284672597661644,-0.02372788232106166,0.7615297377425497,0.007465409739940898,0.007465409739940898,0.018284672597661644,-0.009142336298830822,1,0.5046278295252846,1,1,True,0
doc_00641,3,0.3,0.7257979189911077,0.7523139147626423,-0.02651599577153463,-0.03524591962372585,0.7525967830546892,0.01676878932138546,0.018392411388294613,0.04480066836919627,-0.00883866525717821,2,0.45159583798221536,1,1,True,0
doc_00641,4,0.4,0.7412068941884334,0.7257979189911077,0.015408975197325758,0.02123039319091041,0.7503188052814381,0.015675157644684603,0.010872495647395678,0.04480066836919627,0.0038522437993314396,0,0.48241378837686694,1,1,True,0
doc_00641,5,0.5,0.7367596890894593,0.7412068941884334,-0.004447205098974116,-0.005999951071479814,0.7480589525827749,0.015175423456575113,0.006475376896051499,0.04480066836919627,-0.0008894410197948233,1,0.47351937817891865,1,1,True,0
doc_00647,0,0.0,0.7421748538816664,0.7421748538816664,0.0,0.0,0.7421748538816664,0.0,0.0,0.0,0.0,0,0.48434970776333275,1,1,True,0
doc_00647,1,0.1,0.7354741082387933,0.7421748538816664,-0.0067007456428730405,-0.009028526913607098,0.7388244810602298,0.0033503728214365203,0.0033503728214365203,0.0067007456428730405,-0.0067007456428730405,1,0.4709482164775867,1,1,True,0
doc_00647,2,0.2,0.7329849217616186,0.7354741082387933,-0.0024891864771747763,-0.0033844651351976466,0.736877961294026,0.0038808775333495898,0.0038808775333495898,0.009189932120047817,-0.0012445932385873881,2,0.46596984352323717,1,1,True,0
doc_00647,3,0.3,0.6634151140372905,0.7329849217616186,-0.06956980772432808,-0.09491301343160996,0.7185122494798422,0.03198740407014307,0.03339769260401475,0.0787597398443759,-0.02318993590810936,3,0.32683022807458095,1,1,True,0
doc_00647,4,0.4,0.6839989586949297,0.6634151140372905,0.020583844657639183,0.031027096341495423,0.7116095913228596,0.03176699503959909,0.029180049092298984,0.0787597398443759,0.005145961164409796,0,0.3679979173898594,1,1,True,0
doc_00647,5,0.5,0.630796610116618,0.6839989586949297,-0.05320234857831163,-0.07778132978421742,0.6981407611218193,0.04180907293631213,0.021904214087605563,0.11137824376504835,-0.010640469715662326,1,0.2615932202332361,1,1,True,0
doc_00653,0,0.0,0.5997584282923247,0.5997584282923247,0.0,0.0,0.5997584282923247,0.0,0.0,0.0,0.0,0,0.19951685658464952,0,0,True,0
doc_00653,1,0.1,0.5504486514661879,0.5997584282923247,-0.0493097768261368,-0.08221606316819112,0.5751035398792563,0.0246548884130684,0.0246548884130684,0.0493097768261368,-0.0493097768261368,1,0.10089730293237581,0,0,True,0
doc_00653,2,0.2,0.5578479042894993,0.5504486514661879,0.007399252823311331,0.013442221728770718,0.5693516613493373,0.02171199119579907,0.02171199119579907,0.0493097768261368,0.0036996264116556654,0,0.11569580857899847,0,0,True,0
doc_00653,3,0.3,0.6512559922774508,0.5578479042894993,0.09340808798795153,0.16744364775721504,0.5898277440813657,0.04014184616346704,0.045876573306774,0.10080734081126286,0.031136029329317177,0,0.3025119845549016,0,0,True,0
doc_00653,4,0.4,0.6147501569333851,0.6512559922774508,-0.03650583534406571,-0.05605450971192498,0.5948122266517697,0.03726223982408738,0.038435535166303735,0.10080734081126286,-0.009126458836016427,1,0.22950031386677017,0,0,True,0
doc_00653,5,0.5,0.5384462943760511,0.6147501569333851,-0.07630386255733401,-0.12412174555264469,0.5854179046058166,0.039979101175137775,0.04699998037344936,0.11280969790139972,-0.015260772511466802,2,0.0768925887521022,0,0,True,0
doc_00656,0,0.0,0.6581262907574553,0.6581262907574553,0.0,0.0,0.6581262907574553,0.0,0.0,0.0,0.0,0,0.31625258151491065,1,1,True,0
doc_00656,1,0.1,0.6197367820817639,0.6581262907574553,-0.038389508675691464,-0.05833152271049367,0.6389315364196095,0.019194754337845732,0.019194754337845732,0.038389508675691464,-0.038389508675691464,1,0.23947356416352777,1,1,True,0
doc_00656,2,0.2,0.6353264412540075,0.6197367820817639,0.015589659172243642,0.025155291121944166,0.6377298380310755,0.015764323246733714,0.015764323246733714,0.038389508675691464,0.007794829586121821,0,0.270652882508015,1,1,True,0
doc_00656,3,0.3,0.6220610971540061,0.6353264412540075,-0.013265344100001353,-0.020879571884051,0.6338126528118082,0.015245275848497185,0.006867065261515478,0.038389508675691464,-0.004421781366667117,1,0.24412219430801235,1,1,True,0
doc_00656,4,0.4,0.6871536435546536,0.6220610971540061,0.06509254640064743,0.1046401176644104,0.6444808509603772,0.025321464323888297,0.0280853220845258,0.06741686147288972,0.016273136600161858,0,0.37430728710930716,1,1,True,0
doc_00656,5,0.5,0.606579399463451,0.6871536435546536,-0.08057424409120262,-0.11725797403094763,0.6381639423775561,0.027089305389277667,0.03491088873621409,0.08057424409120262,-0.016114848818240525,1,0.21315879892690198,1,1,True,0
doc_00659,0,0.0,0.901902257113043,0.901902257113043,0.0,0.0,0.901902257113043,0.0,0.0,0.0,0.0,0,0.8038045142260859,1,1,True,0
doc_00659,1,0.1,0.8898954854259964,0.901902257113043,-0.012006771687046558,-0.013312719413165466,0.8958988712695197,0.006003385843523279,0.006003385843523279,0.012006771687046558,-0.012006771687046558,1,0.7797909708519928,1,1,True,0
doc_00659,2,0.2,0.8849472788943162,0.8898954854259964,-0.004948206531680155,-0.005560435593525266,0.8922483404777853,0.007118977771675762,0.007118977771675762,0.016954978218726713,-0.0024741032658400774,2,0.7698945577886326,1,1,True,0
doc_00659,3,0.3,0.8986216222402403,0.8849472788943162,0.0136743433459241,0.015452155932960548,0.893841660918399,0.006754694179949476,0.005653100206703539,0.016954978218726713,0.0045581144486413665,0,0.7972432444804808,1,1,True,0
doc_00659,4,0.4,0.8789140048613019,0.8986216222402403,-0.019707617378938447,-0.021930940555167,0.8908561297069795,0.008494368795216783,0.008244717125086832,0.02298825225174106,-0.004926904344734612,1,0.7578280097226038,1,1,True,0
doc_00659,5,0.5,0.8665059260512161,0.8789140048613019,-0.012408078810085765,-0.014117511771864232,0.8867977624310189,0.011936511596382144,0.013223583915857979,0.035396331061826825,-0.002481615762017153,2,0.7330118521024324,1,1,True,0
doc_00661,0,0.0,0.7984697336180507,0.7984697336180507,0.0,0.0,0.7984697336180507,0.0,0.0,0.0,0.0,0,0.5969394672361015,1,1,True,0
doc_00661,1,0.1,0.8268459795932794,0.7984697336180507,0.028376245975228698,0.035538286274984246,0.812657856605665,0.014188122987614349,0.014188122987614349,0.028376245975228698,0.028376245975228698,0,0.6536919591865589,1,1,True,0
doc_00661,2,0.2,0.7671363711176885,0.8268459795932794,-0.059709608475590925,-0.07221370115987227,0.7974840281096728,0.024386308284076466,0.024386308284076466,0.059709608475590925,-0.029854804237795463,1,0.534272742235377,1,1,True,0
doc_00661,3,0.3,0.7415641502000041,0.7671363711176885,-0.025572220917684407,-0.03333464802408815,0.7835040586322557,0.03213001188239839,0.035733840561752814,0.08528182939327533,-0.008524073639228136,2,0.4831283004000082,1,1,True,0
doc_00661,4,0.4,0.7805994536619862,0.7415641502000041,0.03903530346198214,0.052639145853334596,0.7829231376382018,0.028761432642616738,0.016189667454639997,0.08528182939327533,0.009758825865495535,0,0.5611989073239725,1,1,True,0
doc_00661,5,0.5,0.7996566769851435,0.7805994536619862,0.01905722332315729,0.02441357502078065,0.7857120608626921,0.026985930966715286,0.024179133210821515,0.08528182939327533,0.003811444664631458,0,0.5993133539702871,1,1,True,0
doc_00666,0,0.0,0.5739582840120292,0.5739582840120292,0.0,0.0,0.5739582840120292,0.0,0.0,0.0,0.0,0,0.1479165680240584,1,0,False,1
doc_00666,1,0.1,0.5872146078831907,0.5739582840120292,0.01325632387116149,0.023096319437186937,0.58058644594761,0.006628161935580745,0.006628161935580745,0.01325632387116149,0.01325632387116149,0,0.17442921576638137,1,0,False,1
doc_00666,2,0.2,0.6031815272538235,0.5872146078831907,0.01596691937063277,0.027190943747450038,0.5881181397163479,0.0119474338589901,0.0119474338589901,0.02922324324179426,0.007983459685316385,0,0.20636305450764697,1,0,False,1
doc_00666,3,0.3,0.5759656451262937,0.6031815272538235,-0.02721588212752979,-0.04512054978115591,0.5850800160688343,0.011608034620638846,0.011166347842582589,0.02922324324179426,-0.009071960709176596,1,0.1519312902525874,1,0,False,1
doc_00666,4,0.4,0.5327337010421535,0.5759656451262937,-0.04323194408414022,-0.07505993534503368,0.5746107530634982,0.02337132956643163,0.02900689850367683,0.07044782621167,-0.010807986021035054,2,0.06546740208430696,1,0,False,1
doc_00666,5,0.5,0.600116323688285,0.5327337010421535,0.0673826226461316,0.1264846254598033,0.5788616815009626,0.02335668000782337,0.02787407018672416,0.07044782621167,0.01347652452922632,0,0.20023264737657015,1,0,False,1
doc_00670,0,0.0,0.8312664641983543,0.8312664641983543,0.0,0.0,0.8312664641983543,0.0,0.0,0.0,0.0,0,0.6625329283967085,1,1,True,0
doc_00670,1,0.1,0.7975507120316089,0.8312664641983543,-0.03371575216674538,-0.04055950001454676,0.8144085881149816,0.01685787608337269,0.01685787608337269,0.03371575216674538,-0.03371575216674538,1,0.5951014240632178,1,1,True,0
doc_00670,2,0.2,0.7883620218242354,0.7975507120316089,-0.009188690207373451,-0.011521135983901273,0.8057263993513996,0.018445038921469013,0.018445038921469013,0.042904442374118834,-0.0045943451036867256,2,0.576724043648471,1,1,True,0
doc_00670,3,0.3,0.8325305594261462,0.7883620218242354,0.04416853760191075,0.0560257044088789,0.8124274393700862,0.019745288238134193,0.01902887123809386,0.04416853760191075,0.014722845867303583,0,0.6650611188522924,1,1,True,0
doc_00670,4,0.4,0.7419898101849293,0.8325305594261462,-0.09054074924121691,-0.10875366461457657,0.7983399135330548,0.03325258881533448,0.036966755334088025,0.09054074924121691,-0.022635187310304228,1,0.4839796203698586,1,1,True,0
doc_00670,5,0.5,0.6971763823152188,0.7419898101849293,-0.04481342786971043,-0.06039628476641935,0.7814793249967488,0.04840292120717325,0.05629942159952637,0.13535417711092734,-0.008962685573942086,2,0.3943527646304377,1,1,True,0
doc_00679,0,0.0,0.6768432817502623,0.6768432817502623,0.0,0.0,0.6768432817502623,0.0,0.0,0.0,0.0,0,0.35368656350052463,0,0,True,0
doc_00679,1,0.1,0.7024912290264804,0.6768432817502623,0.025647947276218108,0.03789347987601292,0.6896672553883714,0.012823973638109054,0.012823973638109054,0.025647947276218108,0.025647947276218108,0,0.40498245805296085,0,0,True,0
doc_00679,2,0.2,0.6851371727093702,0.7024912290264804,-0.017354056317110178,-0.024703591447198008,0.6881572278287044,0.010686279351385681,0.010686279351385681,0.025647947276218108,-0.008677028158555089,1,0.37027434541874044,0,0,True,0
doc_00679,3,0.3,0.6329915391991349,0.6851371727093702,-0.05214563351023538,-0.07610977127985309,0.674365805671312,0.025617521350671853,0.029534419187973535,0.06949968982734556,-0.017381877836745125,2,0.2659830783982698,0,0,True,0
doc_00679,4,0.4,0.6783937302688696,0.6329915391991349,0.045402191069734754,0.07172637904003884,0.6751713905908235,0.022969583983430786,0.023156472730978192,0.06949968982734556,0.011350547767433689,0,0.35678746053773924,0,0,True,0
doc_00679,5,0.5,0.6750715925823767,0.6783937302688696,-0.003322137686492921,-0.004897064253787028,0.6751547575894157,0.020968298458869907,0.02066431826839363,0.06949968982734556,-0.0006644275372985842,1,0.3501431851647534,0,0,True,0
doc_00682,0,0.0,0.5477056700638692,0.5477056700638692,0.0,0.0,0.5477056700638692,0.0,0.0,0.0,0.0,0,0.09541134012773839,1,1,True,0
doc_00682,1,0.1,0.5290578435458796,0.5477056700638692,-0.018647826517989574,-0.03404716718710436,0.5383817568048743,0.009323913258994787,0.009323913258994787,0.018647826517989574,-0.018647826517989574,1,0.05811568709175918,1,1,True,0
doc_00682,2,0.2,0.5207426305814846,0.5290578435458796,-0.008315212964394969,-0.015717020484309063,0.5325020480637445,0.01127381281563067,0.01127381281563067,0.026963039482384543,-0.0041576064821974845,2,0.041485261162969245,0,1,False,1
doc_00682,3,0.3,0.5192107037685353,0.5207426305814846,-0.0015319268129493357,-0.00294181179527921,0.5291792119899421,0.011333484030583634,0.004326349862541706,0.02849496629533388,-0.0005106422709831119,3,0.03842140753707057,1,1,True,0
doc_00682,4,0.4,0.5255116955829738,0.5192107037685353,0.00630099181443855,0.012135712474154884,0.5284457087085485,0.010242577628334408,0.002683142407167885,0.02849496629533388,0.0015752479536096375,0,0.05102339116594773,1,1,True,0
doc_00682,5,0.5,0.5351025252951643,0.5255116955829738,0.009590829712190496,0.01825045911024103,0.5295551781396511,0.009673672647266386,0.0065339838438742545,0.02849496629533388,0.0019181659424380992,0,0.07020505059032872,0,1,False,1
doc_00696,0,0.0,0.741474373842136,0.741474373842136,0.0,0.0,0.741474373842136,0.0,0.0,0.0,0.0,0,0.482948747684272,1,1,True,0
doc_00696,1,0.1,0.7396885891237022,0.741474373842136,-0.001785784718433825,-0.0024084240554131794,0.740581481482919,0.0008928923592169125,0.0008928923592169125,0.001785784718433825,-0.001785784718433825,1,0.4793771782474044,1,1,True,0
doc_00696,2,0.2,0.7013544091808338,0.7396885891237022,-0.03833417994286836,-0.05182475504763739,0.7275057907155573,0.01850618498225492,0.01850618498225492,0.04011996466130219,-0.01916708997143418,2,0.4027088183616676,1,1,True,0
doc_00696,3,0.3,0.7036615867832314,0.7013544091808338,0.0023071776023976254,0.0032896030483252495,0.7215447397324759,0.019064667540158366,0.017552389258133936,0.04011996466130219,0.0007690592007992084,0,0.4073231735664629,1,1,True,0
doc_00696,4,0.4,0.7157787139793271,0.7036615867832314,0.0121171271960957,0.01722010611875063,0.7203915345818461,0.017207230085378944,0.0063263857409986985,0.04011996466130219,0.003029281799023925,0,0.4315574279586543,1,1,True,0
doc_00696,5,0.5,0.6954193278804303,0.7157787139793271,-0.02035938609889687,-0.028443687554928997,0.7162295001316101,0.018257965197890955,0.008361713046387368,0.04605504596170573,-0.004071877219779374,1,0.3908386557608606,1,1,True,0
doc_00700,0,0.0,0.6130007343132184,0.6130007343132184,0.0,0.0,0.6130007343132184,0.0,0.0,0.0,0.0,0,0.22600146862643683,0,1,False,1
doc_00700,1,0.1,0.6362613561937888,0.6130007343132184,0.02326062188057032,0.037945504105522145,0.6246310452535035,0.01163031094028516,0.01163031094028516,0.02326062188057032,0.02326062188057032,0,0.2725227123875776,0,1,False,1
doc_00700,2,0.2,0.6421972670476953,0.6362613561937888,0.005935910853906545,0.009329359383722528,0.6304864525182342,0.012599510976629086,0.012599510976629086,0.029196532734476865,0.0029679554269532726,0,0.2843945340953906,0,1,False,1
doc_00700,3,0.3,0.6556727407315435,0.6421972670476953,0.01347547368384816,0.020983386842796003,0.6367830245715616,0.015427288047673047,0.008121475497730913,0.042672006418325026,0.00449182456128272,0,0.311345481463087,0,1,False,1
doc_00700,4,0.4,0.6348428111172584,0.6556727407315435,-0.020829929614285092,-0.031768790008022664,0.636394981880701,0.01382039368919793,0.008625301159140888,0.042672006418325026,-0.005207482403571273,1,0.2696856222345167,0,1,False,1
doc_00700,5,0.5,0.6687158953714667,0.6348428111172584,0.03387308425420832,0.05335664775756877,0.6417818007958286,0.01744300695289957,0.01394989321978136,0.05571516105824825,0.006774616850841663,0,0.3374317907429334,0,1,False,1
doc_00704,0,0.0,0.5403979623713769,0.5403979623713769,0.0,0.0,0.5403979623713769,0.0,0.0,0.0,0.0,0,0.08079592474275393,0,0,True,0
doc_00704,1,0.1,0.5276090169680316,0.5403979623713769,-0.012788945403345298,-0.023665791312803598,0.5340034896697043,0.006394472701672649,0.006394472701672649,0.012788945403345298,-0.012788945403345298,1,0.05521803393606334,0,0,True,0
doc_00704,2,0.2,0.5433634782919291,0.5276090169680316,0.015754461323897462,0.029860106285583138,0.5371234858771126,0.006835808176319885,0.006835808176319885,0.015754461323897462,0.007877230661948731,0,0.0867269565838582,1,0,False,1
doc_00704,3,0.3,0.5248473681961494,0.5433634782919291,-0.018516110095779692,-0.03407683960281127,0.5340544564568718,0.007956320117648099,0.008155952758735005,0.018516110095779692,-0.006172036698593231,1,0.04969473639229882,0,0,True,0
doc_00704,4,0.4,0.5489189068400115,0.5248473681961494,0.024071538643862134,0.045863883678399164,0.5370273465334997,0.009273334108207541,0.010291032191588688,0.024071538643862134,0.006017884660965533,0,0.09783781368002314,1,0,False,1
doc_00704,5,0.5,0.5340816596810553,0.5489189068400115,-0.01483724715895629,-0.027029943720413275,0.536536398724759,0.00853624156112676,0.009915504218518419,0.024071538643862134,-0.002967449431791258,1,0.06816331936211056,0,0,True,0
doc_00712,0,0.0,0.5774591480568413,0.5774591480568413,0.0,0.0,0.5774591480568413,0.0,0.0,0.0,0.0,0,0.15491829611368257,1,0,False,1
doc_00712,1,0.1,0.5374146654388815,0.5774591480568413,-0.04004448261795979,-0.06934600092960701,0.5574369067478614,0.020022241308979893,0.020022241308979893,0.04004448261795979,-0.04004448261795979,1,0.074829330877763,1,0,False,1
doc_00712,2,0.2,0.5443258169059306,0.5374146654388815,0.006911151467049126,0.012859997896419725,0.5530665434672178,0.017477421103610877,0.017477421103610877,0.04004448261795979,0.003455575733524563,0,0.08865163381186125,1,0,False,1
doc_00712,3,0.3,0.5459117667170981,0.5443258169059306,0.001585949811167442,0.002913603878247654,0.5512778492796879,0.015449707667597378,0.0036890224772109263,0.04004448261795979,0.000528649937055814,0,0.09182353343419619,0,0,True,0
doc_00712,4,0.4,0.536607293447403,0.5459117667170981,-0.00930447326969508,-0.017043914121229842,0.5483437381132309,0.015013021246900434,0.004064262458851322,0.0408518546094383,-0.00232611831742377,1,0.07321458689480598,1,0,False,1
doc_00712,5,0.5,0.5667647829598677,0.536607293447403,0.030157489512464664,0.05620029746282349,0.551413912254337,0.015328258829696005,0.012609060600052199,0.0408518546094383,0.006031497902492933,0,0.13352956591973536,1,0,False,1
doc_00717,0,0.0,0.8031786577656431,0.8031786577656431,0.0,0.0,0.8031786577656431,0.0,0.0,0.0,0.0,0,0.6063573155312864,1,1,True,0
doc_00717,1,0.1,0.8090846237405551,0.8031786577656431,0.0059059659749119975,0.007353240674175483,0.8061316407530992,0.0029529829874559987,0.0029529829874559987,0.0059059659749119975,0.0059059659749119975,0,0.6181692474811104,1,1,True,0
doc_00717,2,0.2,0.8045790130272876,0.8090846237405551,-0.004505610713267494,-0.0055687756027758654,0.8056140981778287,0.0025197433038383643,0.0025197433038383643,0.0059059659749119975,-0.002252805356633747,1,0.6091580260545754,1,1,True,0
doc_00717,3,0.3,0.8351395106675,0.8045790130272876,0.030560497640212403,0.03798321500485861,0.8129954513002465,0.012969770679985518,0.013470550911330917,0.031960852901856907,0.010186832546737468,0,0.6702790213350002,1,1,True,0
doc_00717,4,0.4,0.767361927166465,0.8351395106675,-0.06777758350103502,-0.08115719904912963,0.8038687464734903,0.021627735091129544,0.027714529525200805,0.06777758350103502,-0.016944395875258755,1,0.53472385433293,1,1,True,0
doc_00717,5,0.5,0.7815806810485295,0.767361927166465,0.014218753882064505,0.018529397118473418,0.8001540689026635,0.021419459647387958,0.029182418636631225,0.06777758350103502,0.002843750776412901,0,0.563161362097059,1,1,True,0
doc_00719,0,0.0,0.5684760151368464,0.5684760151368464,0.0,0.0,0.5684760151368464,0.0,0.0,0.0,0.0,0,0.13695203027369285,1,1,True,0
doc_00719,1,0.1,0.568622611294363,0.5684760151368464,0.0001465961575165542,0.0002578757126301359,0.5685493132156048,7.32980787582771e-05,7.32980787582771e-05,0.0001465961575165542,0.0001465961575165542,0,0.13724522258872596,1,1,True,0
doc_00719,2,0.2,0.6090920048866674,0.568622611294363,0.04046939359230439,0.07117091861715345,0.5820635437726257,0.019112101842433084,0.019112101842433084,0.04061598974982095,0.020234696796152196,0,0.2181840097733348,1,1,True,0
doc_00719,3,0.3,0.5300794429428839,0.6090920048866674,-0.07901256194378348,-0.12972188324567682,0.5690675185651902,0.027940013264197663,0.03225993832951935,0.07901256194378348,-0.026337520647927826,1,0.06015888588576779,1,1,True,0
doc_00719,4,0.4,0.5654959660212269,0.5300794429428839,0.035416523078342976,0.06681361360047895,0.5683532080563976,0.025031109263768548,0.03231430652656639,0.07901256194378348,0.008854130769585744,0,0.1309919320424538,1,1,True,0
doc_00719,5,0.5,0.6097169212476182,0.5654959660212269,0.044220955226391356,0.07819853347058438,0.5752471602549344,0.027563803143328222,0.032578027596714014,0.07963747830473433,0.008844191045278272,0,0.21943384249523645,0,1,False,1
doc_00721,0,0.0,0.5445473870671929,0.5445473870671929,0.0,0.0,0.5445473870671929,0.0,0.0,0.0,0.0,0,0.08909477413438566,0,0,True,0
doc_00721,1,0.1,0.5005506157301007,0.5445473870671929,-0.04399677133709212,-0.08079511973062367,0.5225490013986468,0.02199838566854606,0.02199838566854606,0.04399677133709212,-0.04399677133709212,1,0.0011012314602015238,1,0,False,1
doc_00721,2,0.2,0.5379764163209093,0.5005506157301007,0.03742580059080858,0.07476926291703684,0.527691473039401,0.019378063469637954,0.019378063469637954,0.04399677133709212,0.01871290029540429,0,0.07595283264181862,0,0,True,0
doc_00721,3,0.3,0.5368383528215177,0.5379764163209093,-0.0011380634993916061,-0.0021154523969183396,0.5299781929849301,0.01724294847764821,0.017380658476234163,0.04399677133709212,-0.00037935449979720204,1,0.07367670564303552,0,0,True,0
doc_00721,4,0.4,0.5324208208729472,0.5368383528215177,-0.00441753194857053,-0.008228793500600028,0.5304667185625335,0.015453480084503798,0.0023961640137405366,0.04399677133709212,-0.0011043829871426325,2,0.06484164174589435,0,0,True,0
doc_00721,5,0.5,0.5914497623032107,0.5324208208729472,0.05902894143026349,0.11086895762919405,0.5406305591859797,0.026749329961001593,0.026845931950196564,0.09089914657310993,0.011805788286052698,0,0.1828995246064214,0,0,True,0
doc_00724,0,0.0,0.5989904568107838,0.5989904568107838,0.0,0.0,0.5989904568107838,0.0,0.0,0.0,0.0,0,0.19798091362156767,0,0,True,0
doc_00724,1,0.1,0.5558440399331086,0.5989904568107838,-0.043146416877675176,-0.07203189364217998,0.5774172483719462,0.021573208438837588,0.021573208438837588,0.043146416877675176,-0.043146416877675176,1,0.1116880798662172,0,0,True,0
doc_00724,2,0.2,0.5812167521570508,0.5558440399331086,0.025372712223942218,0.045647178706810676,0.5786837496336478,0.0177052797903753,0.0177052797903753,0.043146416877675176,0.012686356111971109,0,0.1624335043141017,0,0,True,0
doc_00724,3,0.3,0.573029036745599,0.5812167521570508,-0.008187715411451801,-0.01408719790175524,0.5772700714116356,0.015527496826204107,0.010573222596641731,0.043146416877675176,-0.0027292384704839336,1,0.14605807349119804,0,0,True,0
doc_00724,4,0.4,0.5657905916012449,0.573029036745599,-0.007238445144354122,-0.012631899398088774,0.5749741754495574,0.014627613586124346,0.006301677036580127,0.043146416877675176,-0.0018096112860885305,2,0.1315811832024898,0,0,True,0
doc_00724,5,0.5,0.5958033326050083,0.5657905916012449,0.030012741003763388,0.0530456699868838,0.5784457016421326,0.015445496750924447,0.012788138004323947,0.043146416877675176,0.006002548200752677,0,0.19160666521001657,0,0,True,0
doc_00737,0,0.0,0.584545051929591,0.584545051929591,0.0,0.0,0.584545051929591,0.0,0.0,0.0,0.0,0,0.16909010385918216,1,1,True,0
doc_00737,1,0.1,0.5971780292635568,0.584545051929591,0.012632977333965734,0.021611640184557385,0.5908615405965739,0.006316488666982867,0.006316488666982867,0.012632977333965734,0.012632977333965734,0,0.19435605852711357,1,1,True,0
doc_00737,2,0.2,0.5940012309718616,0.5971780292635568,-0.0031767982916951487,-0.005319683806205653,0.5919081040550032,0.005365563921756414,0.005365563921756414,0.012632977333965734,-0.0015883991458475744,1,0.18800246194372333,1,1,True,0
doc_00737,3,0.3,0.5997537998099705,0.5940012309718616,0.005752568838108818,0.00968443925393367,0.5938695279937449,0.005756171362220641,0.002352745194001397,0.015208747880379403,0.0019175229460362726,0,0.19950759961994097,1,1,True,0
doc_00737,4,0.4,0.5348910488671955,0.5997537998099705,-0.06486275094277494,-0.10814896206297724,0.5820738321684351,0.024146647117435003,0.02931492251121796,0.06486275094277494,-0.016215687735693735,1,0.06978209773439104,1,1,True,0
doc_00737,5,0.5,0.5673716924433743,0.5348910488671955,0.03248064357617875,0.06072384954836503,0.5796234755475916,0.02271354317783777,0.026480117372366965,0.06486275094277494,0.006496128715235749,0,0.13474338488674859,1,1,True,0
doc_00741,0,0.0,0.6790513668523569,0.6790513668523569,0.0,0.0,0.6790513668523569,0.0,0.0,0.0,0.0,0,0.3581027337047138,0,0,True,0
doc_00741,1,0.1,0.6206178725495859,0.6790513668523569,-0.058433494302771005,-0.08605165552295536,0.6498346197009714,0.029216747151385503,0.029216747151385503,0.058433494302771005,-0.058433494302771005,1,0.2412357450991719,0,0,True,0
doc_00741,2,0.2,0.6222423289879271,0.6206178725495859,0.001624456438341193,0.0026174825286092657,0.64063718946329,0.02717101989300418,0.02717101989300418,0.058433494302771005,0.0008122282191705965,0,0.24448465797585417,0,0,True,0
doc_00741,3,0.3,0.6208575715868672,0.6222423289879271,-0.0013847574010599217,-0.002225431052420076,0.6356922849941843,0.02504105593111573,0.0007159971607898356,0.058433494302771005,-0.00046158580035330726,1,0.24171514317373427,0,0,True,0
doc_00741,4,0.4,0.6518665299935045,0.6208575715868672,0.03100895840663731,0.049945365613212465,0.6389271339940483,0.023313098848585068,0.014302549655153584,0.058433494302771005,0.007752239601659328,0,0.30373305998700895,0,0,True,0
doc_00741,5,0.5,0.6004491296905206,0.6518665299935045,-0.05141740030298392,-0.07887719024858704,0.6325141332767937,0.0256622298186938,0.021139244851482615,0.07860223716183634,-0.010283480060596784,1,0.20089825938104106,0,0,True,0
doc_00750,0,0.0,0.9631982763676868,0.9631982763676868,0.0,0.0,0.9631982763676868,0.0,0.0,0.0,0.0,0,0.9263965527353737,1,0,False,1
doc_00750,1,0.1,0.951794704782192,0.9631982763676868,-0.011403571585494876,-0.011839277400390332,0.9574964905749395,0.005701785792747438,0.005701785792747438,0.011403571585494876,-0.011403571585494876,1,0.9035894095643839,1,0,False,1
doc_00750,2,0.2,0.950893635072488,0.951794704782192,-0.0009010697097039388,-0.0009467059494832334,0.955295538740789,0.005600174292235754,0.005600174292235754,0.012304641295198815,-0.0004505348548519694,2,0.9017872701449762,1,0,False,1
doc_00750,3,0.3,0.9505364330038312,0.950893635072488,-0.0003572020686568589,-0.00037564881652576087,0.9541057623065495,0.005269551021479748,0.000529440774971093,0.012661843363855674,-0.00011906735621895297,3,0.9010728660076625,1,0,False,1
doc_00750,4,0.4,0.947528281923218,0.9505364330038312,-0.0030081510806131417,-0.0031646878290682175,0.9527902662298832,0.005397837908392605,0.001509310661672638,0.015669994444468816,-0.0007520377701532854,4,0.8950565638464363,1,0,False,1
doc_00750,5,0.5,0.9492255235662944,0.947528281923218,0.001697241643076386,0.0017912305895835205,0.9521961424526184,0.005103475324190746,0.00123144385319788,0.015669994444468816,0.0003394483286152772,0,0.8984510471325888,1,0,False,1
doc_00755,0,0.0,0.6489737841217679,0.6489737841217679,0.0,0.0,0.6489737841217679,0.0,0.0,0.0,0.0,0,0.2979475682435358,0,0,True,0
doc_00755,1,0.1,0.6620315451910852,0.6489737841217679,0.01305776106931733,0.020120629505840384,0.6555026646564266,0.006528880534658665,0.006528880534658665,0.01305776106931733,0.01305776106931733,0,0.3240630903821704,0,0,True,0
doc_00755,2,0.2,0.6369711011952551,0.6620315451910852,-0.025060443995830073,-0.03785385179583363,0.6493254768360361,0.010233905384911661,0.010233905384911661,0.025060443995830073,-0.012530221997915036,1,0.2739422023905103,0,0,True,0
doc_00755,3,0.3,0.6813674421855904,0.6369711011952551,0.04439634099033529,0.06969914476029922,0.6573359681734248,0.016463703379544524,0.018174884560783866,0.04439634099033529,0.014798780330111764,0,0.36273488437118084,0,0,True,0
doc_00755,4,0.4,0.6684963102963085,0.6813674421855904,-0.012871131889281906,-0.018890148093950277,0.6595680365980015,0.015387376026589822,0.018650409403628394,0.04439634099033529,-0.0032177829723204765,1,0.33699262059261703,0,0,True,0
doc_00755,5,0.5,0.6675943999565199,0.6684963102963085,-0.0009019103397885919,-0.0013491627790568111,0.6609057638244212,0.014361651070864009,0.006290876732892786,0.04439634099033529,-0.00018038206795771837,2,0.33518879991303985,0,0,True,0
doc_00760,0,0.0,0.6194011750993732,0.6194011750993732,0.0,0.0,0.6194011750993732,0.0,0.0,0.0,0.0,0,0.2388023501987464,0,0,True,0
doc_00760,1,0.1,0.6507715023899242,0.6194011750993732,0.031370327290551,0.05064621856023784,0.6350863387446487,0.0156851636452755,0.0156851636452755,0.031370327290551,0.031370327290551,0,0.3015430047798484,0,0,True,0
doc_00760,2,0.2,0.6641885367775432,0.6507715023899242,0.013417034387618987,0.020617120353834843,0.6447870714222802,0.018767649507022716,0.018767649507022716,0.04478736167816999,0.006708517193809493,0,0.3283770735550864,0,0,True,0
doc_00760,3,0.3,0.6322929046804577,0.6641885367775432,-0.03189563209708546,-0.04802195510906306,0.6416635297368246,0.01713003324562373,0.01307587571717677,0.04478736167816999,-0.010631877365695153,1,0.2645858093609155,0,0,True,0
doc_00760,4,0.4,0.5819822682158788,0.6322929046804577,-0.050310636464578895,-0.07956856085551745,0.6297272774326355,0.028366298797586943,0.03384008484225004,0.08220626856166435,-0.012577659116144724,2,0.16396453643175762,0,0,True,0
doc_00760,5,0.5,0.5675589109423289,0.5819822682158788,-0.01442335727354993,-0.02478315588164925,0.6193658830175844,0.03474667697324323,0.027748239827659105,0.09662962583521428,-0.002884671454709986,3,0.13511782188465782,0,0,True,0
doc_00762,0,0.0,0.6822400053370586,0.6822400053370586,0.0,0.0,0.6822400053370586,0.0,0.0,0.0,0.0,0,0.36448001067411734,1,1,True,0
doc_00762,1,0.1,0.653030257552696,0.6822400053370586,-0.029209747784362694,-0.04281447519327411,0.6676351314448773,0.014604873892181347,0.014604873892181347,0.029209747784362694,-0.029209747784362694,1,0.30606051510539195,1,1,True,0
doc_00762,2,0.2,0.6678256794496986,0.653030257552696,0.01479542189700267,0.022656564111516318,0.6676986474464844,0.011925167902490956,0.011925167902490956,0.029209747784362694,0.007397710948501335,0,0.33565135889939723,1,1,True,0
doc_00762,3,0.3,0.6697717921655044,0.6678256794496986,0.0019461127158058034,0.0029141028500273276,0.6682169336262394,0.010366440267484567,0.007475670501364865,0.029209747784362694,0.0006487042386019345,0,0.33954358433100884,1,1,True,0
doc_00762,4,0.4,0.593572161314147,0.6697717921655044,-0.07619963085135739,-0.11376954321260521,0.6532879791638209,0.03126443974261043,0.03547104617711692,0.08866784402291161,-0.019049907712839348,1,0.1871443226282941,1,1,True,0
doc_00762,5,0.5,0.5982815693700669,0.593572161314147,0.004709408055919906,0.00793401099791043,0.6441202441981951,0.035139595174331135,0.034863884881798354,0.08866784402291161,0.0009418816111839811,0,0.19656313874013392,1,1,True,0
doc_00768,0,0.0,0.6874388667460699,0.6874388667460699,0.0,0.0,0.6874388667460699,0.0,0.0,0.0,0.0,0,0.3748777334921398,1,1,True,0
doc_00768,1,0.1,0.693021018199713,0.6874388667460699,0.005582151453643047,0.008120215081910714,0.6902299424728915,0.0027910757268215236,0.0027910757268215236,0.005582151453643047,0.005582151453643047,0,0.38604203639942597,1,1,True,0
doc_00768,2,0.2,0.6718638773325036,0.693021018199713,-0.021157140867209323,-0.030528858882476657,0.6841079207594288,0.008952748304037703,0.008952748304037703,0.021157140867209323,-0.010578570433604662,1,0.3437277546650073,1,1,True,0
doc_00768,3,0.3,0.6705151113618426,0.6718638773325036,-0.0013487659706610255,-0.002007498864228304,0.6807097184100324,0.009734326595554533,0.010306198900087328,0.02250590683787035,-0.0004495886568870085,2,0.3410302227236852,1,1,True,0
doc_00768,4,0.4,0.6504596670312961,0.6705151113618426,-0.020055444330546512,-0.029910503120225158,0.6746597081342851,0.0149069174802078,0.009787635258367696,0.04256135116841686,-0.005013861082636628,3,0.3009193340625922,1,1,True,0
doc_00768,5,0.5,0.6193508651281187,0.6504596670312961,-0.03110880190317744,-0.047825873731969115,0.6654415676332573,0.024699205023337823,0.021049567152614704,0.0736701530715943,-0.006221760380635488,4,0.23870173025623737,1,1,True,0
doc_00776,0,0.0,0.521414251515334,0.521414251515334,0.0,0.0,0.521414251515334,0.0,0.0,0.0,0.0,0,0.04282850303066815,0,0,True,0
doc_00776,1,0.1,0.5226148249630864,0.521414251515334,0.0012005734477523733,0.0023025328599348156,0.5220145382392103,0.0006002867238761866,0.0006002867238761866,0.0012005734477523733,0.0012005734477523733,0,0.045229649926172844,0,0,True,0
doc_00776,2,0.2,0.50283010811319,0.5226148249630864,-0.019784716849896467,-0.037857167276672474,0.5156197281972035,0.0090568990488251,0.0090568990488251,0.019784716849896467,-0.009892358424948233,1,0.005660216226379966,0,0,True,0
doc_00776,3,0.3,0.5200835480260317,0.50283010811319,0.017253439912841784,0.03431266273529893,0.5167356831544105,0.008078157691268587,0.008790926967862845,0.019784716849896467,0.005751146637613928,0,0.04016709605206353,0,0,True,0
doc_00776,4,0.4,0.5214261861827862,0.5200835480260317,0.0013426381567545054,0.0025815816744260913,0.5176737837600858,0.007464947175531367,0.008467572035690927,0.019784716849896467,0.00033565953918862634,0,0.042852372365572544,0,0,True,0
doc_00776,5,0.5,0.6125765675654327,0.5214261861827862,0.09115038138264642,0.17480975025426437,0.5334909143943102,0.036018689192027005,0.043288635109688584,0.1097464594522427,0.018230076276529283,0,0.22515313513086538,0,0,True,0
doc_00781,0,0.0,0.5628718047751821,0.5628718047751821,0.0,0.0,0.5628718047751821,0.0,0.0,0.0,0.0,0,0.12574360955036418,0,0,True,0
doc_00781,1,0.1,0.5545572727182098,0.5628718047751821,-0.008314532056972301,-0.01477162648126109,0.5587145387466959,0.004157266028486151,0.004157266028486151,0.008314532056972301,-0.008314532056972301,1,0.10911454543641957,0,0,True,0
doc_00781,2,0.2,0.6180034710240137,0.5545572727182098,0.06344619830580389,0.11440873905560185,0.5784775161724685,0.028154439448944163,0.028154439448944163,0.06344619830580389,0.031723099152901946,0,0.23600694204802736,0,0,True,0
doc_00781,3,0.3,0.5826077716851767,0.6180034710240137,-0.035395699338836906,-0.05727427271595622,0.5795100800506455,0.024447963309869914,0.025959597033853605,0.06344619830580389,-0.011798566446278969,1,0.16521554337035355,0,0,True,0
doc_00781,4,0.4,0.5090015174921679,0.5826077716851767,-0.07360625419300881,-0.12633929338104222,0.56540836753895,0.035687469944654764,0.04540210722198527,0.10900195353184572,-0.018401563548252203,2,0.01800303498433592,1,0,False,1
doc_00781,5,0.5,0.5977350406456718,0.5090015174921679,0.08873352315350391,0.17432860237959755,0.5707961463900703,0.034734282737449655,0.038759017665803204,0.10900195353184572,0.017746704630700782,0,0.19547008129134374,0,0,True,0
doc_00782,0,0.0,0.8997011176345372,0.8997011176345372,0.0,0.0,0.8997011176345372,0.0,0.0,0.0,0.0,0,0.7994022352690744,1,1,True,0
doc_00782,1,0.1,0.8914059494354444,0.8997011176345372,-0.008295168199092817,-0.009219915410244443,0.8955535335349908,0.004147584099546409,0.004147584099546409,0.008295168199092817,-0.008295168199092817,1,0.7828118988708888,1,1,True,0
doc_00782,2,0.2,0.894966167833721,0.8914059494354444,0.0035602183982765823,0.0039939360967148375,0.8953577449679009,0.0033977888252822693,0.0033977888252822693,0.008295168199092817,0.0017801091991382911,0,0.7899323356674419,1,1,True,0
doc_00782,3,0.3,0.8727481242276128,0.894966167833721,-0.02221804360610813,-0.024825568166322125,0.8897053397828288,0.010222904665729619,0.009743550905384339,0.026952993406924364,-0.007406014535369376,1,0.7454962484552257,1,1,True,0
doc_00782,4,0.4,0.8708159310447033,0.8727481242276128,-0.0019321931829094918,-0.0022139184597153895,0.8859274580352038,0.011861525443206395,0.010957538091016128,0.028885186589833856,-0.00048304829572737296,2,0.7416318620894067,1,1,True,0
doc_00782,5,0.5,0.8499604671372758,0.8708159310447033,-0.02085546390742754,-0.02394933666682876,0.8799329595522157,0.017231266596294863,0.01031698201433433,0.049740650497261396,-0.004171092781485508,3,0.6999209342745516,1,1,True,0
doc_00786,0,0.0,0.8948011458591899,0.8948011458591899,0.0,0.0,0.8948011458591899,0.0,0.0,0.0,0.0,0,0.7896022917183798,1,1,True,0
doc_00786,1,0.1,0.8928214996807767,0.8948011458591899,-0.0019796461784131747,-0.0022123867270110774,0.8938113227699833,0.0009898230892065873,0.0009898230892065873,0.0019796461784131747,-0.0019796461784131747,1,0.7856429993615536,1,1,True,0
doc_00786,2,0.2,0.8776346653806547,0.8928214996807767,-0.01518683430012202,-0.017009933458761898,0.888419103640207,0.007668456219192133,0.007668456219192133,0.017166480478535195,-0.00759341715006101,2,0.7552693307613095,1,1,True,0
doc_00786,3,0.3,0.8706296039705028,0.8776346653806547,-0.0070050614101518915,-0.00798175104798715,0.8839717287227811,0.010170611906748856,0.009262775301861842,0.024171541888687087,-0.0023350204700506305,3,0.7412592079410057,1,1,True,0
doc_00786,4,0.4,0.8751688528162441,0.8706296039705028,0.004539248845741306,0.005213754304976628,0.8822111535414736,0.009754566987944847,0.002901262120877895,0.024171541888687087,0.0011348122114353265,0,0.7503377056324884,1,1,True,0
doc_00786,5,0.5,0.8782387267358289,0.8751688528162441,0.003069873919584798,0.0035077504297669148,0.8815490824071995,0.0090268860560798,0.003125658245758709,0.024171541888687087,0.0006139747839169595,0,0.756477453471658,1,1,True,0
doc_00794,0,0.0,0.6426393586113618,0.6426393586113618,0.0,0.0,0.6426393586113618,0.0,0.0,0.0,0.0,0,0.2852787172227236,1,1,True,0
doc_00794,1,0.1,0.6262500763842395,0.6426393586113618,-0.016389282227122326,-0.025503078838085603,0.6344447174978006,0.008194641113561163,0.008194641113561163,0.016389282227122326,-0.016389282227122326,1,0.252500152768479,1,1,True,0
doc_00794,2,0.2,0.5845470662721605,0.6262500763842395,-0.041703010112079,-0.06659162479126289,0.6178121670892539,0.024455092751934922,0.024455092751934922,0.058092292339201324,-0.0208515050560395,2,0.16909413254432099,1,1,True,0
doc_00794,3,0.3,0.6540251884059043,0.5845470662721605,0.06947812213374382,0.11885804607117019,0.6268654224184165,0.02635190633131383,0.02855366751196696,0.06947812213374382,0.023159374044581276,0,0.3080503768118086,1,1,True,0
doc_00794,4,0.4,0.6292387149310668,0.6540251884059043,-0.024786473474837534,-0.03789834690503454,0.6273400809209465,0.02358897150389492,0.028749728853603256,0.06947812213374382,-0.006196618368709383,1,0.25847742986213357,1,1,True,0
doc_00794,5,0.5,0.5307321060535436,0.6292387149310668,-0.09850660887752316,-0.15654886856145617,0.6112387517763794,0.04195192067456202,0.053249001467752265,0.1232930823523607,-0.019701321775504634,2,0.06146421210708719,1,1,True,0
doc_00796,0,0.0,0.5590970967831508,0.5590970967831508,0.0,0.0,0.5590970967831508,0.0,0.0,0.0,0.0,0,0.11819419356630151,0,1,False,1
doc_00796,1,0.1,0.559740969842912,0.5590970967831508,0.000643873059761213,0.0011516301255467673,0.5594190333130313,0.0003219365298806065,0.0003219365298806065,0.000643873059761213,0.000643873059761213,0,0.11948193968582399,0,1,False,1
doc_00796,2,0.2,0.5607168195350466,0.559740969842912,0.0009758496921346005,0.0017433951500967794,0.5598516287203698,0.0006658625927433784,0.0006658625927433784,0.0016197227518958135,0.00048792484606730024,0,0.12143363907009319,1,1,True,0
doc_00796,3,0.3,0.5288312920642514,0.5607168195350466,-0.031885527470795205,-0.05686565189400789,0.5520965445563402,0.013444572173106115,0.014806332448175679,0.031885527470795205,-0.010628509156931734,1,0.05766258412850278,1,1,True,0
doc_00796,4,0.4,0.5468824906206857,0.5288312920642514,0.018051198556434334,0.034134134699126635,0.5510537337692092,0.012204713601117955,0.013055102399382967,0.031885527470795205,0.004512799639108583,0,0.09376498124137145,1,1,True,0
doc_00796,5,0.5,0.5725339003096152,0.5468824906206857,0.025651409688929427,0.04690479239848453,0.5546337615259436,0.013719044746848635,0.017931222167557832,0.04370260824536376,0.005130281937785886,0,0.14506780061923036,1,1,True,0
doc_00799,0,0.0,0.6934309124822515,0.6934309124822515,0.0,0.0,0.6934309124822515,0.0,0.0,0.0,0.0,0,0.38686182496450305,1,1,True,0
doc_00799,1,0.1,0.6882607934515979,0.6934309124822515,-0.005170119030653675,-0.007455853117575004,0.6908458529669247,0.0025850595153268374,0.0025850595153268374,0.005170119030653675,-0.005170119030653675,1,0.37652158690319576,1,1,True,0
doc_00799,2,0.2,0.6640802513347608,0.6882607934515979,-0.024180542116837067,-0.03513281934246567,0.6819239857562035,0.012792749933067908,0.012792749933067908,0.029350661147490742,-0.012090271058418534,2,0.32816050266952157,1,1,True,0
doc_00799,3,0.3,0.6076669585684312,0.6640802513347608,-0.05641329276632956,-0.08494951122690711,0.6633597289592604,0.03400934767686738,0.033768039522896115,0.0857639539138203,-0.018804430922109854,3,0.21533391713686245,1,1,True,0
doc_00799,4,0.4,0.6403851411353677,0.6076669585684312,0.03271818256693648,0.05384229322590688,0.6587648113944818,0.03177674705241675,0.023128619401042175,0.0857639539138203,0.00817954564173412,0,0.2807702822707354,1,1,True,0
doc_00799,5,0.5,0.6700110716031511,0.6403851411353677,0.02962593046778339,0.046262676262691295,0.6606391880959267,0.02930929007082329,0.02546231126947183,0.0857639539138203,0.005925186093556678,0,0.3400221432063022,1,1,True,0
doc_00808,0,0.0,0.5821009700341183,0.5821009700341183,0.0,0.0,0.5821009700341183,0.0,0.0,0.0,0.0,0,0.16420194006823663,0,0,True,0
doc_00808,1,0.1,0.5527281485144182,0.5821009700341183,-0.02937282151970011,-0.050460011289756995,0.5674145592742683,0.014686410759850055,0.014686410759850055,0.02937282151970011,-0.02937282151970011,1,0.10545629702883641,0,0,True,0
doc_00808,2,0.2,0.5998980818211191,0.5527281485144182,0.04716993330670094,0.0853402046439661,0.5782424001232186,0.01944937142699183,0.01944937142699183,0.04716993330670094,0.02358496665335047,0,0.19979616364223834,0,0,True,0
doc_00808,3,0.3,0.685406266592026,0.5998980818211191,0.08550818477090683,0.1425378532822249,0.6050333667404204,0.04936573926855433,0.05491421116168361,0.13267811807760777,0.02850272825696894,0,0.370812533184052,0,0,True,0
doc_00808,4,0.4,0.6181488025905986,0.685406266592026,-0.0672574640014274,-0.0981278801780507,0.6076564539104561,0.04446462994371067,0.03677001334923209,0.13267811807760777,-0.01681436600035685,1,0.2362976051811972,0,0,True,0
doc_00808,5,0.5,0.6255094725986983,0.6181488025905986,0.007360670008099701,0.011907602145716184,0.6106319570251632,0.04113215519056552,0.03012081572148806,0.13267811807760777,0.0014721340016199402,0,0.2510189451973966,0,0,True,0
doc_00823,0,0.0,0.5900588113820661,0.5900588113820661,0.0,0.0,0.5900588113820661,0.0,0.0,0.0,0.0,0,0.18011762276413218,0,0,True,0
doc_00823,1,0.1,0.6022589769388327,0.5900588113820661,0.012200165556766618,0.02067618569781335,0.5961588941604494,0.006100082778383309,0.006100082778383309,0.012200165556766618,0.012200165556766618,0,0.20451795387766536,0,0,True,0
doc_00823,2,0.2,0.5955805368474418,0.6022589769388327,-0.006678440091390847,-0.011088983887523076,0.5959661083894469,0.004988153229645332,0.004988153229645332,0.012200165556766618,-0.0033392200456954235,1,0.19116107369488372,0,0,True,0
doc_00823,3,0.3,0.5706271631730169,0.5955805368474418,-0.02495337367442496,-0.04189756402469004,0.5896313720853394,0.01179185764031895,0.01361308219612066,0.03163181376581581,-0.008317791224808321,2,0.1412543263460337,0,0,True,0
doc_00823,4,0.4,0.658376761333435,0.5706271631730169,0.08774959816041816,0.15377746420706592,0.6033804499349585,0.029451432769004443,0.0369173681569854,0.08774959816041816,0.02193739954010454,0,0.31675352266687,0,0,True,0
doc_00823,5,0.5,0.613148902692908,0.658376761333435,-0.04522785864052703,-0.0686960131292079,0.6050085253946168,0.027130712460869223,0.03582930133334359,0.08774959816041816,-0.009045571728105406,1,0.22629780538581612,0,0,True,0
doc_00829,0,0.0,0.6037974051906002,0.6037974051906002,0.0,0.0,0.6037974051906002,0.0,0.0,0.0,0.0,0,0.20759481038120042,1,1,True,0
doc_00829,1,0.1,0.6402845624071869,0.6037974051906002,0.036487157216586685,0.06042947005555417,0.6220409837988936,0.018243578608293343,0.018243578608293343,0.036487157216586685,0.036487157216586685,0,0.2805691248143738,1,1,True,0
doc_00829,2,0.2,0.5886859333976284,0.6402845624071869,-0.05159862900955847,-0.08058702651766339,0.6109226336651385,0.02165919803882084,0.02165919803882084,0.05159862900955847,-0.025799314504779236,1,0.17737186679525685,1,1,True,0
doc_00829,3,0.3,0.5145824614954096,0.5886859333976284,-0.07410347190221878,-0.12587946763824834,0.5868375906227064,0.04573957301758602,0.0515910858334435,0.12570210091177725,-0.02470115730073959,2,0.029164922990819353,1,1,True,0
doc_00829,4,0.4,0.565398685459621,0.5145824614954096,0.05081622396421137,0.09875234343692198,0.5825498095900893,0.04179984565281968,0.030940640448858858,0.12570210091177725,0.012704055991052843,0,0.13079737091924204,1,1,True,0
doc_00829,5,0.5,0.6073638713475553,0.565398685459621,0.0419651858879343,0.07422229122061041,0.586685486549667,0.0392624719047277,0.03793525984964619,0.12570210091177725,0.00839303717758686,0,0.21472774269511063,1,1,True,0
doc_00833,0,0.0,0.5348217131658539,0.5348217131658539,0.0,0.0,0.5348217131658539,0.0,0.0,0.0,0.0,0,0.06964342633170789,0,0,True,0
doc_00833,1,0.1,0.5575325814938965,0.5348217131658539,0.022710868328042588,0.04246437227390524,0.5461771473298752,0.011355434164021294,0.011355434164021294,0.022710868328042588,0.022710868328042588,0,0.11506516298779312,0,0,True,0
doc_00833,2,0.2,0.5226004497362547,0.5575325814938965,-0.03493213175764176,-0.06265487061588736,0.5383182481320018,0.014473718132312137,0.014473718132312137,0.03493213175764176,-0.01746606587882088,1,0.04520089947250955,0,0,True,0
doc_00833,3,0.3,0.5708053593333406,0.5226004497362547,0.0482049095970859,0.0922404671129041,0.5464400259323365,0.018841608512657457,0.020330966446864326,0.0482049095970859,0.016068303199028633,0,0.14161071866668135,0,0,True,0
doc_00833,4,0.4,0.522312187705994,0.5708053593333406,-0.048493171627346676,-0.08495570483778077,0.5416144582870681,0.01942033422656895,0.022792260135455863,0.048493171627346676,-0.012123292906836669,1,0.04462437541198799,0,0,True,0
doc_00833,5,0.5,0.5794545707337198,0.522312187705994,0.057142383027725785,0.10940273723785066,0.5479211436948433,0.022653091519472583,0.025147671618340674,0.057142383027725785,0.011428476605545157,0,0.15890914146743945,0,0,True,0
doc_00838,0,0.0,0.6396114298190454,0.6396114298190454,0.0,0.0,0.6396114298190454,0.0,0.0,0.0,0.0,0,0.2792228596380908,1,1,True,0
doc_00838,1,0.1,0.6324954002009627,0.6396114298190454,-0.007116029618082664,-0.011125551055421077,0.6360534150100041,0.003558014809041332,0.003558014809041332,0.007116029618082664,-0.007116029618082664,1,0.2649908004019255,1,1,True,0
doc_00838,2,0.2,0.6019948201821756,0.6324954002009627,-0.030500580018787082,-0.04822261159384896,0.6247005500673947,0.01631608810544061,0.01631608810544061,0.03761660963686975,-0.015250290009393541,2,0.20398964036435135,1,1,True,0
doc_00838,3,0.3,0.5467713034729295,0.6019948201821756,-0.05522351670924619,-0.09173420577362186,0.6052182384187783,0.03658336301954489,0.035478542715681655,0.09284012634611594,-0.018407838903082063,3,0.09354260694585897,1,1,True,0
doc_00838,4,0.4,0.5532667847607049,0.5467713034729295,0.00649548128777544,0.011879704085635193,0.5948279476871636,0.038762179064208396,0.024644696321323586,0.09284012634611594,0.00162387032194386,0,0.1065335695214098,1,1,True,0
doc_00838,5,0.5,0.5096075038150858,0.5532667847607049,-0.043659280945619106,-0.0789118055668249,0.5806245403751507,0.04754758319683046,0.019233859307818714,0.1300039260039596,-0.00873185618912382,1,0.019215007630171588,0,1,False,1
doc_00839,0,0.0,0.5970773256262238,0.5970773256262238,0.0,0.0,0.5970773256262238,0.0,0.0,0.0,0.0,0,0.19415465125244774,0,0,True,0
doc_00839,1,0.1,0.5829291571932651,0.5970773256262238,-0.014148168432958741,-0.023695705440028098,0.5900032414097445,0.0070740842164793705,0.0070740842164793705,0.014148168432958741,-0.014148168432958741,1,0.16585831438653031,0,0,True,0
doc_00839,2,0.2,0.5806406154307313,0.5829291571932651,-0.002288541762533791,-0.0039259346256633465,0.5868823660834067,0.007269216184682421,0.007269216184682421,0.016436710195492532,-0.0011442708812668956,2,0.16128123086146262,0,0,True,0
doc_00839,3,0.3,0.6178084213416442,0.5806406154307313,0.03716780591091284,0.06401172243753736,0.5946138798979661,0.014797298589570424,0.017007339223479533,0.03716780591091284,0.012389268636970948,0,0.23561684268328836,0,0,True,0
doc_00839,4,0.4,0.6399111009487849,0.6178084213416442,0.02210267960714074,0.03577594419827129,0.6036733241081299,0.022437962341251064,0.024456230052876556,0.059270485518053584,0.005525669901785185,0,0.2798222018975698,0,0,True,0
doc_00839,5,0.5,0.54288221834266,0.6399111009487849,-0.09702888260612486,-0.15162869102014614,0.5935414731472183,0.030542164535171116,0.04152250848964537,0.09702888260612486,-0.019405776521224972,1,0.08576443668532013,0,0,True,0
doc_00843,0,0.0,0.6726011227962899,0.6726011227962899,0.0,0.0,0.6726011227962899,0.0,0.0,0.0,0.0,0,0.34520224559257984,1,1,True,0
doc_00843,1,0.1,0.6210838958132456,0.6726011227962899,-0.051517226983044284,-0.07659402465589886,0.6468425093047678,0.025758613491522142,0.025758613491522142,0.051517226983044284,-0.051517226983044284,1,0.24216779162649132,1,1,True,0
doc_00843,2,0.2,0.6441909075366672,0.6210838958132456,0.023107011723421556,0.03720433242463209,0.6459586420487343,0.021068931834725923,0.021068931834725923,0.051517226983044284,0.011553505861710778,0,0.2883818150733344,1,1,True,0
doc_00843,3,0.3,0.6877135945025457,0.6441909075366672,0.043522686965878465,0.06756178402502704,0.6563973801621872,0.02568709163560572,0.027623812229755483,0.06662969868930002,0.014507562321959488,0,0.37542718900509137,1,1,True,0
doc_00843,4,0.4,0.5277941650718699,0.6877135945025457,-0.15991942943067572,-0.23253783364040181,0.6306767371441238,0.05633886092571827,0.06750855900186867,0.15991942943067572,-0.03997985735766893,1,0.05558833014373993,1,1,True,0
doc_00843,5,0.5,0.5029328803979092,0.5277941650718699,-0.02486128467396076,-0.04710412944897826,0.609386094353088,0.07008219027886899,0.08187810702507857,0.18478071410463648,-0.004972256934792152,2,0.005865760795818298,0,1,False,1
doc_00845,0,0.0,0.5823542400129892,0.5823542400129892,0.0,0.0,0.5823542400129892,0.0,0.0,0.0,0.0,0,0.16470848002597838,1,1,True,0
doc_00845,1,0.1,0.5686499189127059,0.5823542400129892,-0.013704321100283301,-0.02353262011104724,0.5755020794628476,0.0068521605501416505,0.0068521605501416505,0.013704321100283301,-0.013704321100283301,1,0.13729983782541177,1,1,True,0
doc_00845,2,0.2,0.5642118061703791,0.5686499189127059,-0.00443811274232675,-0.007804648509952658,0.5717386550320248,0.007721925258399371,0.007721925258399371,0.01814243384261005,-0.002219056371163375,2,0.12842361234075833,1,1,True,0
doc_00845,3,0.3,0.5358168288893626,0.5642118061703791,-0.028394977281016587,-0.050326804527096244,0.5627581984963592,0.01693124023924898,0.01454488600461046,0.04653741112362664,-0.009464992427005528,3,0.07163365777872516,1,1,True,0
doc_00845,4,0.4,0.5346017131706162,0.5358168288893626,-0.001215115718746329,-0.0022677819232833963,0.5571269014312106,0.01887271955429677,0.013680922842711392,0.047752526842372967,-0.00030377892968658227,4,0.06920342634123244,1,1,True,0
doc_00845,5,0.5,0.5358713964891346,0.5346017131706162,0.0012696833185183998,0.0023750079493538487,0.553584317274198,0.018962220299678305,0.0005860962721651708,0.047752526842372967,0.00025393666370368,0,0.07174279297826924,1,1,True,0
doc_00847,0,0.0,0.6008580739361947,0.6008580739361947,0.0,0.0,0.6008580739361947,0.0,0.0,0.0,0.0,0,0.20171614787238945,0,0,True,0
doc_00847,1,0.1,0.5615863378073509,0.6008580739361947,-0.039271736128843826,-0.06535942152125279,0.5812222058717729,0.019635868064421913,0.019635868064421913,0.039271736128843826,-0.039271736128843826,1,0.12317267561470191,0,0,True,0
doc_00847,2,0.2,0.5570727712153734,0.5615863378073509,-0.004513566591977547,-0.008037173072265695,0.5731723943196397,0.019663260372548487,0.019663260372548487,0.04378530272082137,-0.0022567832959887735,2,0.11414554243074676,0,0,True,0
doc_00847,3,0.3,0.5301358096206245,0.5570727712153734,-0.0269369615947489,-0.048354475369492854,0.5624132481448859,0.025244019798521287,0.01388487549082441,0.07072226431557027,-0.008978987198249633,3,0.060271619241248964,0,0,True,0
doc_00847,4,0.4,0.5707515384913062,0.5301358096206245,0.040615728870681767,0.07661381882455211,0.56408090621417,0.022823951503074594,0.016873206919857164,0.07072226431557027,0.010153932217670442,0,0.1415030769826125,0,0,True,0
doc_00847,5,0.5,0.5214340594287523,0.5707515384913062,-0.049317479062553904,-0.08640796517678614,0.5569730984166004,0.02620525316830337,0.021493078030907022,0.07942401450744241,-0.00986349581251078,1,0.04286811885750463,0,0,True,0
doc_00850,0,0.0,0.5686099777943432,0.5686099777943432,0.0,0.0,0.5686099777943432,0.0,0.0,0.0,0.0,0,0.1372199555886865,0,0,True,0
doc_00850,1,0.1,0.5336963578642462,0.5686099777943432,-0.034913619930097006,-0.06140170115467915,0.5511531678292947,0.017456809965048503,0.017456809965048503,0.034913619930097006,-0.034913619930097006,1,0.06739271572849248,0,0,True,0
doc_00850,2,0.2,0.5872866467912276,0.5336963578642462,0.053590288926981366,0.10041344321973596,0.5631976608166056,0.022210352662965754,0.022210352662965754,0.053590288926981366,0.026795144463490683,0,0.17457329358245516,0,0,True,0
doc_00850,3,0.3,0.5591301401228984,0.5872866467912276,-0.02815650666832914,-0.04794337964632524,0.5621807806431788,0.019315200229904638,0.021887554086541555,0.053590288926981366,-0.00938550222277638,1,0.11826028024579682,0,0,True,0
doc_00850,4,0.4,0.5093569912514189,0.5591301401228984,-0.049773148871479544,-0.08901889792694642,0.5516160227648268,0.027293186036991882,0.03222005315689691,0.07792965553980868,-0.012443287217869886,2,0.01871398250283779,1,0,False,1
doc_00850,5,0.5,0.5659641196389622,0.5093569912514189,0.05660712838754334,0.11113448791282425,0.5540073722438493,0.02548249919118965,0.025228812031952368,0.07792965553980868,0.011321425677508667,0,0.1319282392779244,0,0,True,0
doc_00852,0,0.0,0.6621739794849746,0.6621739794849746,0.0,0.0,0.6621739794849746,0.0,0.0,0.0,0.0,0,0.32434795896994917,0,0,True,0
doc_00852,1,0.1,0.6151662991860491,0.6621739794849746,-0.047007680298925436,-0.0709899237289376,0.6386701393355119,0.023503840149462718,0.023503840149462718,0.047007680298925436,-0.047007680298925436,1,0.23033259837209835,0,0,True,0
doc_00852,2,0.2,0.6145224721480174,0.6151662991860491,-0.0006438270380317856,-0.0010465902291521148,0.6306209169396804,0.02231293265207664,0.02231293265207664,0.04765150733695722,-0.0003219135190158928,2,0.22904494429603478,0,0,True,0
doc_00852,3,0.3,0.6492343773970084,0.6145224721480174,0.03471190524899104,0.05648598191642719,0.6352742820540124,0.02093708774672178,0.016213728175900367,0.04765150733695722,0.011570635082997013,0,0.2984687547940168,0,0,True,0
doc_00852,4,0.4,0.5912674571598882,0.6492343773970084,-0.057966920237120245,-0.08928504443884883,0.6264729170751876,0.0257010781216096,0.023818470726843965,0.07090652232508643,-0.014491730059280061,1,0.18253491431977625,0,0,True,0
doc_00852,5,0.5,0.6317634801603098,0.5912674571598882,0.040496023000421655,0.06849019425987263,0.6273546775893747,0.02354446902918242,0.024279218298972893,0.07090652232508643,0.008099204600084332,0,0.26352696032061973,0,0,True,0
doc_00854,0,0.0,0.6180467681521574,0.6180467681521574,0.0,0.0,0.6180467681521574,0.0,0.0,0.0,0.0,0,0.23609353630431484,1,1,True,0
doc_00854,1,0.1,0.598747892194834,0.6180467681521574,-0.01929887595732338,-0.03122559157622223,0.6083973301734957,0.00964943797866169,0.00964943797866169,0.01929887595732338,-0.01929887595732338,1,0.19749578438966814,1,1,True,0
doc_00854,2,0.2,0.6364099549436587,0.598747892194834,0.037662062748824665,0.06290137007541954,0.6177348717635501,0.015377054380732816,0.015377054380732816,0.037662062748824665,0.018831031374412333,0,0.2728199098873174,1,1,True,0
doc_00854,3,0.3,0.5529161592439691,0.6364099549436587,-0.08349379569968962,-0.1311949868965851,0.6015301936336548,0.031066302176981513,0.03414054714805536,0.08349379569968962,-0.027831265233229874,1,0.10583231848793817,1,1,True,0
doc_00854,4,0.4,0.638367167238099,0.5529161592439691,0.08545100799412997,0.15454604927982493,0.6088975883545437,0.03145164740764376,0.039828687828861196,0.08545100799412997,0.021362751998532492,0,0.27673433447619816,1,1,True,0
doc_00854,5,0.5,0.6011106748480954,0.638367167238099,-0.037256492390003615,-0.05836216883019555,0.6075997694368023,0.028857583178924118,0.03498036326400482,0.08545100799412997,-0.007451298478000723,1,0.20222134969619093,1,1,True,0
doc_00862,0,0.0,0.6549619512574901,0.6549619512574901,0.0,0.0,0.6549619512574901,0.0,0.0,0.0,0.0,0,0.30992390251498025,1,0,False,1
doc_00862,1,0.1,0.6341140263683486,0.6549619512574901,-0.020847924889141556,-0.03183074199824083,0.6445379888129193,0.010423962444570778,0.010423962444570778,0.020847924889141556,-0.020847924889141556,1,0.2682280527366972,1,0,False,1
doc_00862,2,0.2,0.6025647026996759,0.6341140263683486,-0.03154932366867269,-0.04975339190864404,0.6305468934418382,0.021539285690630315,0.021539285690630315,0.05239724855781425,-0.015774661834336345,2,0.20512940539935176,1,0,False,1
doc_00862,3,0.3,0.6513284129139659,0.6025647026996759,0.048763710214290046,0.08092692783997066,0.6357422733098701,0.020710662398059566,0.02019239230215143,0.05239724855781425,0.016254570071430014,0,0.30265682582793185,1,0,False,1
doc_00862,4,0.4,0.60597211408342,0.6513284129139659,-0.04535629883054593,-0.0696366041021107,0.6297882414645801,0.02202151698752903,0.02222786971800918,0.05239724855781425,-0.011339074707636482,1,0.21194422816684,1,0,False,1
doc_00862,5,0.5,0.5946951414826503,0.60597211408342,-0.011276972600769652,-0.01860972202958044,0.6239393914675918,0.02398265845973658,0.02447604585816135,0.06026680977483978,-0.0022553945201539303,2,0.18939028296530075,1,0,False,1
doc_00863,0,0.0,0.6293729828258003,0.6293729828258003,0.0,0.0,0.6293729828258003,0.0,0.0,0.0,0.0,0,0.25874596565160074,0,0,True,0
doc_00863,1,0.1,0.562531448186892,0.6293729828258003,-0.0668415346389083,-0.10620337456939884,0.5959522155063461,0.03342076731945415,0.03342076731945415,0.0668415346389083,-0.0668415346389083,1,0.12506289637378415,0,0,True,0
doc_00863,2,0.2,0.5817712649575071,0.562531448186892,0.019239816770615037,0.03420220653019014,0.5912252319900665,0.02809484896691485,0.02809484896691485,0.0668415346389083,0.009619908385307518,0,0.16354252991501417,0,0,True,0
doc_00863,3,0.3,0.6032418323478845,0.5817712649575071,0.02147056739037745,0.036905513702100205,0.594229382079521,0.0248810200179821,0.016628259720418283,0.0668415346389083,0.007156855796792483,0,0.206483664695769,0,0,True,0
doc_00863,4,0.4,0.6784082053652005,0.6032418323478845,0.07516637301731599,0.12460404598394657,0.6110651467366569,0.04036116960731002,0.041432230004085684,0.11587675717830848,0.018791593254328998,0,0.35681641073040105,0,0,True,0
doc_00863,5,0.5,0.58307565200888,0.6784082053652005,-0.09533255335632052,-0.14052388016887432,0.6064002309486941,0.03829265212285897,0.04102161244931917,0.11587675717830848,-0.0190665106712641,1,0.16615130401776013,0,0,True,0
doc_00868,0,0.0,0.5346727012256103,0.5346727012256103,0.0,0.0,0.5346727012256103,0.0,0.0,0.0,0.0,0,0.0693454024512205,0,0,True,0
doc_00868,1,0.1,0.5604197798988944,0.5346727012256103,0.025747078673284074,0.04815484054874133,0.5475462405622523,0.012873539336642037,0.012873539336642037,0.025747078673284074,0.025747078673284074,0,0.12083955979778876,0,0,True,0
doc_00868,2,0.2,0.5859686952193202,0.5604197798988944,0.025548915320425802,0.04558888932334811,0.5603537254479416,0.02094155394335304,0.02094155394335304,0.051295993993709876,0.012774457660212901,0,0.17193739043864026,0,0,True,0
doc_00868,3,0.3,0.5132438499617247,0.5859686952193202,-0.07272484525759548,-0.12411046161838997,0.5485762565763874,0.027295381115365665,0.030124221626141902,0.07272484525759548,-0.02424161508586516,1,0.026487699923449348,1,0,False,1
doc_00868,4,0.4,0.5770675036789625,0.5132438499617247,0.06382365371723786,0.12435347003572966,0.5542745059969024,0.026942725363631057,0.03238928681317882,0.07272484525759548,0.015955913429309465,0,0.154135007357925,0,0,True,0
doc_00868,5,0.5,0.6090069268927014,0.5770675036789625,0.03193942321373888,0.055347811148810766,0.5633965761462023,0.031952874582116125,0.03981087572278094,0.09576307693097674,0.006387884642747777,0,0.2180138537854029,0,0,True,0
doc_00869,0,0.0,0.7563202429660033,0.7563202429660033,0.0,0.0,0.7563202429660033,0.0,0.0,0.0,0.0,0,0.5126404859320066,0,0,True,0
doc_00869,1,0.1,0.7139394709869724,0.7563202429660033,-0.042380771979030896,-0.05603548546159423,0.7351298569764879,0.021190385989515448,0.021190385989515448,0.042380771979030896,-0.042380771979030896,1,0.42787894197394494,0,0,True,0
doc_00869,2,0.2,0.6877074063214479,0.7139394709869724,-0.026232064665524524,-0.03674270121143532,0.7193223734248079,0.028268499159483193,0.028268499159483193,0.06861283664455542,-0.013116032332762262,2,0.3754148126428958,0,0,True,0
doc_00869,3,0.3,0.7344496330549971,0.6877074063214479,0.04674222673354922,0.06796818865682099,0.7231041883323551,0.025342403310106912,0.019130033759287814,0.06861283664455542,0.015580742244516407,0,0.4688992661099942,0,0,True,0
doc_00869,4,0.4,0.7588356270325063,0.7344496330549971,0.02438599397750918,0.033203085521431676,0.7302504760723854,0.02679678410330089,0.029512212620470404,0.0711282207110584,0.006096498494377295,0,0.5176712540650126,0,0,True,0
doc_00869,5,0.5,0.7584005415761529,0.7588356270325063,-0.00043508545635340123,-0.0005733592900149421,0.7349421536563466,0.02661670323922533,0.011394501698500693,0.0711282207110584,-8.701709127068025e-05,1,0.5168010831523059,0,0,True,0
doc_00872,0,0.0,0.5461146309026181,0.5461146309026181,0.0,0.0,0.5461146309026181,0.0,0.0,0.0,0.0,0,0.09222926180523622,0,0,True,0
doc_00872,1,0.1,0.58311890077439,0.5461146309026181,0.037004269871771855,0.06775916223048485,0.5646167658385041,0.018502134935885928,0.018502134935885928,0.037004269871771855,0.037004269871771855,0,0.16623780154877998,0,0,True,0
doc_00872,2,0.2,0.5128875909026315,0.58311890077439,-0.07023130987175852,-0.12044080508879126,0.5473737075265466,0.028685631444266467,0.028685631444266467,0.07023130987175852,-0.03511565493587926,1,0.025775181805262948,0,0,True,0
doc_00872,3,0.3,0.6290171959531998,0.5128875909026315,0.11612960505056835,0.22642311319365657,0.5677845796332099,0.04320833471659047,0.04775536683722936,0.11612960505056835,0.03870986835018945,0,0.25803439190639965,0,0,True,0
doc_00872,4,0.4,0.5806005096849942,0.6290171959531998,-0.04841668626820561,-0.07697195971699304,0.5703477656435668,0.03898522593598106,0.04762737313821596,0.11612960505056835,-0.012104171567051403,1,0.16120101936998843,0,0,True,0
doc_00872,5,0.5,0.6145340363042868,0.5806005096849942,0.03393352661929261,0.05844556808553837,0.5777121440870201,0.039213648351370096,0.020290724896508176,0.11612960505056835,0.006786705323858522,0,0.22906807260857365,0,0,True,0
doc_00874,0,0.0,0.73374519472909,0.73374519472909,0.0,0.0,0.73374519472909,0.0,0.0,0.0,0.0,0,0.46749038945817994,1,1,True,0
doc_00874,1,0.1,0.7169666842206257,0.73374519472909,-0.01677851050846424,-0.02286694431390331,0.7253559394748579,0.00838925525423212,0.00838925525423212,0.01677851050846424,-0.01677851050846424,1,0.4339333684412514,1,1,True,0
doc_00874,2,0.2,0.6645935850919271,0.7169666842206257,-0.052373099128698586,-0.07304816288030237,0.7051018213472142,0.0294512875452136,0.0294512875452136,0.06915160963716283,-0.026186549564349293,2,0.32918717018385424,1,1,True,0
doc_00874,3,0.3,0.7202465898958152,0.6645935850919271,0.05565300480388813,0.08373990669228347,0.7088880134843645,0.02633513824249638,0.02549718118904786,0.06915160963716283,0.01855100160129604,0,0.44049317979163055,1,1,True,0
doc_00874,4,0.4,0.698674655149271,0.7202465898958152,-0.021571934746544286,-0.029950762765381087,0.7068453418173457,0.02390651867499909,0.022910755961785333,0.06915160963716283,-0.005392983686636071,1,0.397349310298542,1,1,True,0
doc_00874,5,0.5,0.6589035593933015,0.698674655149271,-0.03977109575596949,-0.056923627417789245,0.6988550447466717,0.028204472441201802,0.025407907381521985,0.07484163533578847,-0.007954219151193898,2,0.31780711878660295,1,1,True,0
doc_00879,0,0.0,0.5005554973857016,0.5005554973857016,0.0,0.0,0.5005554973857016,0.0,0.0,0.0,0.0,0,0.0011109947714031954,1,0,False,1
doc_00879,1,0.1,0.5148556430209371,0.5005554973857016,0.014300145635235517,0.0285685517588404,0.5077055702033193,0.007150072817617759,0.007150072817617759,0.014300145635235517,0.014300145635235517,0,0.02971128604187423,1,0,False,1
doc_00879,2,0.2,0.5172013005219245,0.5148556430209371,0.0023456575009873637,0.004555951814423398,0.5108708136428544,0.007356622385841445,0.007356622385841445,0.01664580313622288,0.0011728287504936818,0,0.03440260104384907,0,0,True,0
doc_00879,3,0.3,0.5301011341209261,0.5172013005219245,0.012899833599001598,0.024941610908526257,0.5156783937623723,0.010484674506757443,0.006702676205762984,0.02954563673522448,0.004299944533000533,0,0.06020226824185215,1,0,False,1
doc_00879,4,0.4,0.5390220446713269,0.5301011341209261,0.008920910550400785,0.016828695462412946,0.5203471239441633,0.013233702643311168,0.00895751222385038,0.03846654728562526,0.002230227637600196,0,0.07804408934265378,1,0,False,1
doc_00879,5,0.5,0.5622024034999857,0.5390220446713269,0.023180358828658876,0.04300447274432587,0.5273230038701336,0.01972959473525587,0.013529404915141065,0.06164690611428414,0.004636071765731775,0,0.12440480699997153,1,0,False,1
doc_00881,0,0.0,0.5555490147284553,0.5555490147284553,0.0,0.0,0.5555490147284553,0.0,0.0,0.0,0.0,0,0.11109802945691061,0,0,True,0
doc_00881,1,0.1,0.5665759416408918,0.5555490147284553,0.011026926912436452,0.01984870213085746,0.5610624781846736,0.005513463456218226,0.005513463456218226,0.011026926912436452,0.011026926912436452,0,0.13315188328178357,0,0,True,0
doc_00881,2,0.2,0.5328880201478707,0.5665759416408918,-0.03368792149302102,-0.05945879275328137,0.551670992172406,0.014023749090712932,0.014023749090712932,0.03368792149302102,-0.01684396074651051,1,0.06577604029574152,0,0,True,0
doc_00881,3,0.3,0.5382057793773636,0.5328880201478707,0.005317759229492847,0.009979130752493227,0.5483046889736454,0.013472013420324787,0.014787459869774503,0.03368792149302102,0.001772586409830949,0,0.07641155875472716,0,0,True,0
doc_00881,4,0.4,0.5029995268970396,0.5382057793773636,-0.03520625248032394,-0.06541411079058487,0.5392436565583243,0.021762475737009585,0.015495808772898518,0.06357641474385212,-0.008801563120080985,1,0.005999053794079334,1,0,False,1
doc_00881,5,0.5,0.5407211040032638,0.5029995268970396,0.03772157710622415,0.07499326557805189,0.5394898977991475,0.01987396032282829,0.01721989950629726,0.06357641474385212,0.007544315421244829,0,0.08144220800652768,0,0,True,0
doc_00889,0,0.0,0.5337433238489141,0.5337433238489141,0.0,0.0,0.5337433238489141,0.0,0.0,0.0,0.0,0,0.0674866476978282,0,0,True,0
doc_00889,1,0.1,0.5662994949600806,0.5337433238489141,0.03255617111116649,0.06099593129596149,0.5500214094044973,0.016278085555583244,0.016278085555583244,0.03255617111116649,0.03255617111116649,0,0.13259898992016128,0,0,True,0
doc_00889,2,0.2,0.528613301267418,0.5662994949600806,-0.03768619369266257,-0.06654816758280728,0.5428853733588043,0.016688221408949523,0.016688221408949523,0.03768619369266257,-0.018843096846331286,1,0.057226602534836024,0,0,True,0
doc_00889,3,0.3,0.6496281826860331,0.528613301267418,0.12101488141861505,0.22892893752099389,0.5695710756906114,0.04842780892391326,0.05056186630470267,0.12101488141861505,0.04033829380620502,0,0.2992563653720662,0,0,True,0
doc_00889,4,0.4,0.5820715383368592,0.6496281826860331,-0.06755664434917386,-0.10399278564215887,0.5720711682198609,0.043602797987698914,0.049515749269023045,0.12101488141861505,-0.016889161087293464,1,0.1641430766737184,0,0,True,0
doc_00889,5,0.5,0.5111133893065344,0.5820715383368592,-0.07095814903032482,-0.1219062337819713,0.5619115384009732,0.04583041621653573,0.05655411085804438,0.13851479337949868,-0.014191629806064966,2,0.022226778613068765,0,0,True,0
doc_00898,0,0.0,0.5250856312603498,0.5250856312603498,0.0,0.0,0.5250856312603498,0.0,0.0,0.0,0.0,0,0.05017126252069959,1,0,False,1
doc_00898,1,0.1,0.5071128718528708,0.5250856312603498,-0.017972759407479,-0.034228244570965384,0.5160992515566103,0.0089863797037395,0.0089863797037395,0.017972759407479,-0.017972759407479,1,0.01422574370574159,1,0,False,1
doc_00898,2,0.2,0.5240120093988573,0.5071128718528708,0.016899137545986487,0.033324213373328554,0.5187368375040259,0.008231063077140359,0.008231063077140359,0.017972759407479,0.008449568772993243,0,0.04802401879771456,1,0,False,1
doc_00898,3,0.3,0.5318418561403524,0.5240120093988573,0.007829846741495117,0.014942113159729792,0.5220130921631075,0.00911122018767845,0.01031939928098737,0.024728984287481603,0.0026099489138317056,0,0.0636837122807048,0,0,True,0
doc_00898,4,0.4,0.5973497535839242,0.5318418561403524,0.06550789744357177,0.12317175996445891,0.5370804244472709,0.031217134322231575,0.032881970489797345,0.09023688173105338,0.016376974360892943,0,0.1946995071678484,1,0,False,1
doc_00898,5,0.5,0.5042925193735296,0.5973497535839242,-0.09305723421039458,-0.15578349811325498,0.5316157736016472,0.03100650373281512,0.03902975990283648,0.09305723421039458,-0.018611446842078917,1,0.008585038747059182,1,0,False,1
doc_00899,0,0.0,0.5717928327401249,0.5717928327401249,0.0,0.0,0.5717928327401249,0.0,0.0,0.0,0.0,0,0.14358566548024992,0,0,True,0
doc_00899,1,0.1,0.5519507394692322,0.5717928327401249,-0.019842093270892702,-0.03470154247265769,0.5618717861046786,0.009921046635446351,0.009921046635446351,0.019842093270892702,-0.019842093270892702,1,0.10390147893846452,0,0,True,0
doc_00899,2,0.2,0.5961705243511779,0.5519507394692322,0.04421978488194567,0.08011545545616693,0.5733046988535117,0.01808427766707853,0.01808427766707853,0.04421978488194567,0.022109892440972834,0,0.1923410487023558,0,0,True,0
doc_00899,3,0.3,0.586139965820508,0.5961705243511779,-0.01003055853066992,-0.016824982317913722,0.5765135155952608,0.0166183735275563,0.018929414729291064,0.04421978488194567,-0.0033435195102233064,1,0.17227993164101596,0,0,True,0
doc_00899,4,0.4,0.5721107164105339,0.586139965820508,-0.014029249409974076,-0.023934981792847435,0.5756329557583154,0.014967892753052187,0.009867490402467698,0.04421978488194567,-0.003507312352493519,2,0.1442214328210678,0,0,True,0
doc_00899,5,0.5,0.573310648653599,0.5721107164105339,0.0011999322430651382,0.0020973776729679254,0.575245904574196,0.013691136584838427,0.00634954989974661,0.04421978488194567,0.00023998644861302764,0,0.14662129730719814,0,0,True,0
doc_00906,0,0.0,0.8032876236092584,0.8032876236092584,0.0,0.0,0.8032876236092584,0.0,0.0,0.0,0.0,0,0.606575247218517,1,1,True,0
doc_00906,1,0.1,0.7822476907940215,0.8032876236092584,-0.021039932815236972,-0.02619227807930399,0.79276765720164,0.010519966407618486,0.010519966407618486,0.021039932815236972,-0.021039932815236972,1,0.5644953815880429,1,1,True,0
doc_00906,2,0.2,0.7522739906405383,0.7822476907940215,-0.029973700153483107,-0.03831740317834402,0.7792697683479394,0.02093241033641341,0.02093241033641341,0.05101363296872008,-0.014986850076741554,2,0.5045479812810767,1,1,True,0
doc_00906,3,0.3,0.7007657893772893,0.7522739906405383,-0.051508201263249065,-0.06847000149425797,0.7596437736052769,0.03852484082752377,0.033649860090104296,0.10252183423196914,-0.01716940042108302,3,0.40153157875457857,1,1,True,0
doc_00906,4,0.4,0.7499027168152932,0.7007657893772893,0.04913692743800391,0.0701189016114324,0.7576955622472802,0.03467726630821039,0.02374202877921422,0.10252183423196914,0.012284231859500977,0,0.4998054336305864,1,1,True,0
doc_00906,5,0.5,0.721880968700155,0.7499027168152932,-0.028021748115138245,-0.037367177750924484,0.7517264633227594,0.03435468976276312,0.02012601081881821,0.10252183423196914,-0.005604349623027649,1,0.44376193740030995,1,1,True,0
doc_00908,0,0.0,0.5339613482889357,0.5339613482889357,0.0,0.0,0.5339613482889357,0.0,0.0,0.0,0.0,0,0.06792269657787142,1,1,True,0
doc_00908,1,0.1,0.5018164893275994,0.5339613482889357,-0.03214485896133634,-0.060200722513611984,0.5178889188082676,0.01607242948066817,0.01607242948066817,0.03214485896133634,-0.03214485896133634,1,0.003632978655198793,1,1,True,0
doc_00908,2,0.2,0.503816012859776,0.5018164893275994,0.0019995235321765836,0.003984571202225363,0.5131979501587703,0.01470461492236928,0.01470461492236928,0.03214485896133634,0.0009997617660882918,0,0.00763202571955196,0,1,False,1
doc_00908,3,0.3,0.5392251328185111,0.503816012859776,0.03540911995873519,0.07028184705314318,0.5197047458237056,0.01700542397257512,0.017182712495858423,0.037408643490911775,0.011803039986245064,0,0.07845026563702223,0,1,False,1
doc_00908,4,0.4,0.5654770674709515,0.5392251328185111,0.026251934652440356,0.04868455317581805,0.5288592101531548,0.023802613810803563,0.02526538146469827,0.06366057814335213,0.006562983663110089,0,0.130954134941903,1,1,True,0
doc_00908,5,0.5,0.5960199583475391,0.5654770674709515,0.03054289087658757,0.054012607466449654,0.5400526681855522,0.033145203782806276,0.023208438271379413,0.0942034690199397,0.006108578175317514,0,0.1920399166950782,0,1,False,1
doc_00910,0,0.0,0.6518669801686121,0.6518669801686121,0.0,0.0,0.6518669801686121,0.0,0.0,0.0,0.0,0,0.3037339603372242,0,0,True,0
doc_00910,1,0.1,0.70046911908012,0.6518669801686121,0.048602138911507886,0.07455836909999099,0.676168049624366,0.024301069455753943,0.024301069455753943,0.048602138911507886,0.048602138911507886,0,0.40093823816024,0,0,True,0
doc_00910,2,0.2,0.6778493858303749,0.70046911908012,-0.02261973324974509,-0.03229226333267924,0.676728495026369,0.019857564030519217,0.019857564030519217,0.048602138911507886,-0.011309866624872544,1,0.3556987716607498,0,0,True,0
doc_00910,3,0.3,0.6083043961143841,0.6778493858303749,-0.06954498971599077,-0.10259652242776202,0.6596224702983728,0.034257705452993815,0.03921804302194155,0.09216472296573586,-0.02318166323866359,2,0.21660879222876822,0,0,True,0
doc_00910,4,0.4,0.6953387454826154,0.6083043961143841,0.08703434936823129,0.14307696923476707,0.6667657253352214,0.03380793806799097,0.03759042618302642,0.09216472296573586,0.021758587342057822,0,0.3906774909652309,0,0,True,0
doc_00910,5,0.5,0.6269179642660614,0.6953387454826154,-0.06842078121655404,-0.09839920709303357,0.6601244318236947,0.03424929869654985,0.03742079961075129,0.09216472296573586,-0.013684156243310808,1,0.2538359285321229,0,0,True,0
doc_00912,0,0.0,0.770913660934381,0.770913660934381,0.0,0.0,0.770913660934381,0.0,0.0,0.0,0.0,0,0.5418273218687619,1,1,True,0
doc_00912,1,0.1,0.7449425358585441,0.770913660934381,-0.025971125075836876,-0.03368875970411361,0.7579280983964625,0.012985562537918438,0.012985562537918438,0.025971125075836876,-0.025971125075836876,1,0.48988507171708817,1,1,True,0
doc_00912,2,0.2,0.7576036958701516,0.7449425358585441,0.012661160011607553,0.01699615661900096,0.7578199642210256,0.010603770191961067,0.010603770191961067,0.025971125075836876,0.0063305800058037764,0,0.5152073917403033,1,1,True,0
doc_00912,3,0.3,0.6425627897380727,0.7576036958701516,-0.11504090613207896,-0.1518483961458871,0.7290056706002873,0.05074564520527143,0.05150655564771614,0.12835087119630828,-0.038346968710692986,1,0.28512557947614536,1,1,True,0
doc_00912,4,0.4,0.6703764607720998,0.6425627897380727,0.0278136710340271,0.043285530189765206,0.7172798286346498,0.05108892135338006,0.0490086170687583,0.12835087119630828,0.006953417758506775,0,0.34075292154419956,1,1,True,0
doc_00912,5,0.5,0.7106349036927327,0.6703764607720998,0.040258442920632964,0.0600534852823825,0.7161723411443303,0.04670329267745422,0.027944697809620674,0.12835087119630828,0.008051688584126592,0,0.42126980738546554,1,1,True,0
doc_00915,0,0.0,0.6126640449725385,0.6126640449725385,0.0,0.0,0.6126640449725385,0.0,0.0,0.0,0.0,0,0.22532808994507697,1,1,True,0
doc_00915,1,0.1,0.6126598975768455,0.6126640449725385,-4.147395692988276e-06,-6.769445223726448e-06,0.6126619712746919,2.073697846494138e-06,2.073697846494138e-06,4.147395692988276e-06,-4.147395692988276e-06,1,0.225319795153691,1,1,True,0
doc_00915,2,0.2,0.6224745756903872,0.6126598975768455,0.009814678113541753,0.016019782186430288,0.615932839413257,0.004625706392171431,0.004625706392171431,0.009814678113541753,0.004907339056770876,0,0.24494915138077444,1,1,True,0
doc_00915,3,0.3,0.5784368653576929,0.6224745756903872,-0.044037710332694324,-0.07074619920637248,0.606558845899366,0.016723131671889255,0.018876392581716934,0.044037710332694324,-0.014679236777564775,1,0.1568737307153858,1,1,True,0
doc_00915,4,0.4,0.5192932732966471,0.5784368653576929,-0.0591435920610458,-0.10224727295773701,0.5891057313788222,0.0379759836238792,0.04227379747537098,0.10318130239374013,-0.01478589801526145,2,0.0385865465932943,0,1,False,1
doc_00915,5,0.5,0.5487300384021948,0.5192932732966471,0.029436765105547713,0.05668620530875222,0.5823764492160509,0.03779191671462616,0.02414535425645296,0.10318130239374013,0.005887353021109543,0,0.09746007680438962,1,1,True,0
doc_00918,0,0.0,0.7104193524276292,0.7104193524276292,0.0,0.0,0.7104193524276292,0.0,0.0,0.0,0.0,0,0.4208387048552584,0,0,True,0
doc_00918,1,0.1,0.6652029320020365,0.7104193524276292,-0.04521642042559271,-0.06364750660448672,0.6878111422148329,0.022608210212796354,0.022608210212796354,0.04521642042559271,-0.04521642042559271,1,0.3304058640040731,0,0,True,0
doc_00918,2,0.2,0.6844824549579427,0.6652029320020365,0.01927952295590618,0.028982919389548268,0.6867015797958694,0.01852609970304448,0.01852609970304448,0.04521642042559271,0.00963976147795309,0,0.3689649099158855,0,0,True,0
doc_00918,3,0.3,0.6694705659131437,0.6844824549579427,-0.015011889044798998,-0.021931736797726083,0.6823938263251881,0.01769413737789618,0.008268208977764717,0.04521642042559271,-0.0050039630149329994,1,0.3389411318262875,0,0,True,0
doc_00918,4,0.4,0.734373824721676,0.6694705659131437,0.06490325880853232,0.09694714318023175,0.6927898260044857,0.026129929876792874,0.027742743983411925,0.0691708927196395,0.01622581470213308,0,0.468747649443352,0,0,True,0
doc_00918,5,0.5,0.6577618240672165,0.734373824721676,-0.0766120006544595,-0.10432289125159801,0.6869518256816075,0.027191707099556223,0.033696235008711446,0.0766120006544595,-0.0153224001308919,1,0.315523648134433,0,0,True,0
doc_00921,0,0.0,0.5999208935431906,0.5999208935431906,0.0,0.0,0.5999208935431906,0.0,0.0,0.0,0.0,0,0.19984178708638117,0,1,False,1
doc_00921,1,0.1,0.5683232442466339,0.5999208935431906,-0.03159764929655662,-0.0526696930155872,0.5841220688949122,0.01579882464827831,0.01579882464827831,0.03159764929655662,-0.03159764929655662,1,0.13664648849326794,0,1,False,1
doc_00921,2,0.2,0.5437200689844209,0.5683232442466339,-0.024603175262213006,-0.043290812950694695,0.5706547355914151,0.0230030441346284,0.0230030441346284,0.056200824558769624,-0.012301587631106503,2,0.08744013796884192,0,1,False,1
doc_00921,3,0.3,0.5814383930780911,0.5437200689844209,0.03771832409367015,0.06937085137232793,0.573350649963084,0.02046115569787935,0.015634702620522578,0.056200824558769624,0.012572774697890051,0,0.16287678615618217,0,1,False,1
doc_00921,4,0.4,0.5791121256906737,0.5814383930780911,-0.002326267387417369,-0.004000883696555166,0.574502945108602,0.01844554825435734,0.017258431660082084,0.056200824558769624,-0.0005815668468543422,1,0.15822425138134744,0,1,False,1
doc_00921,5,0.5,0.564123230418937,0.5791121256906737,-0.014988895271736746,-0.025882544341236775,0.5727729926603246,0.017277023838121765,0.007673137554248869,0.056200824558769624,-0.0029977790543473494,2,0.1282464608378739,0,1,False,1
doc_00925,0,0.0,0.6757831966592542,0.6757831966592542,0.0,0.0,0.6757831966592542,0.0,0.0,0.0,0.0,0,0.3515663933185084,0,0,True,0
doc_00925,1,0.1,0.6869857481770806,0.6757831966592542,0.011202551517826342,0.016577138308863475,0.6813844724181675,0.005601275758913171,0.005601275758913171,0.011202551517826342,0.011202551517826342,0,0.37397149635416116,0,0,True,0
doc_00925,2,0.2,0.7152979937985414,0.6869857481770806,0.02831224562146084,0.041212275067696084,0.6926889795449588,0.016628287830609954,0.016628287830609954,0.03951479713928718,0.01415612281073042,0,0.43059598759708284,0,0,True,0
doc_00925,3,0.3,0.5932612546049527,0.7152979937985414,-0.1220367391935887,-0.1706096483586105,0.6678320483099572,0.04539797416623333,0.05215237254695317,0.1220367391935887,-0.040678913064529566,1,0.18652250920990554,0,0,True,0
doc_00925,4,0.4,0.5442416292300856,0.5932612546049527,-0.04901962537486715,-0.082627383794866,0.643113964493983,0.06397433482930885,0.07192292884614813,0.17105636456845585,-0.012254906343716787,2,0.08848325846017119,0,0,True,0
doc_00925,5,0.5,0.6387400135181037,0.5442416292300856,0.09449838428801816,0.17363314236307284,0.6423849726646698,0.05842305546169075,0.038587830288287044,0.17105636456845585,0.01889967685760363,0,0.27748002703620744,0,0,True,0
doc_00926,0,0.0,0.8082329431529482,0.8082329431529482,0.0,0.0,0.8082329431529482,0.0,0.0,0.0,0.0,0,0.6164658863058965,1,1,True,0
doc_00926,1,0.1,0.7793985663882752,0.8082329431529482,-0.028834376764673042,-0.03567582466038691,0.7938157547706117,0.014417188382336521,0.014417188382336521,0.028834376764673042,-0.028834376764673042,1,0.5587971327765504,1,1,True,0
doc_00926,2,0.2,0.775162366113693,0.7793985663882752,-0.004236200274582158,-0.0054352169188771615,0.7875979585516388,0.01469327034878666,0.01469327034878666,0.0330705770392552,-0.002118100137291079,2,0.5503247322273861,1,1,True,0
doc_00926,3,0.3,0.7696592085616902,0.775162366113693,-0.005503157552002813,-0.007099361104942581,0.7831132710541517,0.014908266532607092,0.00398727457297724,0.03857373459125801,-0.0018343858506676043,3,0.5393184171233805,1,1,True,0
doc_00926,4,0.4,0.762759857624442,0.7696592085616902,-0.00689935093724825,-0.008964163438181287,0.7790425883682098,0.015623282591194209,0.005073985976674645,0.04547308552850626,-0.0017248377343120624,4,0.525519715248884,1,1,True,0
doc_00926,5,0.5,0.7547005242865894,0.762759857624442,-0.008059333337852581,-0.010566016626717571,0.7749855776879397,0.016902735796394616,0.006112974657308641,0.053532418866358844,-0.0016118666675705162,5,0.5094010485731788,1,1,True,0
doc_00930,0,0.0,0.5720940791792359,0.5720940791792359,0.0,0.0,0.5720940791792359,0.0,0.0,0.0,0.0,0,0.14418815835847193,1,0,False,1
doc_00930,1,0.1,0.5454121252608342,0.5720940791792359,-0.02668195391840178,-0.04663910166083431,0.558753102220035,0.01334097695920089,0.01334097695920089,0.02668195391840178,-0.02668195391840178,1,0.09082425052166837,1,0,False,1
doc_00930,2,0.2,0.6028646750010662,0.5454121252608342,0.05745254974023206,0.10533786668706045,0.5734569598137121,0.023474694895160794,0.023474694895160794,0.05745254974023206,0.02872627487011603,0,0.20572935000213244,1,0,False,1
doc_00930,3,0.3,0.5095985931612319,0.6028646750010662,-0.09326608183983431,-0.15470483793011983,0.5574923681505921,0.03432055559320322,0.03841580487082216,0.09326608183983431,-0.03108869394661144,1,0.01919718632246381,1,0,False,1
doc_00930,4,0.4,0.5598716969353765,0.5095985931612319,0.05027310377414462,0.09865235981575544,0.5579682339075489,0.030711988243282112,0.038114364670025894,0.09326608183983431,0.012568275943536156,0,0.11974339387075311,0,0,True,0
doc_00930,5,0.5,0.5543240539217142,0.5598716969353765,-0.0055476430136622845,-0.009908775607034523,0.5573608705765766,0.028068956208332697,0.022505624349705208,0.09326608183983431,-0.0011095286027324569,1,0.10864810784342854,1,0,False,1
doc_00932,0,0.0,0.691501284186247,0.691501284186247,0.0,0.0,0.691501284186247,0.0,0.0,0.0,0.0,0,0.383002568372494,1,1,True,0
doc_00932,1,0.1,0.6737602575873544,0.691501284186247,-0.01774102659889265,-0.025655811499714198,0.6826307708868007,0.008870513299446325,0.008870513299446325,0.01774102659889265,-0.01774102659889265,1,0.3475205151747088,1,1,True,0
doc_00932,2,0.2,0.6620465930778491,0.6737602575873544,-0.011713664509505284,-0.017385508239162628,0.6757693782838169,0.012108457968227538,0.012108457968227538,0.029454691108397935,-0.005856832254752642,2,0.32409318615569815,1,1,True,0
doc_00932,3,0.3,0.7129114283885964,0.6620465930778491,0.05086483531074737,0.07682969120689402,0.6850548908100118,0.019199564953368536,0.021749216033224245,0.05086483531074737,0.016954945103582458,0,0.42582285677719295,1,1,True,0
doc_00932,4,0.4,0.6124243054133219,0.7129114283885964,-0.10048712297527451,-0.14095316609302638,0.6705287737306739,0.03374805098267794,0.04102474157017727,0.10048712297527451,-0.025121780743818628,1,0.22484861082664392,1,1,True,0
doc_00932,5,0.5,0.5813627716405183,0.6124243054133219,-0.03106153377280363,-0.050718976203663835,0.6556677733823145,0.04531396890265582,0.056142210161528046,0.13154865674807814,-0.0062123067545607254,2,0.1627255432810366,1,1,True,0
doc_00935,0,0.0,0.6315756614474588,0.6315756614474588,0.0,0.0,0.6315756614474588,0.0,0.0,0.0,0.0,0,0.2631513228949176,1,0,False,1
doc_00935,1,0.1,0.6741212960549186,0.6315756614474588,0.04254563460745975,0.0673642719384606,0.6528484787511887,0.021272817303729874,0.021272817303729874,0.04254563460745975,0.04254563460745975,0,0.34824259210983716,1,0,False,1
doc_00935,2,0.2,0.6075795305141801,0.6741212960549186,-0.06654176554073843,-0.09870889101138482,0.6377588293388525,0.02751515114986072,0.02751515114986072,0.06654176554073843,-0.033270882770369214,1,0.21515906102836024,1,0,False,1
doc_00935,3,0.3,0.6288629756716262,0.6075795305141801,0.021283445157446068,0.03502989170723773,0.6355348659220459,0.024138158524163417,0.027747086259372163,0.06654176554073843,0.007094481719148689,0,0.2577259513432524,1,0,False,1
doc_00935,4,0.4,0.6281171984327147,0.6288629756716262,-0.0007457772389114492,-0.0011859137328206649,0.6340513324241797,0.021792752100349314,0.009862031709722219,0.06654176554073843,-0.0001864443097278623,1,0.25623439686542954,1,0,False,1
doc_00935,5,0.5,0.5421011547870436,0.6281171984327147,-0.08601604364567117,-0.1369426658914919,0.6187263028179903,0.039623890506977816,0.04072527131258439,0.13202014126787498,-0.017203208729134233,2,0.0842023095740872,1,0,False,1
doc_00936,0,0.0,0.5361170425322666,0.5361170425322666,0.0,0.0,0.5361170425322666,0.0,0.0,0.0,0.0,0,0.07223408506453316,1,1,True,0
doc_00936,1,0.1,0.5696209641316712,0.5361170425322666,0.03350392159940463,0.06249367011567847,0.5528690033319689,0.016751960799702315,0.016751960799702315,0.03350392159940463,0.03350392159940463,0,0.13924192826334236,1,1,True,0
doc_00936,2,0.2,0.5655642410071152,0.5696209641316712,-0.004056723124555961,-0.007121793929652887,0.5571007492236842,0.01492986292660708,0.01492986292660708,0.03350392159940463,-0.0020283615622779805,1,0.13112848201423044,1,1,True,0
doc_00936,3,0.3,0.52061110058075,0.5655642410071152,-0.04495314042636522,-0.07948370347162681,0.5479783370629507,0.02041643495192922,0.02220912865863377,0.049009863550921184,-0.014984380142121742,2,0.041222201161499994,1,1,True,0
doc_00936,4,0.4,0.5597937496652223,0.52061110058075,0.03918264908447233,0.07526279989182609,0.5503414195834051,0.018862695695763973,0.019970432015012907,0.049009863550921184,0.009795662271118083,0,0.11958749933044471,1,1,True,0
doc_00936,5,0.5,0.5109089404341753,0.5597937496652223,-0.04888480923104699,-0.08732646489940614,0.5437693397252001,0.02263762890422957,0.021132219934767695,0.05871202369749584,-0.009776961846209398,1,0.021817880868350736,1,1,True,0
doc_00940,0,0.0,0.6093955916351159,0.6093955916351159,0.0,0.0,0.6093955916351159,0.0,0.0,0.0,0.0,0,0.21879118327023184,1,1,True,0
doc_00940,1,0.1,0.5526817949884604,0.6093955916351159,-0.056713796646655545,-0.09306564967836807,0.5810386933117881,0.028356898323327773,0.028356898323327773,0.056713796646655545,-0.056713796646655545,1,0.10536358997692075,1,1,True,0
doc_00940,2,0.2,0.5870765067078084,0.5526817949884604,0.03439471171934805,0.062232394899249734,0.5830512977771282,0.023327600429838044,0.023327600429838044,0.056713796646655545,0.017197355859674024,0,0.17415301341561684,1,1,True,0
doc_00940,3,0.3,0.5652522529361994,0.5870765067078084,-0.021824253771609015,-0.03717446282085868,0.578601536566896,0.021622530629990946,0.014209975603859438,0.056713796646655545,-0.007274751257203005,1,0.1305045058723988,1,1,True,0
doc_00940,4,0.4,0.5668972050717221,0.5652522529361994,0.001644952135522737,0.0029101204408793473,0.5762606702678612,0.019898383974477536,0.009923082712857518,0.056713796646655545,0.00041123803388068425,0,0.13379441014344434,1,1,True,0
doc_00940,5,0.5,0.5340872189686398,0.5668972050717221,-0.03280998610308239,-0.05787642946472345,0.569231761717991,0.02402046032743716,0.015094003216184775,0.07530837266647616,-0.006561997220616478,1,0.06817443793727956,1,1,True,0
doc_00947,0,0.0,0.719348323777944,0.719348323777944,0.0,0.0,0.719348323777944,0.0,0.0,0.0,0.0,0,0.438696647555888,1,1,True,0
doc_00947,1,0.1,0.7598577426546966,0.719348323777944,0.040509418876752634,0.05631405195191295,0.7396030332163204,0.020254709438376317,0.020254709438376317,0.040509418876752634,0.040509418876752634,0,0.5197154853093933,1,1,True,0
doc_00947,2,0.2,0.7159600643832922,0.7598577426546966,-0.04389767827140445,-0.05777091659030833,0.7317220436053109,0.019942972800455535,0.019942972800455535,0.04389767827140445,-0.021948839135702225,1,0.43192012876658437,1,1,True,0
doc_00947,3,0.3,0.7794361060355068,0.7159600643832922,0.06347604165221465,0.0886586344824849,0.7436505592128599,0.02692879642480147,0.026540380835676027,0.06347604165221465,0.021158680550738218,0,0.5588722120710137,1,1,True,0
doc_00947,4,0.4,0.7344941942241091,0.7794361060355068,-0.04494191181139773,-0.05765952008560202,0.7418192862151097,0.02436272367121287,0.026651031395621028,0.06347604165221465,-0.011235477952849432,1,0.4689883884482182,1,1,True,0
doc_00947,5,0.5,0.6502463778199943,0.7344941942241091,-0.08424781640411483,-0.1147018139375641,0.7265571348159239,0.04073432108052854,0.05354899717135792,0.12918972821551256,-0.016849563280822967,2,0.30049275563998856,1,1,True,0
doc_00948,0,0.0,0.5791026441910753,0.5791026441910753,0.0,0.0,0.5791026441910753,0.0,0.0,0.0,0.0,0,0.1582052883821506,1,1,True,0
doc_00948,1,0.1,0.5783227587436368,0.5791026441910753,-0.0007798854474384553,-0.001346713670299063,0.5787127014673561,0.0003899427237192277,0.0003899427237192277,0.0007798854474384553,-0.0007798854474384553,1,0.15664551748727362,1,1,True,0
doc_00948,2,0.2,0.6169875409561053,0.5783227587436368,0.038664782212468496,0.06685675365165442,0.5914709812969391,0.018045741288138163,0.018045741288138163,0.038664782212468496,0.019332391106234248,0,0.23397508191221061,1,1,True,0
doc_00948,3,0.3,0.5858400165228765,0.6169875409561053,-0.031147524433228768,-0.050483230803917825,0.5900632401034235,0.01581713595384997,0.016738653956157035,0.038664782212468496,-0.010382508144409589,1,0.17168003304575313,1,1,True,0
doc_00948,4,0.4,0.5959517347731712,0.5858400165228765,0.010111718250294666,0.01726020409174253,0.591240939037373,0.014342012792567239,0.012973992215445202,0.038664782212468496,0.0025279295625736664,0,0.1919034695463424,1,1,True,0
doc_00948,5,0.5,0.5660000063870736,0.5959517347731712,-0.02995172838609761,-0.050258647871035594,0.5870341169289898,0.016121348280351076,0.012440877431885006,0.05098753456903171,-0.005990345677219522,1,0.1320000127741473,0,1,False,1
doc_00949,0,0.0,0.708532227862022,0.708532227862022,0.0,0.0,0.708532227862022,0.0,0.0,0.0,0.0,0,0.417064455724044,1,1,True,0
doc_00949,1,0.1,0.7334973885001991,0.708532227862022,0.02496516063817711,0.0352350389388904,0.7210148081811105,0.012482580319088554,0.012482580319088554,0.02496516063817711,0.02496516063817711,0,0.46699477700039815,1,1,True,0
doc_00949,2,0.2,0.6987683983806058,0.7334973885001991,-0.034728990119593295,-0.04734712169951218,0.7135993382476089,0.014623779594128979,0.014623779594128979,0.034728990119593295,-0.017364495059796647,1,0.39753679676121156,1,1,True,0
doc_00949,3,0.3,0.6745987001353716,0.6987683983806058,-0.024169698245234184,-0.03458899730046093,0.7038491787195496,0.02110895614854193,0.024173751970748836,0.05889868836482748,-0.008056566081744728,2,0.3491974002707432,1,1,True,0
doc_00949,4,0.4,0.6506432220491154,0.6745987001353716,-0.0239554780862562,-0.03551070893176796,0.6932079873854627,0.02845013595361949,0.019647085847082933,0.08285416645108368,-0.00598886952156405,3,0.3012864440982308,1,1,True,0
doc_00949,5,0.5,0.7147687165632316,0.6506432220491154,0.0641254945141162,0.0985570775826441,0.6968014422484242,0.027185899269233323,0.026456618992934222,0.08285416645108368,0.01282509890282324,0,0.4295374331264632,1,1,True,0
doc_00957,0,0.0,0.7512871532391404,0.7512871532391404,0.0,0.0,0.7512871532391404,0.0,0.0,0.0,0.0,0,0.5025743064782809,0,0,True,0
doc_00957,1,0.1,0.7423651288831097,0.7512871532391404,-0.008922024356030733,-0.011875651430433532,0.746826141061125,0.004461012178015367,0.004461012178015367,0.008922024356030733,-0.008922024356030733,1,0.4847302577662193,0,0,True,0
doc_00957,2,0.2,0.7383086757098483,0.7423651288831097,-0.004056453173261421,-0.005464229144712609,0.7439869859440327,0.0054211336446131474,0.0054211336446131474,0.012978477529292154,-0.0020282265866307103,2,0.4766173514196966,0,0,True,0
doc_00957,3,0.3,0.7455138715055587,0.7383086757098483,0.0072051957957104396,0.009759056114006775,0.7443687073344142,0.00474116559025223,0.002949279364029517,0.012978477529292154,0.00240173193190348,0,0.4910277430111174,0,0,True,0
doc_00957,4,0.4,0.7040028655955699,0.7455138715055587,-0.041511005909988796,-0.05568106442628316,0.7362955389866453,0.016693924332194097,0.018110669248664113,0.04728428764357051,-0.010377751477497199,1,0.4080057311911398,0,0,True,0
doc_00957,5,0.5,0.6714203087522337,0.7040028655955699,-0.03258255684333622,-0.04628185258276206,0.7254830006142434,0.028579611408849518,0.03032168762451734,0.07986684448690673,-0.0065165113686672434,2,0.34284061750446737,0,0,True,0
doc_00960,0,0.0,0.614926210201246,0.614926210201246,0.0,0.0,0.614926210201246,0.0,0.0,0.0,0.0,0,0.22985242040249215,1,1,True,0
doc_00960,1,0.1,0.5527467687836445,0.614926210201246,-0.062179441417601566,-0.10111691514539962,0.5838364894924453,0.031089720708800783,0.031089720708800783,0.062179441417601566,-0.062179441417601566,1,0.10549353756728896,1,1,True,0
doc_00960,2,0.2,0.5548738763010432,0.5527467687836445,0.002127107517398752,0.0038482495738140477,0.5741822850953112,0.02882339005479359,0.02882339005479359,0.062179441417601566,0.001063553758699376,0,0.10974775260208652,1,1,True,0
doc_00960,3,0.3,0.5679498473955219,0.5548738763010432,0.013075971094478667,0.023565663573219625,0.5726241756703639,0.025107249463619263,0.006721765688444439,0.062179441417601566,0.004358657031492889,0,0.1358996947910438,1,1,True,0
doc_00960,4,0.4,0.6188392275539655,0.5679498473955219,0.050889380158443576,0.08960189071589637,0.5818671860470842,0.02908663170254276,0.027592825544743717,0.066092458770321,0.012722345039610894,0,0.23767845510793095,1,1,True,0
doc_00960,5,0.5,0.5338492434700619,0.6188392275539655,-0.08498998408390357,-0.1373377450874219,0.5738641956175805,0.03201977616369471,0.03492194088340113,0.08498998408390357,-0.016997996816780714,1,0.06769848694012381,1,1,True,0
doc_00962,0,0.0,0.7943674352100937,0.7943674352100937,0.0,0.0,0.7943674352100937,0.0,0.0,0.0,0.0,0,0.5887348704201874,1,1,True,0
doc_00962,1,0.1,0.7848623507334815,0.7943674352100937,-0.009505084476612136,-0.011965601880568328,0.7896148929717877,0.004752542238306068,0.004752542238306068,0.009505084476612136,-0.009505084476612136,1,0.5697247014669631,1,1,True,0
doc_00962,2,0.2,0.7637531147812953,0.7848623507334815,-0.021109235952186278,-0.02689546253869733,0.7809943002416236,0.012794022426767861,0.012794022426767861,0.030614320428798414,-0.010554617976093139,2,0.5275062295625905,1,1,True,0
doc_00962,3,0.3,0.7661312634620584,0.7637531147812953,0.002378148680763137,0.003113766261292607,0.7772785410467323,0.012813502900289849,0.009440510014486383,0.030614320428798414,0.0007927162269210456,0,0.5322625269241168,1,1,True,0
doc_00962,4,0.4,0.7588592380365705,0.7661312634620584,-0.0072720254254878824,-0.009491879227883799,0.7735946804447,0.01362468351931205,0.003027429685931163,0.03550819717352316,-0.0018180063563719706,1,0.5177184760731411,1,1,True,0
doc_00962,5,0.5,0.7041505237950896,0.7588592380365705,-0.05470871424148094,-0.072093362641313,0.7620206543364315,0.028713824822587383,0.027663730481564012,0.0902169114150041,-0.010941742848296188,2,0.40830104759017916,1,1,True,0
doc_00965,0,0.0,0.7506133340555736,0.7506133340555736,0.0,0.0,0.7506133340555736,0.0,0.0,0.0,0.0,0,0.5012266681111474,1,1,True,0
doc_00965,1,0.1,0.7554934619009994,0.7506133340555736,0.004880127845425797,0.006501520322132305,0.7530533979782865,0.0024400639227128984,0.0024400639227128984,0.004880127845425797,0.004880127845425797,0,0.510986923801999,1,1,True,0
doc_00965,2,0.2,0.7366510084024744,0.7554934619009994,-0.01884245349852498,-0.024940591082168905,0.7475859347863492,0.007984709270954274,0.007984709270954274,0.01884245349852498,-0.00942122674926249,1,0.47330201680494893,1,1,True,0
doc_00965,3,0.3,0.7625623472385338,0.7366510084024744,0.02591133883605934,0.03517451077987597,0.7513300378993953,0.009480063869490176,0.010936202235573988,0.02591133883605934,0.008637112945353112,0,0.5251246944770676,1,1,True,0
doc_00965,4,0.4,0.7461129134929061,0.7625623472385338,-0.016449433745627684,-0.021571264048370602,0.7502866130180974,0.008732252327282813,0.010705704599621477,0.02591133883605934,-0.004112358436406921,1,0.4922258269858122,1,1,True,0
doc_00965,5,0.5,0.7216558139323244,0.7461129134929061,-0.02445709956058173,-0.03277935432867195,0.7455148131704686,0.013318929931439703,0.01680634158286694,0.040906533306209414,-0.004891419912116346,2,0.4433116278646488,1,1,True,0
doc_00974,0,0.0,0.5282686710503487,0.5282686710503487,0.0,0.0,0.5282686710503487,0.0,0.0,0.0,0.0,0,0.056537342100697385,1,1,True,0
doc_00974,1,0.1,0.5690794900058174,0.5282686710503487,0.040810818955468675,0.07725390732394774,0.548674080528083,0.020405409477734338,0.020405409477734338,0.040810818955468675,0.040810818955468675,0,0.1381589800116348,1,1,True,0
doc_00974,2,0.2,0.556754425385179,0.5690794900058174,-0.012325064620638315,-0.02165789636964833,0.5513675288137817,0.017090830425644618,0.017090830425644618,0.040810818955468675,-0.006162532310319158,1,0.11350885077035816,1,1,True,0
doc_00974,3,0.3,0.5435105587733633,0.556754425385179,-0.013243866611815758,-0.023787627018237462,0.5494032863036771,0.015187070467806192,0.010440718712513382,0.040810818955468675,-0.004414622203938586,2,0.08702111754672659,1,1,True,0
doc_00974,4,0.4,0.590482362029801,0.5435105587733633,0.04697180325643768,0.0864229820345115,0.5576191014489018,0.02131938464208824,0.01977463025162597,0.062213690979452285,0.01174295081410942,0,0.18096472405960196,1,1,True,0
doc_00974,5,0.5,0.5555510290850093,0.590482362029801,-0.03493133294479167,-0.05915728426622966,0.5572744227215864,0.019477101556864378,0.01992073528257821,0.062213690979452285,-0.006986266588958334,1,0.11110205817001861,1,1,True,0
doc_00979,0,0.0,0.7098563125964557,0.7098563125964557,0.0,0.0,0.7098563125964557,0.0,0.0,0.0,0.0,0,0.41971262519291136,1,1,True,0
doc_00979,1,0.1,0.673415283757119,0.7098563125964557,-0.03644102883933664,-0.051335781893726576,0.6916357981767873,0.01822051441966832,0.01822051441966832,0.03644102883933664,-0.03644102883933664,1,0.346830567514238,1,1,True,0
doc_00979,2,0.2,0.6610772108889301,0.673415283757119,-0.012338072868188887,-0.018321640695994162,0.6814496024141682,0.02070849902915125,0.02070849902915125,0.04877910170752553,-0.006169036434094444,2,0.32215442177786024,1,1,True,0
doc_00979,3,0.3,0.6202684190906766,0.6610772108889301,-0.040808791798253474,-0.061730749640241195,0.6661543065832953,0.03199171256266258,0.02271116894591019,0.089587893505779,-0.013602930599417825,3,0.24053683818135335,1,1,True,0
doc_00979,4,0.4,0.6152324887313844,0.6202684190906766,-0.005035930359292284,-0.008118953350349576,0.6559699430129131,0.03512350756243645,0.020527641614606195,0.09462382386507129,-0.001258982589823071,4,0.23046497746276878,1,1,True,0
doc_00979,5,0.5,0.6059285344482522,0.6152324887313844,-0.009303954283132132,-0.015122664120545682,0.6476297082521364,0.037092428233151016,0.0059400378921751935,0.10392777814820342,-0.0018607908566264264,5,0.21185706889650452,1,1,True,0
doc_00981,0,0.0,0.512152383345789,0.512152383345789,0.0,0.0,0.512152383345789,0.0,0.0,0.0,0.0,0,0.02430476669157816,0,0,True,0
doc_00981,1,0.1,0.5230862609979449,0.512152383345789,0.01093387765215581,0.021348875857468388,0.517619322171867,0.005466938826077905,0.005466938826077905,0.01093387765215581,0.01093387765215581,0,0.04617252199588978,1,0,False,1
doc_00981,2,0.2,0.5604336206117118,0.5230862609979449,0.037347359613766895,0.07139808937538436,0.5318907549851486,0.02067057173471681,0.02067057173471681,0.048281237265922705,0.018673679806883448,0,0.12086724122342357,0,0,True,0
doc_00981,3,0.3,0.5301646728381565,0.5604336206117118,-0.030268947773555266,-0.054009871393006,0.5314592344484006,0.017916836545578047,0.0161971821404489,0.048281237265922705,-0.010089649257851755,1,0.060329345676312984,0,0,True,0
doc_00981,4,0.4,0.5635282205737082,0.5301646728381565,0.033363547735551724,0.06293053733087309,0.5378730316734621,0.020526996975144637,0.015051437973922194,0.05137583722791916,0.008340886933887931,0,0.12705644114741643,0,0,True,0
doc_00981,5,0.5,0.5433713470371084,0.5635282205737082,-0.020156873536599784,-0.03576905787624759,0.5387894175674032,0.01885020299309979,0.013718771048255899,0.05137583722791916,-0.004031374707319957,1,0.08674269407421692,1,0,False,1
doc_00983,0,0.0,0.7918632767318741,0.7918632767318741,0.0,0.0,0.7918632767318741,0.0,0.0,0.0,0.0,0,0.5837265534637481,1,1,True,0
doc_00983,1,0.1,0.8209152199616293,0.7918632767318741,0.02905194322975524,0.03668807997973653,0.8063892483467516,0.01452597161487762,0.01452597161487762,0.02905194322975524,0.02905194322975524,0,0.6418304399232586,1,1,True,0
doc_00983,2,0.2,0.7797611695183262,0.8209152199616293,-0.041154050443303114,-0.05013191306798613,0.7975132220706098,0.017269537317108622,0.017269537317108622,0.041154050443303114,-0.020577025221651557,1,0.5595223390366524,1,1,True,0
doc_00983,3,0.3,0.7425139387811791,0.7797611695183262,-0.037247230737147086,-0.04776748598568384,0.7837634012482522,0.028122062643075783,0.032020432636768084,0.0784012811804502,-0.012415743579049029,2,0.4850278775623582,1,1,True,0
doc_00983,4,0.4,0.7588815888222858,0.7425139387811791,0.01636765004110674,0.02204355930068315,0.7787870387630589,0.027050638812734503,0.015243261008272462,0.0784012811804502,0.004091912510276685,0,0.5177631776445717,1,1,True,0
doc_00983,5,0.5,0.7637666211810399,0.7588815888222858,0.004885032358754038,0.006437147020966943,0.7762836358327224,0.02532026885005243,0.009088698832454679,0.0784012811804502,0.0009770064717508076,0,0.5275332423620798,1,1,True,0
doc_00984,0,0.0,0.6739827046918441,0.6739827046918441,0.0,0.0,0.6739827046918441,0.0,0.0,0.0,0.0,0,0.3479654093836882,0,1,False,1
doc_00984,1,0.1,0.6476117584263834,0.6739827046918441,-0.02637094626546066,-0.039127037061756485,0.6607972315591137,0.01318547313273033,0.01318547313273033,0.02637094626546066,-0.02637094626546066,1,0.29522351685276693,0,1,False,1
doc_00984,2,0.2,0.6676427117343018,0.6476117584263834,0.020030953307918375,0.030930496624383595,0.6630790582841765,0.011239125154079216,0.011239125154079216,0.02637094626546066,0.010015476653959188,0,0.3352854234686037,0,1,False,1
doc_00984,3,0.3,0.5895355734381251,0.6676427117343018,-0.07810713829617666,-0.1169894270144606,0.6446931870726635,0.03329953800416456,0.03312402184053888,0.08444713125371894,-0.02603571276539222,1,0.1790711468762503,0,1,False,1
doc_00984,4,0.4,0.5680305129178951,0.5895355734381251,-0.021505060520230046,-0.03647796925097195,0.6293606522417099,0.042748495674143606,0.04279899120544803,0.10595219177394899,-0.0053762651300575115,2,0.1360610258357901,0,1,False,1
doc_00984,5,0.5,0.5953931263720851,0.5680305129178951,0.02736261345419,0.048171027492223954,0.6236993979301056,0.04102573059156709,0.011763838986942237,0.10595219177394899,0.005472522690838,0,0.19078625274417027,0,1,False,1
doc_00987,0,0.0,0.7863696330053459,0.7863696330053459,0.0,0.0,0.7863696330053459,0.0,0.0,0.0,0.0,0,0.5727392660106918,1,1,True,0
doc_00987,1,0.1,0.7774941693271735,0.7863696330053459,-0.00887546367817238,-0.01128663074672931,0.7819319011662598,0.00443773183908619,0.00443773183908619,0.00887546367817238,-0.00887546367817238,1,0.5549883386543472,1,1,True,0
doc_00987,2,0.2,0.7383094596179882,0.7774941693271735,-0.039184709709185306,-0.05039871841494953,0.7673910873168359,0.020880601301789294,0.020880601301789294,0.048060173387357685,-0.019592354854592653,2,0.47661891923597643,1,1,True,0
doc_00987,3,0.3,0.7394426712986515,0.7383094596179882,0.0011332116806632708,0.0015348735762502766,0.7604039833122898,0.02175910154749607,0.01821062615898546,0.048060173387357685,0.00037773722688775696,0,0.478885342597303,1,1,True,0
doc_00987,4,0.4,0.7771743334999097,0.7394426712986515,0.03773166220125823,0.051027163654204226,0.7637580533498138,0.02058557610050934,0.01805990317139268,0.048060173387357685,0.009432915550314558,0,0.5543486669998196,1,1,True,0
doc_00987,5,0.5,0.6745384364583578,0.7771743334999097,-0.10263589704155196,-0.1320629009701642,0.7488881172012377,0.03819310528710456,0.042387583866292614,0.11183119654698814,-0.020527179408310392,1,0.3490768729167156,1,1,True,0
doc_00993,0,0.0,0.5352528568106616,0.5352528568106616,0.0,0.0,0.5352528568106616,0.0,0.0,0.0,0.0,0,0.07050571362132318,0,0,True,0
doc_00993,1,0.1,0.5416559578292072,0.5352528568106616,0.006403101018545576,0.011962759165264177,0.5384544073199344,0.003201550509272788,0.003201550509272788,0.006403101018545576,0.006403101018545576,0,0.08331191565841439,0,0,True,0
doc_00993,2,0.2,0.5681236721986088,0.5416559578292072,0.02646771436940165,0.048864438739815996,0.5483441622794926,0.01422841488345861,0.01422841488345861,0.03287081538794723,0.013233857184700826,0,0.13624734439721764,0,0,True,0
doc_00993,3,0.3,0.5474059061234698,0.5681236721986088,-0.020717766075138977,-0.03646700021310907,0.5481095982404869,0.012328864645094204,0.01136675288565103,0.03287081538794723,-0.006905922025046325,1,0.09481181224693974,0,0,True,0
doc_00993,4,0.4,0.5176579894148213,0.5474059061234698,-0.029747916708648514,-0.05434343395984248,0.5420192764753538,0.01643072729860304,0.020712179772842017,0.05046568278378749,-0.0074369791771621285,2,0.035315978829642714,0,0,True,0
doc_00993,5,0.5,0.5840863903478124,0.5176579894148213,0.06642840093299107,0.12832488301413847,0.5490304621207636,0.02169694956454055,0.0271684639936149,0.06642840093299107,0.013285680186598214,0,0.1681727806956248,0,0,True,0
doc_00996,0,0.0,0.6289990439901552,0.6289990439901552,0.0,0.0,0.6289990439901552,0.0,0.0,0.0,0.0,0,0.2579980879803104,1,1,True,0
doc_00996,1,0.1,0.594992517513015,0.6289990439901552,-0.0340065264771402,-0.05406451218338013,0.611995780751585,0.0170032632385701,0.0170032632385701,0.0340065264771402,-0.0340065264771402,1,0.18998503502602998,1,1,True,0
doc_00996,2,0.2,0.6210216611334867,0.594992517513015,0.026029143620471706,0.04374701001160462,0.6150044075455522,0.014520479016805688,0.014520479016805688,0.0340065264771402,0.013014571810235853,0,0.2420433222669734,1,1,True,0
doc_00996,3,0.3,0.6212921558354365,0.6210216611334867,0.0002704947019498416,0.0004355640372610121,0.6165763446180232,0.012866475493993971,0.01233450652478246,0.0340065264771402,9.01649006499472e-05,0,0.24258431167087302,1,1,True,0
doc_00996,4,0.4,0.5352819677833307,0.6212921558354365,-0.08601018805210581,-0.13843758889318342,0.6003174692510848,0.03449407291261209,0.0404819858866209,0.09371707620682446,-0.021502547013026452,1,0.0705639355666614,1,1,True,0
doc_00996,5,0.5,0.5626481358008469,0.5352819677833307,0.027366168017516235,0.05112477098909748,0.5940392470093784,0.034476290321491646,0.035879088131821106,0.09371707620682446,0.005473233603503247,0,0.12529627160169393,1,1,True,0
doc_01008,0,0.0,0.6956797751546772,0.6956797751546772,0.0,0.0,0.6956797751546772,0.0,0.0,0.0,0.0,0,0.3913595503093544,1,1,True,0
doc_01008,1,0.1,0.6796564332040971,0.6956797751546772,-0.016023341950580083,-0.02303264019284945,0.6876681041793871,0.008011670975290042,0.008011670975290042,0.016023341950580083,-0.016023341950580083,1,0.35931286640819415,1,1,True,0
doc_01008,2,0.2,0.6588745499019425,0.6796564332040971,-0.02078188330215458,-0.03057704199779699,0.6780702527535722,0.015067473307146419,0.015067473307146419,0.036805225252734663,-0.01039094165107729,2,0.317749099803885,1,1,True,0
doc_01008,3,0.3,0.6473397639574584,0.6588745499019425,-0.011534785944484094,-0.01750680147867415,0.6703876305545438,0.018637049537284383,0.01337204825815602,0.04834001119721876,-0.0038449286481613645,3,0.2946795279149168,1,1,True,0
doc_01008,4,0.4,0.6635933536923013,0.6473397639574584,0.01625358973484292,0.025108282604915134,0.6690287751820952,0.016889572050738356,0.006827213318490477,0.04834001119721876,0.00406339743371073,0,0.32718670738460265,1,1,True,0
doc_01008,5,0.5,0.5991024124913363,0.6635933536923013,-0.06449094120096499,-0.09718442905151294,0.6573743814003021,0.030279352296348698,0.02738633631884724,0.09657736266334083,-0.012898188240192999,1,0.19820482498267272,1,1,True,0
doc_01019,0,0.0,0.5054292326387356,0.5054292326387356,0.0,0.0,0.5054292326387356,0.0,0.0,0.0,0.0,0,0.010858465277471252,1,0,False,1
doc_01019,1,0.1,0.5513713466623555,0.5054292326387356,0.04594211402361992,0.0908972236998762,0.5284002896505455,0.022971057011809955,0.022971057011809955,0.04594211402361992,0.04594211402361992,0,0.10274269332471114,1,0,False,1
doc_01019,2,0.2,0.5739734810640064,0.5513713466623555,0.02260213440165082,0.04099258065996624,0.5435913534550325,0.0285187040235679,0.0285187040235679,0.06854424842527074,0.01130106720082541,0,0.14794696212801278,1,0,False,1
doc_01019,3,0.3,0.5082249319919172,0.5739734810640064,-0.06574854907208916,-0.11454980280658165,0.5347497480892537,0.02906044245568893,0.02727502170995901,0.06854424842527074,-0.021916183024029718,1,0.016449863983834412,1,0,False,1
doc_01019,4,0.4,0.513385940250892,0.5082249319919172,0.0051610082589748085,0.010154968664655926,0.5304769865215814,0.027361166244022517,0.02985215014239142,0.06854424842527074,0.0012902520647437021,0,0.02677188050178403,0,0,True,0
doc_01019,5,0.5,0.5399913581257133,0.513385940250892,0.02660541787482129,0.051823425202916946,0.53206271512227,0.025227640750495762,0.013918772678400883,0.06854424842527074,0.005321083574964258,0,0.07998271625142661,1,0,False,1
doc_01023,0,0.0,0.7575533466948707,0.7575533466948707,0.0,0.0,0.7575533466948707,0.0,0.0,0.0,0.0,0,0.5151066933897415,0,0,True,0
doc_01023,1,0.1,0.712861333067851,0.7575533466948707,-0.04469201362701969,-0.05899520320516893,0.7352073398813609,0.022346006813509844,0.022346006813509844,0.04469201362701969,-0.04469201362701969,1,0.42572266613570214,0,0,True,0
doc_01023,2,0.2,0.6886344365028418,0.712861333067851,-0.024226896565009204,-0.03398542667582625,0.7196830387551879,0.02854652105923147,0.02854652105923147,0.06891891019202889,-0.012113448282504602,2,0.3772688730056836,0,0,True,0
doc_01023,3,0.3,0.751506099117478,0.6886344365028418,0.06287166261463617,0.09129903949317922,0.7276388038457604,0.028303012082956422,0.02589123923074001,0.06891891019202889,0.02095722087154539,0,0.503012198234956,0,0,True,0
doc_01023,4,0.4,0.7157413771694097,0.751506099117478,-0.035764721948068345,-0.04759072746058643,0.7252593185104903,0.025758419909176194,0.02574824164061631,0.06891891019202889,-0.008941180487017086,1,0.4314827543388194,0,0,True,0
doc_01023,5,0.5,0.6694610164221457,0.7157413771694097,-0.04628036074726394,-0.06466073112929697,0.7159596014957662,0.03139008091129448,0.03358634431730227,0.088092330272725,-0.009256072149452788,2,0.33892203284429145,0,0,True,0
doc_01029,0,0.0,0.8267173843373373,0.8267173843373373,0.0,0.0,0.8267173843373373,0.0,0.0,0.0,0.0,0,0.6534347686746748,1,1,True,0
doc_01029,1,0.1,0.7439788885451737,0.8267173843373373,-0.08273849579216364,-0.10008074991489796,0.7853481364412556,0.04136924789608182,0.04136924789608182,0.08273849579216364,-0.08273849579216364,1,0.4879577770903474,1,1,True,0
doc_01029,2,0.2,0.7859304347700795,0.7439788885451737,0.04195154622490582,0.056388086907870054,0.7855422358841969,0.033778964808183216,0.033778964808183216,0.08273849579216364,0.02097577311245291,0,0.571860869540159,1,1,True,0
doc_01029,3,0.3,0.787060332085385,0.7859304347700795,0.0011298973153054392,0.0014376556312340617,0.7859217599344939,0.029260826426275484,0.020047775371491293,0.08273849579216364,0.00037663243843514643,0,0.5741206641707699,1,1,True,0
doc_01029,4,0.4,0.6777277087197145,0.787060332085385,-0.1093326233656704,-0.1389126333885791,0.764282949691538,0.05057577686443881,0.051275648459730754,0.14898967561762277,-0.0273331558414176,1,0.35545541743942916,1,1,True,0
doc_01029,5,0.5,0.7919218752382572,0.6777277087197145,0.11419416651854264,0.1684956436771121,0.7688894372826578,0.047304224379755906,0.052723139344136825,0.14898967561762277,0.022838833303708526,0,0.5838437504765144,1,1,True,0
doc_01030,0,0.0,0.73891158546536,0.73891158546536,0.0,0.0,0.73891158546536,0.0,0.0,0.0,0.0,0,0.47782317093071996,1,1,True,0
doc_01030,1,0.1,0.7073429809947086,0.73891158546536,-0.03156860447065135,-0.04272311476990813,0.7231272832300343,0.015784302235325676,0.015784302235325676,0.03156860447065135,-0.03156860447065135,1,0.4146859619894172,1,1,True,0
doc_01030,2,0.2,0.6779029967428974,0.7073429809947086,-0.029439984251811158,-0.04162052221174354,0.7080525210676553,0.024911704876931284,0.024911704876931284,0.06100858872246251,-0.014719992125905579,2,0.35580599348579495,1,1,True,0
doc_01030,3,0.3,0.6829399111200949,0.6779029967428974,0.005036914377197443,0.007430140302370948,0.7017743685807651,0.024159684928666287,0.012856442390643371,0.06100858872246251,0.0016789714590658145,0,0.3658798222401898,1,1,True,0
doc_01030,4,0.4,0.5848932701465352,0.6829399111200949,-0.09804664097355964,-0.14356554563160998,0.6783981488939193,0.0515047850987914,0.045079341849394786,0.1540183153188247,-0.02451166024338991,1,0.16978654029307055,1,1,True,0
doc_01030,5,0.5,0.6857222742740006,0.5848932701465352,0.10082900412746532,0.17238872333443722,0.6796188364572661,0.04709638482973458,0.046889199685422385,0.1540183153188247,0.020165800825493064,0,0.3714445485480012,1,1,True,0
doc_01031,0,0.0,0.7262047701545767,0.7262047701545767,0.0,0.0,0.7262047701545767,0.0,0.0,0.0,0.0,0,0.45240954030915354,1,1,True,0
doc_01031,1,0.1,0.7325679847042089,0.7262047701545767,0.006363214549632179,0.008762286907421075,0.7293863774293928,0.0031816072748160895,0.0031816072748160895,0.006363214549632179,0.006363214549632179,0,0.46513596940841784,1,1,True,0
doc_01031,2,0.2,0.6813927410565215,0.7325679847042089,-0.05117524364768744,-0.06985733026314359,0.7133884986384357,0.02277306892335227,0.02277306892335227,0.05117524364768744,-0.02558762182384372,1,0.36278548211304296,1,1,True,0
doc_01031,3,0.3,0.6707769813129862,0.6813927410565215,-0.010615759743535236,-0.015579502251631206,0.7027356193070733,0.027007610321657806,0.026976796649933413,0.061791003391222676,-0.003538586581178412,2,0.34155396262597254,1,1,True,0
doc_01031,4,0.4,0.7406127781796216,0.6707769813129862,0.06983579686663532,0.10411179693426266,0.710311051081583,0.028514513471392337,0.030725931277436523,0.06983579686663532,0.01745894921665883,0,0.4812255563592432,1,1,True,0
doc_01031,5,0.5,0.599379473468348,0.7406127781796216,-0.1412333047112736,-0.19069790431973907,0.6918224548127104,0.04885392026636154,0.05765943019151391,0.1412333047112736,-0.02824666094225472,1,0.198758946936696,1,1,True,0
doc_01033,0,0.0,0.6410286642453852,0.6410286642453852,0.0,0.0,0.6410286642453852,0.0,0.0,0.0,0.0,0,0.28205732849077036,0,0,True,0
doc_01033,1,0.1,0.6390683013004315,0.6410286642453852,-0.0019603629449537197,-0.003058151771202691,0.6400484827729083,0.0009801814724768598,0.0009801814724768598,0.0019603629449537197,-0.0019603629449537197,1,0.278136602600863,0,0,True,0
doc_01033,2,0.2,0.63850226629521,0.6390683013004315,-0.0005660350052214547,-0.0008857191071277321,0.6395330772803421,0.0010824922430172676,0.0010824922430172676,0.0025263979501751743,-0.00028301750261072733,2,0.27700453259042,0,0,True,0
doc_01033,3,0.3,0.6436165355143024,0.63850226629521,0.0051142692190924155,0.008009790237342471,0.6405539418388322,0.002001333413623947,0.0022891672366634067,0.0051142692190924155,0.0017047564063641385,0,0.2872330710286049,0,0,True,0
doc_01033,4,0.4,0.6422291067934626,0.6436165355143024,-0.0013874287208398561,-0.0021556760031517627,0.6408889748297583,0.0019113494620360736,0.002159476484916936,0.0051142692190924155,-0.00034685718020996403,1,0.2844582135869252,0,0,True,0
doc_01033,5,0.5,0.5688681558755841,0.6422291067934626,-0.07336095091787842,-0.11422862984855482,0.6288855050040626,0.026897226993136115,0.0349142987846984,0.07474837963871828,-0.014672190183575684,2,0.13773631175116824,0,0,True,0
doc_01038,0,0.0,0.7051829846868005,0.7051829846868005,0.0,0.0,0.7051829846868005,0.0,0.0,0.0,0.0,0,0.41036596937360104,1,1,True,0
doc_01038,1,0.1,0.715447684729787,0.7051829846868005,0.010264700042986519,0.014556080146411184,0.7103153347082938,0.005132350021493259,0.005132350021493259,0.010264700042986519,0.010264700042986519,0,0.43089536945957413,1,1,True,0
doc_01038,2,0.2,0.6881932559161953,0.715447684729787,-0.027254428813591747,-0.038094230221578394,0.702941308444261,0.011238914739156971,0.011238914739156971,0.027254428813591747,-0.013627214406795873,1,0.3763865118323906,1,1,True,0
doc_01038,3,0.3,0.7070285056778788,0.6881932559161953,0.018835249761683492,0.027369128656467324,0.7039631077526655,0.009892781452427692,0.011394214416137442,0.027254428813591747,0.006278416587227831,0,0.41405701135575756,1,1,True,0
doc_01038,4,0.4,0.6570640385378168,0.7070285056778788,-0.049964467140061974,-0.07066824992035854,0.6945832939096958,0.020741681002451644,0.02060270420429122,0.05838364619197023,-0.012491116785015494,1,0.3141280770756336,1,1,True,0
doc_01038,5,0.5,0.5987962271529428,0.6570640385378168,-0.058267811384874024,-0.08867904491400722,0.6786187827835702,0.04040844614459302,0.04422896478663038,0.11665145757684425,-0.011653562276974805,2,0.19759245430588557,1,1,True,0
doc_01039,0,0.0,0.55553075162697,0.55553075162697,0.0,0.0,0.55553075162697,0.0,0.0,0.0,0.0,0,0.11106150325393999,1,1,True,0
doc_01039,1,0.1,0.5924740156970798,0.55553075162697,0.03694326407010984,0.06650084439414913,0.5740023836620249,0.01847163203505492,0.01847163203505492,0.03694326407010984,0.03694326407010984,0,0.1849480313941596,1,1,True,0
doc_01039,2,0.2,0.5961701170960634,0.5924740156970798,0.0036961013989835756,0.0062384194092206715,0.5813916281400378,0.018348551112753592,0.018348551112753592,0.040639365469093414,0.0018480506994917878,0,0.19234023419212676,1,1,True,0
doc_01039,3,0.3,0.5775322127296365,0.5961701170960634,-0.018637904366426872,-0.03126272825818888,0.5804267742874374,0.01597794807926322,0.008057364613552413,0.040639365469093414,-0.006212634788808957,1,0.15506442545927301,1,1,True,0
doc_01039,4,0.4,0.5160762840847474,0.5775322127296365,-0.061455928644889135,-0.10641125687937836,0.5675566762468993,0.029441357885653746,0.03422024211100525,0.080093833011316,-0.015363982161222284,2,0.0321525681694948,1,1,True,0
doc_01039,5,0.5,0.5478075721350325,0.5160762840847474,0.031731288050285134,0.06148565440584049,0.5642651588949216,0.027865720772742936,0.025093735529486356,0.080093833011316,0.006346257610057027,0,0.09561514427006501,1,1,True,0
doc_01040,0,0.0,0.5133454976756202,0.5133454976756202,0.0,0.0,0.5133454976756202,0.0,0.0,0.0,0.0,0,0.02669099535124042,1,0,False,1
doc_01040,1,0.1,0.6035707865551155,0.5133454976756202,0.09022528887949532,0.17575938483541179,0.5584581421153678,0.04511264443974766,0.04511264443974766,0.09022528887949532,0.09022528887949532,0,0.20714157311023113,1,0,False,1
doc_01040,2,0.2,0.5380290746194871,0.6035707865551155,-0.06554171193562841,-0.10858993409821603,0.5516484529500743,0.03807244224659831,0.03807244224659831,0.09022528887949532,-0.032770855967814205,1,0.07605814923897425,1,0,False,1
doc_01040,3,0.3,0.5323572505943062,0.5380290746194871,-0.00567182402518096,-0.010541854135284922,0.5468256523611322,0.03401339972022088,0.03231658207873923,0.09022528887949532,-0.0018906080083936534,2,0.06471450118861238,1,0,False,1
doc_01040,4,0.4,0.5170987131185396,0.5323572505943062,-0.015258537475766554,-0.028662214065333803,0.5408802645126137,0.032663735779902225,0.008838505317531782,0.09022528887949532,-0.0038146343689416384,3,0.03419742623707922,1,0,False,1
doc_01040,5,0.5,0.5600507806098014,0.5170987131185396,0.04295206749126179,0.08306357451989146,0.5440753505288116,0.0306617443921668,0.017778372230176556,0.09022528887949532,0.008590413498252358,0,0.1201015612196028,1,0,False,1
doc_01041,0,0.0,0.688852710491036,0.688852710491036,0.0,0.0,0.688852710491036,0.0,0.0,0.0,0.0,0,0.3777054209820721,0,0,True,0
doc_01041,1,0.1,0.6921486294167862,0.688852710491036,0.0032959189257502075,0.004784649716193716,0.6905006699539111,0.0016479594628751038,0.0016479594628751038,0.0032959189257502075,0.0032959189257502075,0,0.3842972588335724,0,0,True,0
doc_01041,2,0.2,0.6033177920890136,0.6921486294167862,-0.08883083732777264,-0.1283406967122404,0.6614397106656119,0.04112042343053572,0.04112042343053572,0.08883083732777264,-0.04441541866388632,1,0.2066355841780272,0,0,True,0
doc_01041,3,0.3,0.6527456028475257,0.6033177920890136,0.0494278107585121,0.08192665856474446,0.6592661837110904,0.03580976927593933,0.03634193268197426,0.08883083732777264,0.016475936919504035,0,0.3054912056950514,0,0,True,0
doc_01041,4,0.4,0.6096549450251396,0.6527456028475257,-0.04309065782238608,-0.06601447429811579,0.6493439359739002,0.03767858358682698,0.021959742902970574,0.08883083732777264,-0.01077266445559652,1,0.21930989005027934,0,0,True,0
doc_01041,5,0.5,0.6946268523912111,0.6096549450251396,0.08497190736607152,0.13937704936120485,0.6568910887101187,0.038312669223686834,0.034690807133774496,0.09130906030219754,0.016994381473214304,0,0.3892537047824223,0,0,True,0
doc_01042,0,0.0,0.5698956775230044,0.5698956775230044,0.0,0.0,0.5698956775230044,0.0,0.0,0.0,0.0,0,0.13979135504600892,0,0,True,0
doc_01042,1,0.1,0.5229999525122935,0.5698956775230044,-0.04689572501071093,-0.08228826232642893,0.5464478150176489,0.023447862505355466,0.023447862505355466,0.04689572501071093,-0.04689572501071093,1,0.045999905024586896,0,0,True,0
doc_01042,2,0.2,0.5445627582618957,0.5229999525122935,0.021562805749602232,0.04122907783456325,0.5458194627657312,0.01916571132217682,0.01916571132217682,0.04689572501071093,0.010781402874801116,0,0.08912551652379153,0,0,True,0
doc_01042,3,0.3,0.5630887847959118,0.5445627582618957,0.018526026534016138,0.03402000275073244,0.5501367932732764,0.018204708072306543,0.01638184199654616,0.04689572501071093,0.006175342178005379,0,0.12617756959182364,0,0,True,0
doc_01042,4,0.4,0.5030639148423032,0.5630887847959118,-0.06002486995360867,-0.10659929938999642,0.5407222175870817,0.02489309258012494,0.02509615436952346,0.06683176268070123,-0.015006217488402168,1,0.006127829684606345,0,0,True,0
doc_01042,5,0.5,0.5527488223726638,0.5030639148423032,0.04968490753036059,0.09876460239835619,0.542726651718012,0.023161976659209202,0.026201123538594672,0.06683176268070123,0.009936981506072117,0,0.10549764474532758,0,0,True,0
doc_01045,0,0.0,0.5703392196548607,0.5703392196548607,0.0,0.0,0.5703392196548607,0.0,0.0,0.0,0.0,0,0.14067843930972135,0,1,False,1
doc_01045,1,0.1,0.5657448974760162,0.5703392196548607,-0.004594322178844479,-0.008055420389333774,0.5680420585654384,0.0022971610894222394,0.0022971610894222394,0.004594322178844479,-0.004594322178844479,1,0.1314897949520325,0,1,False,1
doc_01045,2,0.2,0.5936672534231955,0.5657448974760162,0.02792235594717929,0.04935502922209389,0.5765837901846907,0.012224578690402428,0.012224578690402428,0.02792235594717929,0.013961177973589645,0,0.18733450684639097,0,1,False,1
doc_01045,3,0.3,0.5343524190788407,0.5936672534231955,-0.059314834344354805,-0.09991259245365897,0.5660259474082283,0.021130176889839012,0.02422898914490739,0.059314834344354805,-0.01977161144811827,1,0.06870483815768136,0,1,False,1
doc_01045,4,0.4,0.5850496329491125,0.5343524190788407,0.05069721387027182,0.0948759883180986,0.5698306845164052,0.02037379685198763,0.026167665480176246,0.059314834344354805,0.012674303467567954,0,0.170099265898225,0,1,False,1
doc_01045,5,0.5,0.5558136355681422,0.5850496329491125,-0.02923599738097027,-0.04997182415720482,0.5674945096916947,0.019318339193534192,0.020778019503174906,0.059314834344354805,-0.005847199476194054,1,0.11162727113628451,0,1,False,1
doc_01053,0,0.0,0.5897214840311085,0.5897214840311085,0.0,0.0,0.5897214840311085,0.0,0.0,0.0,0.0,0,0.179442968062217,0,1,False,1
doc_01053,1,0.1,0.6310879059347203,0.5897214840311085,0.04136642190361184,0.07014569254090412,0.6104046949829144,0.02068321095180592,0.02068321095180592,0.04136642190361184,0.04136642190361184,0,0.2621758118694406,0,1,False,1
doc_01053,2,0.2,0.6108146564506435,0.6310879059347203,-0.020273249484076827,-0.032124287747282376,0.6105413488054907,0.01688887677493836,0.01688887677493836,0.04136642190361184,-0.010136624742038414,1,0.22162931290128696,0,1,False,1
doc_01053,3,0.3,0.6252343885100251,0.6108146564506435,0.01441973205938163,0.023607377306845628,0.6142146087316243,0.015950051237977454,0.008519239556238378,0.04136642190361184,0.00480657735312721,0,0.2504687770200503,0,1,False,1
doc_01053,4,0.4,0.5949779583426327,0.6252343885100251,-0.030256430167392434,-0.048392140169217994,0.610367278653826,0.016208982155132747,0.012356650238739761,0.04136642190361184,-0.0075641075418481085,1,0.18995591668526535,0,1,False,1
doc_01053,5,0.5,0.5594907865007839,0.5949779583426327,-0.0354871718418488,-0.059644515135823965,0.6018878632949857,0.02405088375839576,0.026868015137699215,0.07159711943393643,-0.00709743436836976,2,0.1189815730015677,0,1,False,1
doc_01058,0,0.0,0.6177664655161221,0.6177664655161221,0.0,0.0,0.6177664655161221,0.0,0.0,0.0,0.0,0,0.23553293103224432,0,0,True,0
doc_01058,1,0.1,0.6738258998357078,0.6177664655161221,0.05605943431958571,0.09074535030442293,0.645796182675915,0.028029717159792855,0.028029717159792855,0.05605943431958571,0.05605943431958571,0,0.34765179967141574,0,0,True,0
doc_01058,2,0.2,0.626344325449131,0.6738258998357078,-0.04748157438657685,-0.070465641641489,0.639312230266987,0.024654816440629685,0.024654816440629685,0.05605943431958571,-0.023740787193288426,1,0.252688650898262,0,0,True,0
doc_01058,3,0.3,0.6650835794456611,0.626344325449131,0.03873925399653011,0.06184977243747113,0.6457550675616555,0.024092020203950786,0.020633462229640288,0.05605943431958571,0.012913084665510036,0,0.3301671588913223,0,0,True,0
doc_01058,4,0.4,0.6490357481573923,0.6650835794456611,-0.01604783128826881,-0.024129044505420624,0.6464112036808028,0.021588478603955796,0.015892567633224063,0.05605943431958571,-0.0040119578220672025,1,0.2980714963147847,0,0,True,0
doc_01058,5,0.5,0.6011500174501243,0.6490357481573923,-0.04788573070726798,-0.07377980464591545,0.6388676726423564,0.0259405019805176,0.027158130445929025,0.07267588238558353,-0.009577146141453597,2,0.20230003490024862,0,0,True,0
doc_01063,0,0.0,0.5436650476400541,0.5436650476400541,0.0,0.0,0.5436650476400541,0.0,0.0,0.0,0.0,0,0.08733009528010816,1,1,True,0
doc_01063,1,0.1,0.511397983126865,0.5436650476400541,-0.03226706451318906,-0.05935100049792461,0.5275315153834595,0.01613353225659453,0.01613353225659453,0.03226706451318906,-0.03226706451318906,1,0.022795966253730038,0,1,False,1
doc_01063,2,0.2,0.5089170744045308,0.511397983126865,-0.0024809087223341963,-0.004851228992271456,0.5213267017238167,0.015828034216272716,0.015828034216272716,0.034747973235523255,-0.0012404543611670982,2,0.017834148809061645,1,1,True,0
doc_01063,3,0.3,0.6081452207223997,0.5089170744045308,0.09922814631786891,0.19497900799255538,0.5430313314734624,0.04001459556300988,0.0462029435235171,0.09922814631786891,0.03307604877262297,0,0.21629044144479953,1,1,True,0
doc_01063,4,0.4,0.524551983751658,0.6081452207223997,-0.08359323697074172,-0.13745604523775343,0.5393354619291015,0.03654547979179829,0.043561584349337316,0.09922814631786891,-0.02089830924268543,1,0.049103967503316026,0,1,False,1
doc_01063,5,0.5,0.5482386815202118,0.524551983751658,0.02368669776855381,0.045156054122879756,0.5408193318609532,0.033525901840475755,0.03517840618840653,0.09922814631786891,0.004737339553710762,0,0.09647736304042365,0,1,False,1
doc_01065,0,0.0,0.5625960531144598,0.5625960531144598,0.0,0.0,0.5625960531144598,0.0,0.0,0.0,0.0,0,0.12519210622891963,0,1,False,1
doc_01065,1,0.1,0.6043458386801999,0.5625960531144598,0.04174978556574005,0.07420916896700319,0.5834709458973298,0.020874892782870025,0.020874892782870025,0.04174978556574005,0.04174978556574005,0,0.20869167736039979,0,1,False,1
doc_01065,2,0.2,0.5733508755606935,0.6043458386801999,-0.030994963119506336,-0.05128679827959875,0.5800975891184511,0.017699336269460148,0.017699336269460148,0.04174978556574005,-0.015497481559753168,1,0.146701751121387,0,1,False,1
doc_01065,3,0.3,0.5163050347265201,0.5733508755606935,-0.05704584083417341,-0.09949551533934071,0.5641494505204683,0.03159080962093202,0.03646322173866531,0.08804080395367975,-0.019015280278057805,2,0.032610069453040236,0,1,False,1
doc_01065,4,0.4,0.5365071766181474,0.5163050347265201,0.02020214189162728,0.03912830697521298,0.5586209957400041,0.030342027800450748,0.023616878722304294,0.08804080395367975,0.00505053547290682,0,0.0730143532362948,0,1,False,1
doc_01065,5,0.5,0.5597546621771572,0.5365071766181474,0.023247485559009795,0.04333117350927053,0.5588099401461962,0.027701577135834612,0.017752753299527517,0.08804080395367975,0.004649497111801959,0,0.1195093243543145,0,1,False,1
doc_01067,0,0.0,0.5128811993997503,0.5128811993997503,0.0,0.0,0.5128811993997503,0.0,0.0,0.0,0.0,0,0.025762398799500597,0,0,True,0
doc_01067,1,0.1,0.5579149368906255,0.5128811993997503,0.04503373749087525,0.08780539731926304,0.535398068145188,0.022516868745437624,0.022516868745437624,0.04503373749087525,0.04503373749087525,0,0.11582987378125115,0,0,True,0
doc_01067,2,0.2,0.5657180506316184,0.5579149368906255,0.007803113740992851,0.013986206901864298,0.5455047289739982,0.023287237669663365,0.023287237669663365,0.0528368512318681,0.0039015568704964254,0,0.1314361012632368,0,0,True,0
doc_01067,3,0.3,0.5503645192291244,0.5657180506316184,-0.015353531402493958,-0.027139900141690543,0.5467196765377798,0.020276830902800313,0.0062683359252440575,0.0528368512318681,-0.005117843800831319,1,0.10072903845824893,0,0,True,0
doc_01067,4,0.4,0.5063343503068409,0.5503645192291244,-0.04403016892228351,-0.08000183039407222,0.5386426112915921,0.02428735945164278,0.02516790408903805,0.059383700324777466,-0.011007542230570877,2,0.012668700613681916,0,0,True,0
doc_01067,5,0.5,0.5336830578043809,0.5063343503068409,0.027348707497539926,0.05401313871153811,0.5378160190437234,0.022248133959179586,0.018150233339106217,0.059383700324777466,0.0054697414995079855,0,0.06736611560876177,0,0,True,0
doc_01069,0,0.0,0.5550233356998111,0.5550233356998111,0.0,0.0,0.5550233356998111,0.0,0.0,0.0,0.0,0,0.11004667139962221,0,0,True,0
doc_01069,1,0.1,0.511918338808889,0.5550233356998111,-0.043104996890922065,-0.07766339560583044,0.5334708372543501,0.021552498445461032,0.021552498445461032,0.043104996890922065,-0.043104996890922065,1,0.023836677617778135,0,0,True,0
doc_01069,2,0.2,0.5137840936375979,0.511918338808889,0.0018657548287088765,0.0036446336989021328,0.5269085893820994,0.019894714216799354,0.019894714216799354,0.043104996890922065,0.0009328774143544383,0,0.027568187275195943,0,0,True,0
doc_01069,3,0.3,0.5295320255638815,0.5137840936375979,0.015747931926283543,0.03065087479604124,0.5275644484275449,0.017266736622435833,0.007900213514264495,0.043104996890922065,0.005249310642094514,0,0.05906405112776297,0,0,True,0
doc_01069,4,0.4,0.5244535432020863,0.5295320255638815,-0.0050784823617952,-0.009590510331055594,0.5269422673824532,0.015493888856008334,0.006562735685190758,0.043104996890922065,-0.0012696205904488,1,0.04890708640417257,1,0,False,1
doc_01069,5,0.5,0.6328725034743603,0.5244535432020863,0.10841896027227405,0.20672748173330058,0.5445973067311044,0.041935099442440726,0.04995522028597897,0.12095416466547126,0.02168379205445481,0,0.2657450069487206,0,0,True,0
doc_01075,0,0.0,0.6141477373482847,0.6141477373482847,0.0,0.0,0.6141477373482847,0.0,0.0,0.0,0.0,0,0.22829547469656936,0,0,True,0
doc_01075,1,0.1,0.5723938670444606,0.6141477373482847,-0.04175387030382405,-0.06798668750959727,0.5932708021963726,0.020876935151912024,0.020876935151912024,0.04175387030382405,-0.04175387030382405,1,0.14478773408892132,0,0,True,0
doc_01075,2,0.2,0.588302370128947,0.5723938670444606,0.015908503084486436,0.027792930708062158,0.5916146581738975,0.017206100863873468,0.017206100863873468,0.04175387030382405,0.007954251542243218,0,0.17660474025789413,0,0,True,0
doc_01075,3,0.3,0.5593731741923615,0.588302370128947,-0.028929195936585494,-0.04917402581642608,0.5835542871785135,0.02041925982872597,0.011829892881430935,0.054774563155923106,-0.009643065312195165,1,0.11874634838472314,0,0,True,0
doc_01075,4,0.4,0.5005129532746806,0.5593731741923615,-0.05886022091768095,-0.10522531939910233,0.566946020397747,0.037906398396667484,0.03652762378685741,0.11363478407360406,-0.014715055229420237,2,0.0010259065493611885,0,0,True,0
doc_01075,5,0.5,0.6565112865598695,0.5005129532746806,0.15599833328518886,0.311676915181808,0.5818735647581007,0.04807879403635983,0.06432194931104834,0.15599833328518886,0.031199666657037772,0,0.31302257311973897,0,0,True,0
doc_01077,0,0.0,0.5561946667581453,0.5561946667581453,0.0,0.0,0.5561946667581453,0.0,0.0,0.0,0.0,0,0.11238933351629071,1,0,False,1
doc_01077,1,0.1,0.5563986415755914,0.5561946667581453,0.00020397481744605095,0.00036673278195014947,0.5562966541668684,0.00010198740872302547,0.00010198740872302547,0.00020397481744605095,0.00020397481744605095,0,0.11279728315118276,1,0,False,1
doc_01077,2,0.2,0.5876948674055832,0.5563986415755914,0.03129622582999181,0.05624784730129496,0.56676272524644,0.01480149391017618,0.01480149391017618,0.03150020064743786,0.015648112914995904,0,0.17538973481116638,1,0,False,1
doc_01077,3,0.3,0.5721390201283408,0.5876948674055832,-0.015555847277242352,-0.02646925835155689,0.5681067989669152,0.013028152938078106,0.01277670472513068,0.03150020064743786,-0.005185282425747451,1,0.14427804025668173,1,0,False,1
doc_01077,4,0.4,0.6123177002622823,0.5721390201283408,0.040178680133941436,0.070225380056981,0.5769489792259886,0.02117835739896164,0.016541512156146253,0.05612303350413694,0.010044670033485359,0,0.2246354005245646,1,0,False,1
doc_01077,5,0.5,0.5109017881685582,0.6123177002622823,-0.10141591209372403,-0.1656262950593837,0.5659411140497502,0.031299113360013946,0.041699336713621395,0.10141591209372403,-0.020283182418744806,1,0.021803576337116548,1,0,False,1
doc_01078,0,0.0,0.5917408738802536,0.5917408738802536,0.0,0.0,0.5917408738802536,0.0,0.0,0.0,0.0,0,0.18348174776050724,0,0,True,0
doc_01078,1,0.1,0.5548433952005464,0.5917408738802536,-0.036897478679707274,-0.06235411530347311,0.5732921345404001,0.018448739339853637,0.018448739339853637,0.036897478679707274,-0.036897478679707274,1,0.10968679040109275,0,0,True,0
doc_01078,2,0.2,0.5240394201828091,0.5548433952005464,-0.03080397501773724,-0.05551832333987366,0.5568745630878698,0.02767629479568723,0.02767629479568723,0.06770145369744451,-0.01540198750886862,2,0.048078840365618214,0,0,True,0
doc_01078,3,0.3,0.5861651732347809,0.5240394201828091,0.062125753051971766,0.11855167886091363,0.5641972156245976,0.027117276609834477,0.025363026125957044,0.06770145369744451,0.020708584350657255,0,0.1723303464695618,0,0,True,0
doc_01078,4,0.4,0.5418288771510291,0.5861651732347809,-0.04433629608375178,-0.07563788861607008,0.5597235479298839,0.025852121057242484,0.026123172178323117,0.06770145369744451,-0.011084074020937945,1,0.08365775430205824,0,0,True,0
doc_01078,5,0.5,0.6546255290567862,0.5418288771510291,0.11279665190575705,0.20817763072881804,0.5755405447843676,0.04251858907316116,0.04639876932138299,0.13058610887397704,0.02255933038115141,0,0.3092510581135723,0,0,True,0
doc_01080,0,0.0,0.6655707839073928,0.6655707839073928,0.0,0.0,0.6655707839073928,0.0,0.0,0.0,0.0,0,0.3311415678147856,1,1,True,0
doc_01080,1,0.1,0.7182919289595917,0.6655707839073928,0.05272114505219894,0.07921192805772936,0.6919313564334922,0.02636057252609947,0.02636057252609947,0.05272114505219894,0.05272114505219894,0,0.4365838579191834,1,1,True,0
doc_01080,2,0.2,0.6609742411579064,0.7182919289595917,-0.057317687801685335,-0.07979720429924224,0.6816123180082969,0.026004197686344422,0.026004197686344422,0.057317687801685335,-0.028658843900842668,1,0.32194848231581275,1,1,True,0
doc_01080,3,0.3,0.7152926312716887,0.6609742411579064,0.05431839011378237,0.08217928435248316,0.6900323963241448,0.026830148704729512,0.02634135031151419,0.057317687801685335,0.018106130037927454,0,0.43058526254337753,1,1,True,0
doc_01080,4,0.4,0.6793629631332997,0.7152926312716887,-0.03592966813838905,-0.05023072595409126,0.6878985096859758,0.024374154187428627,0.02255751575411947,0.057317687801685335,-0.008982417034597262,1,0.3587259262665994,1,1,True,0
doc_01080,5,0.5,0.6173271971986641,0.6793629631332997,-0.062035765934635556,-0.09131461280803344,0.6761366242714238,0.03444985587031829,0.04046480443374051,0.10096473176092757,-0.012407153186927112,2,0.23465439439732833,1,1,True,0
doc_01084,0,0.0,0.532513823196257,0.532513823196257,0.0,0.0,0.532513823196257,0.0,0.0,0.0,0.0,0,0.06502764639251396,0,1,False,1
doc_01084,1,0.1,0.5553081631786585,0.532513823196257,0.022794339982401546,0.04280516108593248,0.5439109931874577,0.011397169991200773,0.011397169991200773,0.022794339982401546,0.022794339982401546,0,0.110616326357317,0,1,False,1
doc_01084,2,0.2,0.5081310683872444,0.5553081631786585,-0.047177094791414076,-0.08495660233295699,0.5319843515873867,0.019263606851227126,0.019263606851227126,0.047177094791414076,-0.023588547395707038,1,0.016262136774488845,0,1,False,1
doc_01084,3,0.3,0.5205017300164003,0.5081310683872444,0.012370661629155899,0.024345414793114507,0.5291136961946401,0.017407955044769004,0.019972757367028957,0.047177094791414076,0.0041235538763853,0,0.04100346003280064,1,1,True,0
doc_01084,4,0.4,0.5403298542674972,0.5205017300164003,0.019828124251096924,0.038094252348541024,0.5313569278092116,0.016203637597126452,0.013262099685538221,0.047177094791414076,0.004957031062774231,0,0.08065970853499443,0,1,False,1
doc_01084,5,0.5,0.5307808153059862,0.5403298542674972,-0.009549038961511047,-0.017672610325143487,0.5312609090586741,0.014793387852397063,0.008096626532053505,0.047177094791414076,-0.0019098077923022094,1,0.061561630611972395,0,1,False,1
doc_01085,0,0.0,0.8980362507949751,0.8980362507949751,0.0,0.0,0.8980362507949751,0.0,0.0,0.0,0.0,0,0.7960725015899501,1,1,True,0
doc_01085,1,0.1,0.8892569070504606,0.8980362507949751,-0.0087793437445145,-0.009776157406499682,0.8936465789227178,0.00438967187225725,0.00438967187225725,0.0087793437445145,-0.0087793437445145,1,0.7785138141009211,1,1,True,0
doc_01085,2,0.2,0.880477999896308,0.8892569070504606,-0.008778907154152527,-0.009872183262844616,0.8892570525805813,0.0071681259136550535,0.0071681259136550535,0.017558250898667027,-0.004389453577076263,2,0.7609559997926161,1,1,True,0
doc_01085,3,0.3,0.8573799131493949,0.880477999896308,-0.02309808674691316,-0.026233576250211103,0.8812877677227846,0.01513489429330868,0.01344426173485565,0.04065633764558019,-0.007699362248971053,3,0.7147598262987898,1,1,True,0
doc_01085,4,0.4,0.877957084690047,0.8573799131493949,0.020577171540652084,0.02400006254527985,0.8806216311162371,0.01360246198781797,0.010345673349325556,0.04065633764558019,0.005144292885163021,0,0.7559141693800939,1,1,True,0
doc_01085,5,0.5,0.8784234353432008,0.877957084690047,0.0004663506531538131,0.000531177048726081,0.8802552651540644,0.012444286381021923,0.009811938860763909,0.04065633764558019,9.327013063076262e-05,0,0.7568468706864016,1,1,True,0
doc_01092,0,0.0,0.5653032309197223,0.5653032309197223,0.0,0.0,0.5653032309197223,0.0,0.0,0.0,0.0,0,0.13060646183944474,1,0,False,1
doc_01092,1,0.1,0.5865618910054546,0.5653032309197223,0.021258660085732295,0.03760576434552733,0.5759325609625885,0.010629330042866147,0.010629330042866147,0.021258660085732295,0.021258660085732295,0,0.17312378201090933,1,0,False,1
doc_01092,2,0.2,0.5819735837752407,0.5865618910054546,-0.004588307230213973,-0.007822375269468886,0.5779462352334725,0.009134086685518086,0.009134086685518086,0.021258660085732295,-0.0022941536151069863,1,0.1639471675504814,1,0,False,1
doc_01092,3,0.3,0.5905692767418711,0.5819735837752407,0.00859569296663043,0.01476990228812534,0.5811019956105722,0.009615098822005692,0.003511847270404815,0.025266045822148753,0.00286523098887681,0,0.1811385534837422,1,0,False,1
doc_01092,4,0.4,0.5653726628516285,0.5905692767418711,-0.025196613890242636,-0.04266495884996011,0.5779561290587834,0.010655796813575277,0.010458095559701178,0.025266045822148753,-0.006299153472560659,1,0.13074532570325698,1,0,False,1
doc_01092,5,0.5,0.5640130339081911,0.5653726628516285,-0.0013596289434373299,-0.002404836725885594,0.575632279867018,0.011028283945104243,0.012210887563696675,0.026556242833679966,-0.000271925788687466,2,0.12802606781638232,1,0,False,1
doc_01099,0,0.0,0.754368940368056,0.754368940368056,0.0,0.0,0.754368940368056,0.0,0.0,0.0,0.0,0,0.508737880736112,0,0,True,0
doc_01099,1,0.1,0.53811339200987,0.754368940368056,-0.21625554835818606,-0.286670800964678,0.646241166188963,0.10812777417909303,0.10812777417909303,0.21625554835818606,-0.21625554835818606,1,0.07622678401973998,0,0,True,0
doc_01099,2,0.2,0.5677729181111482,0.53811339200987,0.0296595261012782,0.05511761376259187,0.620085083496358,0.09572194988399857,0.09572194988399857,0.21625554835818606,0.0148297630506391,0,0.13554583622229638,0,0,True,0
doc_01099,3,0.3,0.586272900638988,0.5677729181111482,0.018499982527839798,0.03258341836624587,0.6116320377820155,0.08418064333766014,0.019836204591831216,0.21625554835818606,0.006166660842613266,0,0.17254580127797586,0,0,True,0
doc_01099,4,0.4,0.6247538395772504,0.586272900638988,0.03848093893826243,0.0656365642968001,0.6142563981410625,0.0754761792843969,0.023734310434537054,0.21625554835818606,0.009620234734565608,0,0.24950767915450078,0,0,True,0
doc_01099,5,0.5,0.6025688100379463,0.6247538395772504,-0.022185029539304124,-0.03551003312651264,0.6123084667905431,0.06903755173000924,0.015770982004122268,0.21625554835818606,-0.004437005907860825,1,0.2051376200758926,0,0,True,0
doc_01103,0,0.0,0.8994658198987646,0.8994658198987646,0.0,0.0,0.8994658198987646,0.0,0.0,0.0,0.0,0,0.7989316397975293,1,1,True,0
doc_01103,1,0.1,0.8745240951932607,0.8994658198987646,-0.02494172470550393,-0.027729485827834053,0.8869949575460127,0.012470862352751966,0.012470862352751966,0.02494172470550393,-0.02494172470550393,1,0.7490481903865214,1,1,True,0
doc_01103,2,0.2,0.8855741448889629,0.8745240951932607,0.011050049695702224,0.012635500561319901,0.8865213533269961,0.010204420959894368,0.010204420959894368,0.02494172470550393,0.005525024847851112,0,0.7711482897779259,1,1,True,0
doc_01103,3,0.3,0.8063365153651179,0.8855741448889629,-0.07923762952384505,-0.08947599699151132,0.8664751438365266,0.035828050465416386,0.03504005893839374,0.09312930453364676,-0.026412543174615017,1,0.6126730307302357,1,1,True,0
doc_01103,4,0.4,0.8230975821350406,0.8063365153651179,0.016761066769922728,0.02078668949071857,0.8577996314962293,0.036441424472549555,0.034096034610377794,0.09312930453364676,0.004190266692480682,0,0.6461951642700812,1,1,True,0
doc_01103,5,0.5,0.8521216234211035,0.8230975821350406,0.02902404128606295,0.035261968830934014,0.8568532968170417,0.03333355058519285,0.01891385280551791,0.09312930453364676,0.0058048082572125905,0,0.7042432468422071,1,1,True,0
doc_01104,0,0.0,0.6441808604984738,0.6441808604984738,0.0,0.0,0.6441808604984738,0.0,0.0,0.0,0.0,0,0.2883617209969477,0,0,True,0
doc_01104,1,0.1,0.6184013154880881,0.6441808604984738,-0.025779545010385707,-0.04001911045670812,0.6312910879932809,0.012889772505192854,0.012889772505192854,0.025779545010385707,-0.025779545010385707,1,0.2368026309761761,0,0,True,0
doc_01104,2,0.2,0.6591671324374093,0.6184013154880881,0.04076581694932124,0.06592129726817583,0.6405831028079904,0.01683589128787991,0.01683589128787991,0.04076581694932124,0.02038290847466062,0,0.31833426487481864,0,0,True,0
doc_01104,3,0.3,0.6604711654035228,0.6591671324374093,0.0013040329661134775,0.001978303986868309,0.6455551184568735,0.01693364241476707,0.0195318105362892,0.04206984991543472,0.00043467765537115916,0,0.3209423308070456,0,0,True,0
doc_01104,4,0.4,0.6754777474535549,0.6604711654035228,0.015006582050032136,0.02272102528634037,0.6515396442562098,0.019304320566045446,0.00740070694075139,0.057076431965466856,0.003751645512508034,0,0.3509554949071099,0,0,True,0
doc_01104,5,0.5,0.6761305491778684,0.6754777474535549,0.0006528017243134787,0.0009664296518640899,0.6556381284098195,0.019862909879575962,0.007232948953749025,0.057729233689780335,0.00013056034486269574,0,0.3522610983557368,0,0,True,0
doc_01105,0,0.0,0.7601143103274095,0.7601143103274095,0.0,0.0,0.7601143103274095,0.0,0.0,0.0,0.0,0,0.520228620654819,0,0,True,0
doc_01105,1,0.1,0.740836202759072,0.7601143103274095,-0.019278107568337477,-0.02536211633751992,0.7504752565432408,0.009639053784168738,0.009639053784168738,0.019278107568337477,-0.019278107568337477,1,0.4816724055181441,0,0,True,0
doc_01105,2,0.2,0.7574906522300271,0.740836202759072,0.01665444947095507,0.022480609625892264,0.7528137217721694,0.008536846284775365,0.008536846284775365,0.019278107568337477,0.008327224735477534,0,0.5149813044600542,0,0,True,0
doc_01105,3,0.3,0.7053108019834653,0.7574906522300271,-0.0521798502465618,-0.06888514081717849,0.7409379918249934,0.021857657552953273,0.021761744106986593,0.05480350834394421,-0.0173932834155206,1,0.4106216039669306,0,0,True,0
doc_01105,4,0.4,0.7142775467334885,0.7053108019834653,0.008966744750023237,0.012713182223789967,0.7356059028066925,0.022269495911629526,0.022780380861660218,0.05480350834394421,0.002241686187505809,0,0.428555093466977,0,0,True,0
doc_01105,5,0.5,0.705636334799643,0.7142775467334885,-0.008641211933845483,-0.012097835040962998,0.7306109748055176,0.023195299139042717,0.004152362469621781,0.05480350834394421,-0.0017282423867690966,1,0.41127266959928616,0,0,True,0
doc_01114,0,0.0,0.6283246838303884,0.6283246838303884,0.0,0.0,0.6283246838303884,0.0,0.0,0.0,0.0,0,0.25664936766077684,0,0,True,0
doc_01114,1,0.1,0.6047135674547492,0.6283246838303884,-0.023611116375639174,-0.037577890831379177,0.6165191256425688,0.011805558187819587,0.011805558187819587,0.023611116375639174,-0.023611116375639174,1,0.20942713490949844,0,0,True,0
doc_01114,2,0.2,0.5766719631331175,0.6047135674547492,-0.02804160432163172,-0.04637171353647539,0.6032367381394184,0.021112976380692747,0.021112976380692747,0.05165272069727089,-0.01402080216081586,2,0.15334392626623505,0,0,True,0
doc_01114,3,0.3,0.6050501760890203,0.5766719631331175,0.028378212955902815,0.04921032193367108,0.6036900976268189,0.018301227642243442,0.013298988469780493,0.05165272069727089,0.009459404318634271,0,0.21010035217804074,0,0,True,0
doc_01114,4,0.4,0.6980115554190556,0.6050501760890203,0.09296137933003523,0.15364243000626435,0.6225543891852663,0.041126559916664585,0.05182281530329083,0.12133959228593805,0.023240344832508808,0,0.39602311083811115,0,0,True,0
doc_01114,5,0.5,0.5617465619828887,0.6980115554190556,-0.13626499343616683,-0.19521882177775593,0.6124197513182034,0.04385258676100757,0.05684791550732734,0.13626499343616683,-0.027252998687233364,1,0.12349312396577755,0,0,True,0
doc_01120,0,0.0,0.6802457743645366,0.6802457743645366,0.0,0.0,0.6802457743645366,0.0,0.0,0.0,0.0,0,0.3604915487290732,0,0,True,0
doc_01120,1,0.1,0.6319683185283631,0.6802457743645366,-0.04827745583617349,-0.07097060747091405,0.6561070464464498,0.024138727918086744,0.024138727918086744,0.04827745583617349,-0.04827745583617349,1,0.2639366370567263,0,0,True,0
doc_01120,2,0.2,0.6672637671922679,0.6319683185283631,0.03529544866390477,0.055850028599686345,0.6598259533617225,0.020398839696361967,0.020398839696361967,0.04827745583617349,0.017647724331952386,0,0.3345275343845357,0,0,True,0
doc_01120,3,0.3,0.659325152338984,0.6672637671922679,-0.007938614853283843,-0.011897266483819705,0.6597007531060379,0.017667244296450852,0.015118739873698502,0.04827745583617349,-0.002646204951094614,1,0.3186503046779681,0,0,True,0
doc_01120,4,0.4,0.6966767879430116,0.659325152338984,0.037351635604027544,0.05665131304565134,0.6670959600734326,0.021643972860516957,0.01606684674092903,0.06470846941464847,0.009337908901006886,0,0.3933535758860231,0,0,True,0
doc_01120,5,0.5,0.6921485432565604,0.6966767879430116,-0.004528244686451188,-0.006499778325930963,0.6712713906039539,0.021853048640827565,0.016643399337490008,0.06470846941464847,-0.0009056489372902376,1,0.3842970865131209,0,0,True,0
doc_01121,0,0.0,0.5751233390635212,0.5751233390635212,0.0,0.0,0.5751233390635212,0.0,0.0,0.0,0.0,0,0.1502466781270424,1,1,True,0
doc_01121,1,0.1,0.6111563936312544,0.5751233390635212,0.0360330545677332,0.06265274267326061,0.5931398663473878,0.0180165272838666,0.0180165272838666,0.0360330545677332,0.0360330545677332,0,0.2223127872625088,1,1,True,0
doc_01121,2,0.2,0.6371948831371381,0.6111563936312544,0.026038489505883722,0.04260528037868198,0.6078248719439713,0.02544986474732064,0.02544986474732064,0.062071544073616924,0.013019244752941861,0,0.27438976627427625,1,1,True,0
doc_01121,3,0.3,0.5224983725679282,0.6371948831371381,-0.11469651056920993,-0.1800022467294747,0.5864932470999604,0.04302192891072571,0.049095753574425124,0.11469651056920993,-0.038232170189736646,1,0.044996745135856386,1,1,True,0
doc_01121,4,0.4,0.5688553636514656,0.5224983725679282,0.04635699108353741,0.08872179037746324,0.5829656704102615,0.039121404409433715,0.04711044951624577,0.11469651056920993,0.011589247770884353,0,0.1377107273029312,1,1,True,0
doc_01121,5,0.5,0.6110956398606391,0.5688553636514656,0.04224027620917348,0.07425486144322241,0.587653998651991,0.03721969475492395,0.03618269587690057,0.11469651056920993,0.008448055241834696,0,0.22219127972127817,1,1,True,0
doc_01122,0,0.0,0.6636153335555327,0.6636153335555327,0.0,0.0,0.6636153335555327,0.0,0.0,0.0,0.0,0,0.3272306671110654,1,1,True,0
doc_01122,1,0.1,0.6569055282208479,0.6636153335555327,-0.006709805334684793,-0.010110985981494508,0.6602604308881903,0.0033549026673423965,0.0033549026673423965,0.006709805334684793,-0.006709805334684793,1,0.3138110564416958,1,1,True,0
doc_01122,2,0.2,0.6298703684023766,0.6569055282208479,-0.027035159818471266,-0.04115532394999452,0.6501304100595857,0.014585548506912072,0.014585548506912072,0.03374496515315606,-0.013517579909235633,2,0.25974073680475335,1,1,True,0
doc_01122,3,0.3,0.6607315239503191,0.6298703684023766,0.030861155547942443,0.048996042830558396,0.6527806885322691,0.013439702261728859,0.013735392367839425,0.03374496515315606,0.010287051849314147,0,0.3214630479006382,1,1,True,0
doc_01122,4,0.4,0.543954428086649,0.6607315239503191,-0.11677709586367013,-0.17673910148178534,0.6310154364431451,0.045159774927689876,0.049408557333998085,0.11966090546888375,-0.029194273965917533,1,0.08790885617329797,1,1,True,0
doc_01122,5,0.5,0.6364341823906975,0.543954428086649,0.09247975430404853,0.17001379073122835,0.6319185607677372,0.041274478320886814,0.050309879614417796,0.11966090546888375,0.018495950860809705,0,0.272868364781395,1,1,True,0
doc_01126,0,0.0,0.5819062287931936,0.5819062287931936,0.0,0.0,0.5819062287931936,0.0,0.0,0.0,0.0,0,0.16381245758638735,1,1,True,0
doc_01126,1,0.1,0.5570864459794178,0.5819062287931936,-0.024819782813775837,-0.042652547069738714,0.5694963373863058,0.012409891406887918,0.012409891406887918,0.024819782813775837,-0.024819782813775837,1,0.11417289195883562,1,1,True,0
doc_01126,2,0.2,0.5761966349182593,0.5570864459794178,0.019110188938841532,0.034303812409658914,0.5717297698969569,0.010613515505230483,0.010613515505230483,0.024819782813775837,0.009555094469420766,0,0.15239326983651874,1,1,True,0
doc_01126,3,0.3,0.5350967096714693,0.5761966349182593,-0.04109992524679007,-0.07132968635372298,0.562571504840585,0.018333207304318425,0.016792695764869067,0.046809519121724374,-0.013699975082263357,1,0.07019341934293855,1,1,True,0
doc_01126,4,0.4,0.508930263134521,0.5350967096714693,-0.026166446536948218,-0.04890040634526328,0.5518432564993723,0.02700493365911925,0.027686040511040542,0.07297596565867259,-0.0065416116342370545,2,0.017860526269042165,0,1,False,1
doc_01126,5,0.5,0.6017511252286271,0.508930263134521,0.092820862094106,0.18238424557898905,0.5601612346209147,0.030881480455069228,0.03907714091317084,0.092820862094106,0.0185641724188212,0,0.20350225045725417,1,1,True,0
doc_01129,0,0.0,0.5865769399995957,0.5865769399995957,0.0,0.0,0.5865769399995957,0.0,0.0,0.0,0.0,0,0.1731538799991914,0,0,True,0
doc_01129,1,0.1,0.5758771547246924,0.5865769399995957,-0.01069978527490334,-0.018241060200748286,0.581227047362144,0.00534989263745167,0.00534989263745167,0.01069978527490334,-0.01069978527490334,1,0.15175430944938478,0,0,True,0
doc_01129,2,0.2,0.5370920346780947,0.5758771547246924,-0.03878512004659762,-0.06734964172200839,0.566515376467461,0.021259055055397876,0.021259055055397876,0.04948490532150096,-0.01939256002329881,2,0.07418406935618954,0,0,True,0
doc_01129,3,0.3,0.5265564071827277,0.5370920346780947,-0.010535627495367073,-0.01961605612282369,0.5565256341462776,0.025265498635832453,0.021207496373395737,0.06002053281686803,-0.003511875831789024,3,0.053112814365455396,0,0,True,0
doc_01129,4,0.4,0.5804451382186084,0.5265564071827277,0.053888731035880766,0.10234180099375391,0.5613095349607438,0.02454015413693242,0.023320201938265017,0.06002053281686803,0.013472182758970191,0,0.16089027643721693,0,0,True,0
doc_01129,5,0.5,0.6648188969931074,0.5804451382186084,0.08437375877449893,0.14536043670456572,0.578561095299471,0.04460864237817681,0.05690093007535132,0.1382624898103797,0.016874751754899785,0,0.3296377939862148,0,0,True,0
doc_01131,0,0.0,0.5643548889130252,0.5643548889130252,0.0,0.0,0.5643548889130252,0.0,0.0,0.0,0.0,0,0.12870977782605042,0,0,True,0
doc_01131,1,0.1,0.6151201445091022,0.5643548889130252,0.05076525559607703,0.08995271697540065,0.5897375167110637,0.025382627798038515,0.025382627798038515,0.05076525559607703,0.05076525559607703,0,0.23024028901820454,0,0,True,0
doc_01131,2,0.2,0.637064159891279,0.6151201445091022,0.021944015382176718,0.03567435659205923,0.6055130644378021,0.030450851243378645,0.030450851243378645,0.07270927097825375,0.010972007691088359,0,0.27412831978255797,0,0,True,0
doc_01131,3,0.3,0.563353934012875,0.637064159891279,-0.07371022587840392,-0.11570298647938894,0.5949732818315703,0.03207338161536227,0.03090213541574656,0.07371022587840392,-0.024570075292801308,1,0.12670786802575001,0,0,True,0
doc_01131,4,0.4,0.5605100167764605,0.563353934012875,-0.002843917236414528,-0.0050481891839412145,0.5880806288205483,0.03182759979510123,0.03543667606110465,0.07655414311481845,-0.000710979309103632,2,0.12102003355292101,0,0,True,0
doc_01131,5,0.5,0.6238472420790075,0.5605100167764605,0.06333722530254704,0.11299927460137942,0.5940417310302916,0.0319661871624685,0.029210219473208714,0.07655414311481845,0.012667445060509408,0,0.24769448415801515,0,0,True,0
doc_01132,0,0.0,0.579893500852205,0.579893500852205,0.0,0.0,0.579893500852205,0.0,0.0,0.0,0.0,0,0.15978700170441001,0,0,True,0
doc_01132,1,0.1,0.5253017018274967,0.579893500852205,-0.05459179902470834,-0.09414107753316918,0.5525976013398508,0.02729589951235417,0.02729589951235417,0.05459179902470834,-0.05459179902470834,1,0.050603403654993384,0,0,True,0
doc_01132,2,0.2,0.5326213575531866,0.5253017018274967,0.007319655725689933,0.01393419381704883,0.5459388534109627,0.024194805256913456,0.024194805256913456,0.05459179902470834,0.0036598278628449665,0,0.06524271510637325,0,0,True,0
doc_01132,3,0.3,0.5344215241283208,0.5326213575531866,0.0018001665751341545,0.0033798242402519373,0.5430595210903022,0.02153864236444293,0.003943899909134838,0.05459179902470834,0.0006000555250447182,0,0.0688430482566415,0,0,True,0
doc_01132,4,0.4,0.5450178938288448,0.5344215241283208,0.010596369700524022,0.01982773751077382,0.5434511956380107,0.0192806672013183,0.005469082415036191,0.05459179902470834,0.0026490924251310055,0,0.0900357876576896,1,0,False,1
doc_01132,5,0.5,0.638306987794723,0.5450178938288448,0.09328909396587814,0.17116702960063596,0.559260494330796,0.03948995313868053,0.046675389262184445,0.11300528596722625,0.01865781879317563,0,0.27661397558944595,0,0,True,0
doc_01137,0,0.0,0.6310894966421519,0.6310894966421519,0.0,0.0,0.6310894966421519,0.0,0.0,0.0,0.0,0,0.26217899328430366,0,0,True,0
doc_01137,1,0.1,0.5916074391717758,0.6310894966421519,-0.03948205747037603,-0.06256174073637552,0.6113484679069638,0.019741028735188015,0.019741028735188015,0.03948205747037603,-0.03948205747037603,1,0.1832148783435517,0,0,True,0
doc_01137,2,0.2,0.6017238592569834,0.5916074391717758,0.010116420085207523,0.01709988653856358,0.608140265023637,0.016744868124200098,0.016744868124200098,0.03948205747037603,0.005058210042603761,0,0.20344771851396676,0,0,True,0
doc_01137,3,0.3,0.5711391332838602,0.6017238592569834,-0.030584725973123117,-0.05082850796524762,0.5988899820886928,0.021610093926269704,0.012722329294558805,0.059950363358291625,-0.010194908657707705,1,0.14227826656772052,0,0,True,0
doc_01137,4,0.4,0.6430577764833658,0.5711391332838602,0.07191864319950558,0.12592140690132242,0.6077235409676274,0.026186331882724165,0.02946977626085987,0.07191864319950558,0.017979660799876396,0,0.2861155529667317,0,0,True,0
doc_01137,5,0.5,0.6456102375219424,0.6430577764833658,0.0025524610385765367,0.003969256156942784,0.6140379903933466,0.02776324919103139,0.03452012563298005,0.07447110423808212,0.0005104922077153074,0,0.29122047504388476,0,0,True,0
doc_01139,0,0.0,0.5780985190929949,0.5780985190929949,0.0,0.0,0.5780985190929949,0.0,0.0,0.0,0.0,0,0.15619703818598984,1,1,True,0
doc_01139,1,0.1,0.5409889330837014,0.5780985190929949,-0.03710958600929348,-0.06419249450338742,0.5595437260883482,0.01855479300464674,0.01855479300464674,0.03710958600929348,-0.03710958600929348,1,0.08197786616740294,1,1,True,0
doc_01139,2,0.2,0.5376256482042299,0.5409889330837014,-0.003363284879471573,-0.006216919929027842,0.5522377001269755,0.018337836831535802,0.018337836831535802,0.040472870888765056,-0.0016816424397357865,2,0.07525129640845979,1,1,True,0
doc_01139,3,0.3,0.5102583049221747,0.5376256482042299,-0.027367343282055145,-0.05090408795314581,0.5417428513257753,0.024137786742474576,0.0137624879481241,0.0678402141708202,-0.009122447760685048,3,0.020516609844349443,1,1,True,0
doc_01139,4,0.4,0.5543487924312621,0.5102583049221747,0.044090487509087395,0.08640817226054191,0.5442640395468726,0.02217051553854681,0.018173870498129276,0.0678402141708202,0.011022621877271849,0,0.10869758486252423,0,1,False,1
doc_01139,5,0.5,0.5599948163164505,0.5543487924312621,0.005646023885188423,0.010184966508948453,0.5468858356751356,0.021070806203410015,0.022235030520364928,0.0678402141708202,0.0011292047770376846,0,0.11998963263290113,0,1,False,1
doc_01141,0,0.0,0.8607662082126865,0.8607662082126865,0.0,0.0,0.8607662082126865,0.0,0.0,0.0,0.0,0,0.7215324164253729,1,0,False,1
doc_01141,1,0.1,0.841132065250115,0.8607662082126865,-0.019634142962571488,-0.022810076389197766,0.8509491367314007,0.009817071481285744,0.009817071481285744,0.019634142962571488,-0.019634142962571488,1,0.6822641305002299,1,0,False,1
doc_01141,2,0.2,0.8454643798122624,0.841132065250115,0.0043323145621474435,0.005150575921581598,0.8491208844250213,0.008422288365047392,0.008422288365047392,0.019634142962571488,0.0021661572810737217,0,0.6909287596245248,1,0,False,1
doc_01141,3,0.3,0.8339128077360772,0.8454643798122624,-0.01155157207618518,-0.013662990839129422,0.8453188652527853,0.009826863962432783,0.004764748401317118,0.026853400476609224,-0.00385052402539506,1,0.6678256154721545,1,0,False,1
doc_01141,4,0.4,0.8473166120970511,0.8339128077360772,0.013403804360973881,0.016073388292671496,0.8457184146216384,0.00882566502092233,0.005930444551590239,0.026853400476609224,0.0033509510902434703,0,0.6946332241941023,1,0,False,1
doc_01141,5,0.5,0.8448686195390993,0.8473166120970511,-0.002447992557951806,-0.002889111960041938,0.8455767821078819,0.00806291519216478,0.005827944665091228,0.026853400476609224,-0.0004895985115903612,1,0.6897372390781986,1,0,False,1
doc_01143,0,0.0,0.6023586336109648,0.6023586336109648,0.0,0.0,0.6023586336109648,0.0,0.0,0.0,0.0,0,0.20471726722192957,1,1,True,0
doc_01143,1,0.1,0.5868124018616072,0.6023586336109648,-0.015546231749357542,-0.025808929899721708,0.594585517736286,0.007773115874678771,0.007773115874678771,0.015546231749357542,-0.015546231749357542,1,0.17362480372321443,1,1,True,0
doc_01143,2,0.2,0.6253073956434307,0.5868124018616072,0.03849499378182353,0.06560017078661218,0.6048261437053343,0.015812075366947027,0.015812075366947027,0.03849499378182353,0.019247496890911764,0,0.25061479128686154,1,1,True,0
doc_01143,3,0.3,0.5779206658392101,0.6253073956434307,-0.04738672980422065,-0.07578149584407283,0.5980997742388032,0.01797911105028146,0.020565423185782385,0.04738672980422065,-0.015795576601406885,1,0.15584133167842018,1,1,True,0
doc_01143,4,0.4,0.5451721717605382,0.5779206658392101,-0.032748494078671864,-0.056666072031041015,0.5875142537431502,0.026585930940673127,0.03289650459770313,0.08013522388289251,-0.008187123519667966,2,0.09034434352107645,1,1,True,0
doc_01143,5,0.5,0.5423201596385512,0.5451721717605382,-0.0028520121219870465,-0.005231397106673607,0.5799819047257171,0.02954134693251702,0.01615203420043405,0.08298723600487956,-0.0005704024243974093,3,0.08464031927710236,1,1,True,0
doc_01145,0,0.0,0.6132879136027394,0.6132879136027394,0.0,0.0,0.6132879136027394,0.0,0.0,0.0,0.0,0,0.22657582720547886,0,0,True,0
doc_01145,1,0.1,0.6163951612109104,0.6132879136027394,0.0031072476081710487,0.005066539775613099,0.6148415374068249,0.0015536238040855244,0.0015536238040855244,0.0031072476081710487,0.0031072476081710487,0,0.2327903224218209,0,0,True,0
doc_01145,2,0.2,0.5050692922149277,0.6163951612109104,-0.11132586899598274,-0.18060795412034494,0.5782507890095259,0.051762678651372976,0.051762678651372976,0.11132586899598274,-0.05566293449799137,1,0.01013858442985538,1,0,False,1
doc_01145,3,0.3,0.6469933577963063,0.5050692922149277,0.1419240655813786,0.2809991970784557,0.595436431206221,0.05381050147519962,0.06098464208592621,0.1419240655813786,0.047308021860459536,0,0.2939867155926126,0,0,True,0
doc_01145,4,0.4,0.5506397785542346,0.6469933577963063,-0.09635357924207166,-0.14892514440991647,0.5864771006758238,0.0513569320483769,0.059163729362870246,0.1419240655813786,-0.024088394810517916,1,0.10127955710846925,0,0,True,0
doc_01145,5,0.5,0.6401643770872246,0.5506397785542346,0.08952459853299,0.16258287544726008,0.5954249800777239,0.05097320982770669,0.04390052005864601,0.1419240655813786,0.017904919706598,0,0.28032875417444925,0,0,True,0
doc_01155,0,0.0,0.5724867709330642,0.5724867709330642,0.0,0.0,0.5724867709330642,0.0,0.0,0.0,0.0,0,0.14497354186612843,1,1,True,0
doc_01155,1,0.1,0.5077281278634482,0.5724867709330642,-0.06475864306961598,-0.11311814762823164,0.5401074493982563,0.03237932153480799,0.03237932153480799,0.06475864306961598,-0.06475864306961598,1,0.015456255726896517,1,1,True,0
doc_01155,2,0.2,0.5210302729890247,0.5077281278634482,0.013302145125576481,0.02619934645250548,0.5337483905951791,0.027925297368007383,0.027925297368007383,0.06475864306961598,0.0066510725627882405,0,0.042060545978049424,1,1,True,0
doc_01155,3,0.3,0.5455013934047542,0.5210302729890247,0.02447112041572952,0.04696679192044757,0.5366866412975729,0.024713693094903542,0.015643963653034026,0.06475864306961598,0.008157040138576507,0,0.09100278680950852,1,1,True,0
doc_01155,4,0.4,0.5302513328051454,0.5455013934047542,-0.015250060599608872,-0.027956043346517256,0.5353995795990875,0.02225397520386189,0.010090854092391188,0.06475864306961598,-0.003812515149902218,1,0.06050266561029077,0,1,False,1
doc_01155,5,0.5,0.5535386079127798,0.5302513328051454,0.023287275107634398,0.043917428711474665,0.5384227509847028,0.021410215702924826,0.009657802529437058,0.06475864306961598,0.00465745502152688,0,0.10707721582555957,1,1,True,0
doc_01161,0,0.0,0.8955118275776537,0.8955118275776537,0.0,0.0,0.8955118275776537,0.0,0.0,0.0,0.0,0,0.7910236551553074,1,1,True,0
doc_01161,1,0.1,0.901868755492418,0.8955118275776537,0.0063569279147642765,0.0070986532159599425,0.8986902915350359,0.0031784639573821383,0.0031784639573821383,0.0063569279147642765,0.0063569279147642765,0,0.8037375109848359,1,1,True,0
doc_01161,2,0.2,0.878847213770145,0.901868755492418,-0.023021541722272998,-0.025526487731247875,0.8920759322800723,0.00970744999779537,0.00970744999779537,0.023021541722272998,-0.011510770861136499,1,0.7576944275402899,1,1,True,0
doc_01161,3,0.3,0.881590677757524,0.878847213770145,0.0027434639873790134,0.0031216620413574447,0.8894546186494352,0.00955456930192376,0.010267090979017512,0.023021541722272998,0.0009144879957930044,0,0.763181355515048,1,1,True,0
doc_01161,4,0.4,0.8480055218760757,0.881590677757524,-0.03358515588144828,-0.0380960878203452,0.8811647992947632,0.018652513379396937,0.015226801112657772,0.053863233616342265,-0.00839628897036207,1,0.6960110437521514,1,1,True,0
doc_01161,5,0.5,0.8622837413474025,0.8480055218760757,0.014278219471326792,0.016837413322189847,0.8780179563035365,0.01842398753973519,0.013762218976430566,0.053863233616342265,0.0028556438942653585,0,0.724567482694805,1,1,True,0
doc_01162,0,0.0,0.68312255487996,0.68312255487996,0.0,0.0,0.68312255487996,0.0,0.0,0.0,0.0,0,0.36624510975992,0,0,True,0
doc_01162,1,0.1,0.6607815752437636,0.68312255487996,-0.022340979636196412,-0.03270420435777036,0.6719520650618618,0.011170489818098206,0.011170489818098206,0.022340979636196412,-0.022340979636196412,1,0.3215631504875271,0,0,True,0
doc_01162,2,0.2,0.6957956807397927,0.6607815752437636,0.035014105496029124,0.0529889252482749,0.6798999369545055,0.014474940314024558,0.014474940314024558,0.035014105496029124,0.017507052748014562,0,0.3915913614795854,0,0,True,0
doc_01162,3,0.3,0.7150623180421058,0.6957956807397927,0.01926663730231315,0.027690078906250512,0.6886905322264056,0.01972223665115059,0.022468718836456777,0.054280742798342274,0.006422212434104384,0,0.43012463608421175,0,0,True,0
doc_01162,4,0.4,0.61727463857452,0.7150623180421058,-0.09778767946758582,-0.1367540660446712,0.6744073534960285,0.03357394932674405,0.04229419139434676,0.09778767946758582,-0.024446919866896455,1,0.23454927714904011,0,0,True,0
doc_01162,5,0.5,0.6575870933233616,0.61727463857452,0.0403124547488416,0.06530716188491989,0.671603976800584,0.03128316371967175,0.040126086998087604,0.09778767946758582,0.00806249094976832,0,0.31517418664672325,0,0,True,0
doc_01167,0,0.0,0.5568832950603252,0.5568832950603252,0.0,0.0,0.5568832950603252,0.0,0.0,0.0,0.0,0,0.11376659012065038,1,0,False,1
doc_01167,1,0.1,0.5760581723377459,0.5568832950603252,0.019174877277420732,0.03443248782555703,0.5664707336990356,0.009587438638710366,0.009587438638710366,0.019174877277420732,0.019174877277420732,0,0.15211634467549184,1,0,False,1
doc_01167,2,0.2,0.5032336056795454,0.5760581723377459,-0.07282456665820047,-0.12641877184497793,0.5453916910258721,0.03082095715258438,0.03082095715258438,0.07282456665820047,-0.03641228332910024,1,0.006467211359090952,1,0,False,1
doc_01167,3,0.3,0.5649061916115624,0.5032336056795454,0.061672585932016966,0.12255259830816924,0.5502703161722947,0.02799734808529196,0.032026537674271646,0.07282456665820047,0.020557528644005656,0,0.12981238322312483,1,0,False,1
doc_01167,4,0.4,0.507338763362182,0.5649061916115624,-0.05756742824938044,-0.1019061732801198,0.5416840056102721,0.030364125479209858,0.02815506461325464,0.07282456665820047,-0.01439185706234511,1,0.014677526724363954,0,0,True,0
doc_01167,5,0.5,0.5246659880181316,0.507338763362182,0.017327224655949602,0.034153165315262815,0.5388476693449153,0.02843485151151472,0.02411434680103683,0.07282456665820047,0.0034654449311899206,0,0.04933197603626316,0,0,True,0
doc_01169,0,0.0,0.5255888098819681,0.5255888098819681,0.0,0.0,0.5255888098819681,0.0,0.0,0.0,0.0,0,0.0511776197639362,1,1,True,0
doc_01169,1,0.1,0.5208850569985777,0.5255888098819681,-0.004703752883390422,-0.00894949206480775,0.5232369334402729,0.002351876441695211,0.002351876441695211,0.004703752883390422,-0.004703752883390422,1,0.041770113997155356,0,1,False,1
doc_01169,2,0.2,0.5440324769052902,0.5208850569985777,0.02314741990671254,0.044438633045247346,0.5301687812619453,0.009989423255472958,0.009989423255472958,0.02314741990671254,0.01157370995335627,0,0.08806495381058049,0,1,False,1
doc_01169,3,0.3,0.569416557323996,0.5440324769052902,0.025384080418705768,0.04665912697547438,0.539980725277458,0.019069980829130435,0.019819914538657186,0.04853150032541831,0.008461360139568589,0,0.13883311464799197,0,1,False,1
doc_01169,4,0.4,0.5747132470573726,0.569416557323996,0.005296689733376603,0.00930195946227606,0.546927229633441,0.021998796015452314,0.01339036186532806,0.05382819005879491,0.0013241724333441507,0,0.1494264941147453,0,1,False,1
doc_01169,5,0.5,0.5962132479052016,0.5747132470573726,0.021500000847828993,0.037409962199257754,0.5551415660120678,0.027215175897785233,0.011587194007433748,0.0753281909066239,0.004300000169565799,0,0.1924264958104031,0,1,False,1
doc_01171,0,0.0,0.6304022342332988,0.6304022342332988,0.0,0.0,0.6304022342332988,0.0,0.0,0.0,0.0,0,0.26080446846659755,1,1,True,0
doc_01171,1,0.1,0.6067701189216319,0.6304022342332988,-0.023632115311666868,-0.037487359702029724,0.6185861765774654,0.011816057655833434,0.011816057655833434,0.023632115311666868,-0.023632115311666868,1,0.2135402378432638,1,1,True,0
doc_01171,2,0.2,0.6013085230888582,0.6067701189216319,-0.005461595832773725,-0.00900109557550431,0.6128269587479297,0.01262603100872971,0.01262603100872971,0.029093711144440593,-0.0027307979163868623,2,0.20261704617771636,1,1,True,0
doc_01171,3,0.3,0.5589637445722441,0.6013085230888582,-0.04234477851661411,-0.07042105157447873,0.5993611552040082,0.025759388376386395,0.0213654932727608,0.0714384896610547,-0.014114926172204703,3,0.1179274891444882,1,1,True,0
doc_01171,4,0.4,0.5924728611808097,0.5589637445722441,0.03350911660856559,0.05994864055844799,0.5979834963993685,0.023204065306502087,0.018239182745034537,0.0714384896610547,0.008377279152141398,0,0.18494572236161938,1,1,True,0
doc_01171,5,0.5,0.5831285840096313,0.5924728611808097,-0.009344277171178361,-0.01577165433798105,0.5955076776677456,0.021893810333431796,0.014119001683204395,0.0714384896610547,-0.0018688554342356722,1,0.1662571680192626,1,1,True,0
doc_01176,0,0.0,0.7182707995485957,0.7182707995485957,0.0,0.0,0.7182707995485957,0.0,0.0,0.0,0.0,0,0.43654159909719153,1,1,True,0
doc_01176,1,0.1,0.7316759641542948,0.7182707995485957,0.013405164605699071,0.01866310674765517,0.7249733818514452,0.006702582302849536,0.006702582302849536,0.013405164605699071,0.013405164605699071,0,0.4633519283085896,1,1,True,0
doc_01176,2,0.2,0.7090018821154188,0.7316759641542948,-0.022674082038875998,-0.03098923997740415,0.7196495486061031,0.009307853701726047,0.009307853701726047,0.022674082038875998,-0.011337041019437999,1,0.4180037642308376,1,1,True,0
doc_01176,3,0.3,0.6701874977367578,0.7090018821154188,-0.03881438437866103,-0.054745107675669626,0.7072840358887668,0.022884379381739223,0.02538919703202898,0.061488466417537024,-0.012938128126220342,2,0.3403749954735156,1,1,True,0
doc_01176,4,0.4,0.7105454794191678,0.6701874977367578,0.040357981682410005,0.060218941443551326,0.7079363245948469,0.020509943392759914,0.01867174280030992,0.061488466417537024,0.010089495420602501,0,0.4210909588383356,1,1,True,0
doc_01176,5,0.5,0.7044818199604435,0.7105454794191678,-0.006063659458724335,-0.008533809072546696,0.7073605738224463,0.0187671413132487,0.017768996683646926,0.061488466417537024,-0.001212731891744867,1,0.40896363992088697,1,1,True,0
doc_01187,0,0.0,0.6851973492698817,0.6851973492698817,0.0,0.0,0.6851973492698817,0.0,0.0,0.0,0.0,0,0.37039469853976353,1,1,True,0
doc_01187,1,0.1,0.6580302024829331,0.6851973492698817,-0.027167146786948648,-0.03964864548278952,0.6716137758764074,0.013583573393474324,0.013583573393474324,0.027167146786948648,-0.027167146786948648,1,0.3160604049658662,1,1,True,0
doc_01187,2,0.2,0.6630470595860648,0.6580302024829331,0.005016857103131711,0.007624052944988995,0.6687582037796265,0.011803286043461064,0.011803286043461064,0.027167146786948648,0.0025084285515658555,0,0.3260941191721296,1,1,True,0
doc_01187,3,0.3,0.6400389627011083,0.6630470595860648,-0.02300809688495653,-0.03470054885594442,0.6615783935099969,0.016097738896859292,0.009878293185610476,0.04515838656877347,-0.007669365628318843,1,0.2800779254022166,1,1,True,0
doc_01187,4,0.4,0.6184005269118862,0.6400389627011083,-0.021638435789222088,-0.03380799771611251,0.6529428201903749,0.022485601266309194,0.018229729398547286,0.06679682235799556,-0.005409608947305522,2,0.23680105382377237,1,1,True,0
doc_01187,5,0.5,0.5407676188717151,0.6184005269118862,-0.07763290804017109,-0.12553823074480133,0.6342469533039315,0.046572657358521403,0.04262222948946235,0.14442973039816664,-0.015526581608034218,3,0.08153523774343019,1,1,True,0
doc_01201,0,0.0,0.5487620364945182,0.5487620364945182,0.0,0.0,0.5487620364945182,0.0,0.0,0.0,0.0,0,0.09752407298903637,0,0,True,0
doc_01201,1,0.1,0.5677612434371616,0.5487620364945182,0.018999206942643454,0.034621941167814814,0.5582616399658399,0.009499603471321727,0.009499603471321727,0.018999206942643454,0.018999206942643454,0,0.13552248687432322,0,0,True,0
doc_01201,2,0.2,0.5336126313911411,0.5677612434371616,-0.03414861204602049,-0.06014607802267146,0.5500453037742736,0.013970612187752598,0.013970612187752598,0.03414861204602049,-0.017074306023010244,1,0.0672252627822823,0,0,True,0
doc_01201,3,0.3,0.618514695657037,0.5336126313911411,0.08490206426589586,0.15910804818198196,0.5671626517449645,0.03202177865647968,0.034881388118267784,0.08490206426589586,0.028300688088631953,0,0.23702939131407397,0,0,True,0
doc_01201,4,0.4,0.5915987644995554,0.618514695657037,-0.026915931157481587,-0.043517043889942306,0.5720498742958827,0.03026310003467052,0.035426323388675796,0.08490206426589586,-0.006728982789370397,1,0.1831975289991108,0,0,True,0
doc_01201,5,0.5,0.5922265044886357,0.5915987644995554,0.0006277399890802782,0.001061090770889786,0.5754126459946748,0.028631343906891916,0.012542950222134926,0.08490206426589586,0.00012554799781605563,0,0.18445300897727135,0,0,True,0
doc_01202,0,0.0,0.8480704545216057,0.8480704545216057,0.0,0.0,0.8480704545216057,0.0,0.0,0.0,0.0,0,0.6961409090432114,1,1,True,0
doc_01202,1,0.1,0.8239724078613827,0.8480704545216057,-0.02409804666022297,-0.028415147033764566,0.8360214311914942,0.012049023330111486,0.012049023330111486,0.02409804666022297,-0.02409804666022297,1,0.6479448157227654,1,1,True,0
doc_01202,2,0.2,0.8185376222239936,0.8239724078613827,-0.0054347856373890835,-0.006595834503117706,0.8301934948689941,0.012834159849062242,0.012834159849062242,0.029532832297612055,-0.0027173928186945417,2,0.6370752444479874,1,1,True,0
doc_01202,3,0.3,0.8163155946278828,0.8185376222239936,-0.002222027596110787,-0.002714630990416134,0.8267240198087162,0.01263520937124232,0.003216296877793661,0.03175485989372284,-0.0007406758653702624,3,0.6326311892557657,1,1,True,0
doc_01202,4,0.4,0.8445509322938605,0.8163155946278828,0.028235337665977633,0.03458875201183521,0.8302894023057451,0.013362882252140912,0.012818666946383263,0.03175485989372284,0.007058834416494408,0,0.6891018645877209,1,1,True,0
doc_01202,5,0.5,0.7665404003034122,0.8445509322938605,-0.07801053199044827,-0.09236924501233586,0.8196645686386898,0.0267065716756531,0.03224980166103238,0.08153005421819348,-0.015602106398089654,1,0.5330808006068244,1,1,True,0
doc_01204,0,0.0,0.7263194418885618,0.7263194418885618,0.0,0.0,0.7263194418885618,0.0,0.0,0.0,0.0,0,0.4526388837771236,1,1,True,0
doc_01204,1,0.1,0.7134087864299724,0.7263194418885618,-0.012910655458589382,-0.01777545073696409,0.7198641141592671,0.006455327729294691,0.006455327729294691,0.012910655458589382,-0.012910655458589382,1,0.4268175728599448,1,1,True,0
doc_01204,2,0.2,0.6809457442735419,0.7134087864299724,-0.03246304215643048,-0.045504124386919115,0.7068913241973588,0.019088409996294856,0.019088409996294856,0.04537369761501986,-0.01623152107821524,2,0.3618914885470839,1,1,True,0
doc_01204,3,0.3,0.6628658376133283,0.6809457442735419,-0.01807990666021364,-0.02655117065090399,0.6958849525513511,0.025232839665208267,0.020910714441203813,0.0634536042752335,-0.006026635553404547,3,0.3257316752266566,1,1,True,0
doc_01204,4,0.4,0.678501686480535,0.6628658376133283,0.015635848867206703,0.023588255692138436,0.6924082993371878,0.02361578769260708,0.008009273882580843,0.0634536042752335,0.003908962216801676,0,0.35700337296107,1,1,True,0
doc_01204,5,0.5,0.623531177476462,0.678501686480535,-0.054970509004072965,-0.0810174979655706,0.6809287790270669,0.033520910733018223,0.023126348892906098,0.10278826441209976,-0.010994101800814593,1,0.2470623549529241,1,1,True,0
doc_01205,0,0.0,0.8691674217285057,0.8691674217285057,0.0,0.0,0.8691674217285057,0.0,0.0,0.0,0.0,0,0.7383348434570114,1,1,True,0
doc_01205,1,0.1,0.852550362445272,0.8691674217285057,-0.01661705928323365,-0.019118364158412022,0.8608588920868889,0.008308529641616824,0.008308529641616824,0.01661705928323365,-0.01661705928323365,1,0.7051007248905441,1,1,True,0
doc_01205,2,0.2,0.808874613548985,0.852550362445272,-0.043675748896287,-0.051229523580304255,0.8435307992409209,0.025427282851838255,0.025427282851838255,0.06029280817952065,-0.0218378744481435,2,0.6177492270979701,1,1,True,0
doc_01205,3,0.3,0.8182905161047533,0.808874613548985,0.009415902555768296,0.011640744310734972,0.837220728456879,0.024583755100053332,0.018767487648907892,0.06029280817952065,0.0031386341852560986,0,0.6365810322095067,1,1,True,0
doc_01205,4,0.4,0.8490896880045699,0.8182905161047533,0.030799171899816513,0.0376384319427622,0.8395945203664171,0.0224950742158072,0.017173948048400393,0.06029280817952065,0.007699792974954128,0,0.6981793760091397,1,1,True,0
doc_01205,5,0.5,0.8068206087912446,0.8490896880045699,-0.042269079213325234,-0.049781642399474926,0.8341322017705549,0.023892989045444533,0.017847573196492106,0.062346812937261076,-0.008453815842665047,1,0.6136412175824894,1,1,True,0
doc_01208,0,0.0,0.7997824779297605,0.7997824779297605,0.0,0.0,0.7997824779297605,0.0,0.0,0.0,0.0,0,0.5995649558595211,1,1,True,0
doc_01208,1,0.1,0.7865893200757414,0.7997824779297605,-0.013193157854019089,-0.01649593260428713,0.7931858990027509,0.006596578927009544,0.006596578927009544,0.013193157854019089,-0.013193157854019089,1,0.5731786401514829,1,1,True,0
doc_01208,2,0.2,0.7673828585493989,0.7865893200757414,-0.019206461526342533,-0.024417394231202025,0.7845848855183002,0.013302810540618206,0.013302810540618206,0.03239961938036162,-0.009603230763171267,2,0.5347657170987979,1,1,True,0
doc_01208,3,0.3,0.780410570406498,0.7673828585493989,0.013027711857099056,0.01697680852778707,0.7835413067403496,0.011661507029841969,0.0080054591656059,0.03239961938036162,0.004342570619033019,0,0.5608211408129959,1,1,True,0
doc_01208,4,0.4,0.7610266953778331,0.780410570406498,-0.0193838750286649,-0.02483804777089101,0.7790383844678462,0.013780342264779534,0.008068158936503061,0.038755782551927465,-0.004845968757166225,1,0.5220533907556661,1,1,True,0
doc_01208,5,0.5,0.7787801796101409,0.7610266953778331,0.017753484232307826,0.023328333079687315,0.7789953503248954,0.012580041883847414,0.008778629275832601,0.038755782551927465,0.0035506968464615652,0,0.5575603592202818,1,1,True,0
doc_01209,0,0.0,0.8531901753036113,0.8531901753036113,0.0,0.0,0.8531901753036113,0.0,0.0,0.0,0.0,0,0.7063803506072226,1,1,True,0
doc_01209,1,0.1,0.873186500043275,0.8531901753036113,0.01999632473966373,0.023437124944093446,0.8631883376734432,0.009998162369831864,0.009998162369831864,0.01999632473966373,0.01999632473966373,0,0.7463730000865502,1,1,True,0
doc_01209,2,0.2,0.8416613299899337,0.873186500043275,-0.03152517005334132,-0.03610359304888353,0.8560126684456066,0.013023925096413405,0.013023925096413405,0.03152517005334132,-0.01576258502667066,1,0.6833226599798674,1,1,True,0
doc_01209,3,0.3,0.8172411516879153,0.8416613299899337,-0.02442017830201837,-0.02901425719809467,0.8463197892561838,0.02022554547175376,0.022900905993230452,0.05594534835535969,-0.008140059434006123,2,0.6344823033758307,1,1,True,0
doc_01209,4,0.4,0.8133979582808788,0.8172411516879153,-0.003843193407036538,-0.004702643031495508,0.8397354230611228,0.022375738299922794,0.012516360068284244,0.05978854176239623,-0.0009607983517591345,3,0.6267959165617576,1,1,True,0
doc_01209,5,0.5,0.7919646071409359,0.8133979582808788,-0.021433351139942936,-0.026350387189614348,0.8317736204077583,0.027095748027648227,0.011120863180364194,0.08122189290233917,-0.0042866702279885874,4,0.5839292142818717,1,1,True,0
doc_01216,0,0.0,0.6072887878404388,0.6072887878404388,0.0,0.0,0.6072887878404388,0.0,0.0,0.0,0.0,0,0.21457757568087765,1,1,True,0
doc_01216,1,0.1,0.5686318771359552,0.6072887878404388,-0.03865691070448363,-0.06365490599941799,0.587960332488197,0.019328455352241813,0.019328455352241813,0.03865691070448363,-0.03865691070448363,1,0.1372637542719104,1,1,True,0
doc_01216,2,0.2,0.6338477661869417,0.5686318771359552,0.06521588905098652,0.1146891190473902,0.6032561437211119,0.026776540853546936,0.026776540853546936,0.06521588905098652,0.03260794452549326,0,0.26769553237388344,1,1,True,0
doc_01216,3,0.3,0.5245837370935276,0.6338477661869417,-0.10926402909341415,-0.17238213167606042,0.5835880420642159,0.041209707878353694,0.044885012197384694,0.10926402909341415,-0.03642134303113805,1,0.04916747418705519,1,1,True,0
doc_01216,4,0.4,0.6230444395739686,0.5245837370935276,0.09846070248044103,0.1876930135615061,0.5914793215661664,0.04009589988324264,0.049159434329734096,0.10926402909341415,0.024615175620110258,0,0.2460888791479372,1,1,True,0
doc_01216,5,0.5,0.5350058822537641,0.6230444395739686,-0.08803855732020449,-0.14130381675567855,0.582067081680766,0.0422218618866355,0.044163734012958214,0.10926402909341415,-0.017607711464040898,1,0.07001176450752822,1,1,True,0
doc_01217,0,0.0,0.9149576315875334,0.9149576315875334,0.0,0.0,0.9149576315875334,0.0,0.0,0.0,0.0,0,0.8299152631750668,1,1,True,0
doc_01217,1,0.1,0.903132114764563,0.9149576315875334,-0.011825516822970394,-0.012924660568656128,0.9090448731760482,0.005912758411485197,0.005912758411485197,0.011825516822970394,-0.011825516822970394,1,0.8062642295291261,1,1,True,0
doc_01217,2,0.2,0.8793951556318539,0.903132114764563,-0.023736959132709123,-0.02628293108466982,0.8991616339946501,0.01478729098883581,0.01478729098883581,0.03556247595567952,-0.011868479566354562,2,0.7587903112637078,1,1,True,0
doc_01217,3,0.3,0.878245369375081,0.8793951556318539,-0.0011497862567728667,-0.00130747394889472,0.8939325678397578,0.015685259948375038,0.011470325643856798,0.036712262212452385,-0.0003832620855909556,3,0.7564907387501622,1,1,True,0
doc_01217,4,0.4,0.8843614239213381,0.878245369375081,0.006116054546257077,0.0069639473881985626,0.8920183390560739,0.014542317252199352,0.0026539687759235026,0.036712262212452385,0.0015290136365642693,0,0.7687228478426762,1,1,True,0
doc_01217,5,0.5,0.8946214852642213,0.8843614239213381,0.010260061342883153,0.011601660888134534,0.8924521967574318,0.013310659453165731,0.006756496080621377,0.036712262212452385,0.0020520122685766307,0,0.7892429705284425,1,1,True,0
doc_01225,0,0.0,0.6702791255798991,0.6702791255798991,0.0,0.0,0.6702791255798991,0.0,0.0,0.0,0.0,0,0.3405582511597982,0,0,True,0
doc_01225,1,0.1,0.6909279237122247,0.6702791255798991,0.020648798132325563,0.030806267634339704,0.6806035246460619,0.010324399066162782,0.010324399066162782,0.020648798132325563,0.020648798132325563,0,0.3818558474244494,0,0,True,0
doc_01225,2,0.2,0.7010014489172804,0.6909279237122247,0.010073525205055778,0.014579704856814351,0.6874028327364682,0.01278762390235632,0.01278762390235632,0.03072232333738134,0.005036762602527889,0,0.40200289783456095,0,0,True,0
doc_01225,3,0.3,0.6449164848552471,0.7010014489172804,-0.05608496406203334,-0.08000691603228266,0.6767812457661628,0.021473165185979456,0.024413228676240833,0.05608496406203334,-0.018694988020677778,1,0.2898329697104942,0,0,True,0
doc_01225,4,0.4,0.5723941591321648,0.6449164848552471,-0.07252232572308226,-0.11245227471485715,0.6559038284393632,0.04596024015856419,0.05264645805116439,0.1286072897851156,-0.018130581430770565,2,0.14478831826432975,0,0,True,0
doc_01225,5,0.5,0.7121377856162455,0.5723941591321648,0.13974362648408067,0.24413880584657416,0.6652761546355103,0.046898708807695345,0.05706377732873173,0.13974362648408067,0.027948725296816135,0,0.42427557123249104,0,0,True,0
doc_01231,0,0.0,0.8750987544342514,0.8750987544342514,0.0,0.0,0.8750987544342514,0.0,0.0,0.0,0.0,0,0.7501975088685029,1,1,True,0
doc_01231,1,0.1,0.8524625802210108,0.8750987544342514,-0.0226361742132406,-0.025866993980439172,0.8637806673276311,0.0113180871066203,0.0113180871066203,0.0226361742132406,-0.0226361742132406,1,0.7049251604420217,1,1,True,0
doc_01231,2,0.2,0.835162858833722,0.8524625802210108,-0.017299721387288858,-0.020293819093858294,0.8542413978296614,0.01635220848321374,0.01635220848321374,0.03993589560052946,-0.008649860693644429,2,0.670325717667444,1,1,True,0
doc_01231,3,0.3,0.8309624248106043,0.835162858833722,-0.00420043402311765,-0.005029478955737352,0.8484216545748972,0.017382585433789424,0.009304602736352323,0.04413632962364711,-0.0014001446743725499,3,0.6619248496212087,1,1,True,0
doc_01231,4,0.4,0.7921889372621043,0.8309624248106043,-0.038773487548500074,-0.046660939641569775,0.8371751111123386,0.027343415670162116,0.019344206476645393,0.08290981717214718,-0.009693371887125019,4,0.5843778745242085,1,1,True,0
doc_01231,5,0.5,0.8295689442485958,0.7921889372621043,0.037380006986491576,0.047185722026971445,0.8359074166350481,0.02512144960383761,0.017958563562516613,0.08290981717214718,0.007476001397298315,0,0.6591378884971917,1,1,True,0
doc_01236,0,0.0,0.6917164508516129,0.6917164508516129,0.0,0.0,0.6917164508516129,0.0,0.0,0.0,0.0,0,0.3834329017032258,0,0,True,0
doc_01236,1,0.1,0.5508870697174726,0.6917164508516129,-0.14082938113414034,-0.203594089689145,0.6213017602845428,0.07041469056707017,0.07041469056707017,0.14082938113414034,-0.14082938113414034,1,0.10177413943494518,0,0,True,0
doc_01236,2,0.2,0.616165124119747,0.5508870697174726,0.06527805440227441,0.11849625447871348,0.6195895482296109,0.05754432296366228,0.05754432296366228,0.14082938113414034,0.032639027201137205,0,0.232330248239494,0,0,True,0
doc_01236,3,0.3,0.6123278138621,0.616165124119747,-0.0038373102576469975,-0.006227730371998863,0.6177741146377331,0.04993394863606578,0.029908962569038487,0.14082938113414034,-0.0012791034192156658,1,0.2246556277242001,0,0,True,0
doc_01236,4,0.4,0.6336280669588761,0.6123278138621,0.02130025309677608,0.034785702387794895,0.6209449051019618,0.04511025415339152,0.009269904138320427,0.14082938113414034,0.00532506327419402,0,0.26725613391775216,0,0,True,0
doc_01236,5,0.5,0.5947960246389385,0.6336280669588761,-0.03883204231993753,-0.06128523079211676,0.6165867583581245,0.04231721170741767,0.01587797890192402,0.14082938113414034,-0.007766408463987506,1,0.18959204927787715,0,0,True,0
doc_01238,0,0.0,0.6952023749068161,0.6952023749068161,0.0,0.0,0.6952023749068161,0.0,0.0,0.0,0.0,0,0.3904047498136323,0,0,True,0
doc_01238,1,0.1,0.6962522362409553,0.6952023749068161,0.0010498613341392016,0.0015101521111459428,0.6957273055738857,0.0005249306670696008,0.0005249306670696008,0.0010498613341392016,0.0010498613341392016,0,0.3925044724819106,0,0,True,0
doc_01238,2,0.2,0.6830610553779459,0.6962522362409553,-0.01319118086300941,-0.018945979885433756,0.691505222175239,0.005986290831592458,0.005986290831592458,0.01319118086300941,-0.006595590431504705,1,0.36612211075589185,0,0,True,0
doc_01238,3,0.3,0.7036858966286357,0.6830610553779459,0.02062484125068975,0.030194725769100945,0.6945503907885882,0.0073956686034114625,0.008528713827328291,0.02062484125068975,0.00687494708356325,0,0.40737179325727146,0,0,True,0
doc_01238,4,0.4,0.6686504586351254,0.7036858966286357,-0.03503543799351028,-0.04978846124579918,0.6893704043578956,0.012291695121578048,0.0143779587892079,0.03503543799351028,-0.00875885949837757,1,0.3373009172702508,0,0,True,0
doc_01238,5,0.5,0.6942188440355614,0.6686504586351254,0.025568385400436044,0.03823879138979012,0.6901784776375065,0.011365285724269937,0.014798082954605106,0.03503543799351028,0.005113677080087209,0,0.38843768807112294,0,0,True,0
doc_01239,0,0.0,0.6931607122371877,0.6931607122371877,0.0,0.0,0.6931607122371877,0.0,0.0,0.0,0.0,0,0.3863214244743754,0,0,True,0
doc_01239,1,0.1,0.7209303699572558,0.6931607122371877,0.02776965772006812,0.040062365379077945,0.7070455410972217,0.01388482886003406,0.01388482886003406,0.02776965772006812,0.02776965772006812,0,0.4418607399145116,0,0,True,0
doc_01239,2,0.2,0.6028994120114564,0.7209303699572558,-0.11803095794579943,-0.1637203298188111,0.6723301647353,0.050386906634707324,0.050386906634707324,0.11803095794579943,-0.059015478972899715,1,0.20579882402291277,0,0,True,0
doc_01239,3,0.3,0.6354149011560346,0.6028994120114564,0.03251548914457825,0.05393186408342422,0.6631013488404837,0.046471963576142104,0.04977891060837231,0.11803095794579943,0.010838496381526083,0,0.2708298023120692,0,0,True,0
doc_01239,4,0.4,0.5501298956829821,0.6354149011560346,-0.08528500547305251,-0.134219397936514,0.6405070582089833,0.061398066707842126,0.03514321658330681,0.1708004742742737,-0.021321251368263128,1,0.10025979136596419,0,0,True,0
doc_01239,5,0.5,0.5824268326722792,0.5501298956829821,0.03229693698929714,0.058707838353705064,0.6308270206195327,0.06008286889690841,0.035157360062484114,0.1708004742742737,0.006459387397859428,0,0.16485366534455853,0,0,True,0
doc_01249,0,0.0,0.8572173713018089,0.8572173713018089,0.0,0.0,0.8572173713018089,0.0,0.0,0.0,0.0,0,0.7144347426036177,1,1,True,0
doc_01249,1,0.1,0.8966981086000931,0.8572173713018089,0.039480737298284274,0.04605685631210092,0.8769577399509509,0.019740368649142137,0.019740368649142137,0.039480737298284274,0.039480737298284274,0,0.7933962172001864,1,1,True,0
doc_01249,2,0.2,0.8065282030351387,0.8966981086000931,-0.09016990556495441,-0.10055770688055296,0.8534812276456801,0.03690638647951166,0.03690638647951166,0.09016990556495441,-0.045084952782477206,1,0.6130564060702776,1,1,True,0
doc_01249,3,0.3,0.8314276754370865,0.8065282030351387,0.024899472401947786,0.030872413770833714,0.8479678395935317,0.033357958056092554,0.03802166785864004,0.09016990556495441,0.008299824133982595,0,0.662855350874173,1,1,True,0
doc_01249,4,0.4,0.8340314422519552,0.8314276754370865,0.0026037668148687354,0.0031316816745364166,0.8451805601252165,0.0303525682583137,0.01239709417089794,0.09016990556495441,0.0006509417037171839,0,0.6680628845039105,1,1,True,0
doc_01249,5,0.5,0.786715462710409,0.8340314422519552,-0.047315979541546205,-0.05673164960518643,0.8354363772227485,0.035248794335126794,0.021717283154508504,0.1099826458896841,-0.009463195908309241,1,0.5734309254208181,1,1,True,0
doc_01250,0,0.0,0.6073686271458707,0.6073686271458707,0.0,0.0,0.6073686271458707,0.0,0.0,0.0,0.0,0,0.2147372542917414,1,0,False,1
doc_01250,1,0.1,0.6199990637023105,0.6073686271458707,0.012630436556439806,0.020795339093809293,0.6136838454240906,0.006315218278219903,0.006315218278219903,0.012630436556439806,0.012630436556439806,0,0.239998127404621,1,0,False,1
doc_01250,2,0.2,0.6285174823760385,0.6199990637023105,0.008518418673728045,0.013739405706293327,0.6186283910747399,0.008688213355868127,0.008688213355868127,0.02114885523016785,0.004259209336864023,0,0.25703496475207716,1,0,False,1
doc_01250,3,0.3,0.6098066442905642,0.6285174823760385,-0.018710838085474357,-0.029769797356694314,0.616422954378696,0.0084383435310839,0.0076488512719717835,0.02114885523016785,-0.006236946028491452,1,0.21961328858112839,1,0,False,1
doc_01250,4,0.4,0.5593133176847614,0.6098066442905642,-0.050493326605802746,-0.08280219161033509,0.6050010270399091,0.024058391670454187,0.029228767990530816,0.0692041646912771,-0.012623331651450687,2,0.11862663536952295,1,0,False,1
doc_01250,5,0.5,0.6128501076980465,0.5593133176847614,0.05353679001328504,0.0957187828727141,0.6063092071495987,0.02215615454310051,0.024551593263890295,0.0692041646912771,0.010707358002657008,0,0.22570021539609297,1,0,False,1
doc_01251,0,0.0,0.6902140679167844,0.6902140679167844,0.0,0.0,0.6902140679167844,0.0,0.0,0.0,0.0,0,0.3804281358335688,0,0,True,0
doc_01251,1,0.1,0.6537000307353573,0.6902140679167844,-0.036514037181427095,-0.05290248182224736,0.6719570493260709,0.018257018590713547,0.018257018590713547,0.036514037181427095,-0.036514037181427095,1,0.30740006147071464,0,0,True,0
doc_01251,2,0.2,0.6604062014858533,0.6537000307353573,0.0067061707504959545,0.010258789100793033,0.6681067667126651,0.015870155563844704,0.015870155563844704,0.036514037181427095,0.0033530853752479772,0,0.32081240297170655,0,0,True,0
doc_01251,3,0.3,0.6555327602790146,0.6604062014858533,-0.004873441206838636,-0.007379460089674871,0.6649632651042525,0.014783138547066078,0.0028300383372258926,0.036514037181427095,-0.0016244804022795452,1,0.3110655205580292,0,0,True,0
doc_01251,4,0.4,0.6853854090202085,0.6555327602790146,0.029852648741193866,0.04553952227877623,0.6690476938874437,0.015542302988336198,0.013076237460481113,0.036514037181427095,0.007463162185298466,0,0.370770818040417,0,0,True,0
doc_01251,5,0.5,0.6073215093428886,0.6853854090202085,-0.07806389967731986,-0.11389781377008881,0.6587599964633511,0.02702750900963869,0.03216187837680897,0.08289255857389577,-0.015612779935463972,1,0.21464301868577734,0,0,True,0
doc_01253,0,0.0,0.5205442836539087,0.5205442836539087,0.0,0.0,0.5205442836539087,0.0,0.0,0.0,0.0,0,0.041088567307817514,0,1,False,1
doc_01253,1,0.1,0.5316873938939497,0.5205442836539087,0.011143110240040999,0.021406651825706446,0.5261158387739292,0.005571555120020499,0.005571555120020499,0.011143110240040999,0.011143110240040999,0,0.06337478778789951,0,1,False,1
doc_01253,2,0.2,0.5345912635737797,0.5316873938939497,0.002903869679830029,0.005461610926230149,0.5289409803738794,0.006054557602045684,0.006054557602045684,0.014046979919871028,0.0014519348399150145,0,0.06918252714755951,0,1,False,1
doc_01253,3,0.3,0.5570713192867988,0.5345912635737797,0.02248005571301903,0.04205092234904532,0.5359735651021093,0.01326140998146735,0.011343764965475787,0.03652703563289006,0.0074933519043396775,0,0.11414263857359758,0,1,False,1
doc_01253,4,0.4,0.5649782671497319,0.5570713192867988,0.007906947862933111,0.01419378020224795,0.5417745055116339,0.01659203526685825,0.012872203971229854,0.04443398349582317,0.001976736965733278,0,0.1299565342994637,0,1,False,1
doc_01253,5,0.5,0.5130609193642448,0.5649782671497319,-0.05191734778548707,-0.09189264579575024,0.5369889078204023,0.01854515448552957,0.02283964907039583,0.05191734778548707,-0.010383469557097413,1,0.02612183872848972,0,1,False,1
doc_01256,0,0.0,0.6321125281495297,0.6321125281495297,0.0,0.0,0.6321125281495297,0.0,0.0,0.0,0.0,0,0.26422505629905935,0,0,True,0
doc_01256,1,0.1,0.6103856426994899,0.6321125281495297,-0.021726885450039757,-0.03437186336686582,0.6212490854245099,0.010863442725019878,0.010863442725019878,0.021726885450039757,-0.021726885450039757,1,0.22077128539897983,0,0,True,0
doc_01256,2,0.2,0.6404187754249857,0.6103856426994899,0.030033132725495792,0.04920353727959809,0.6276389820913352,0.01266245700428114,0.01266245700428114,0.030033132725495792,0.015016566362747896,0,0.2808375508499714,0,0,True,0
doc_01256,3,0.3,0.6373321796455422,0.6404187754249857,-0.0030865957794434795,-0.0048196522305193135,0.6300622814798869,0.011741827064755201,0.013489221986451451,0.030033132725495792,-0.0010288652598144932,1,0.2746643592910845,0,0,True,0
doc_01256,4,0.4,0.5825619194006727,0.6373321796455422,-0.05477026024486953,-0.08593675636358183,0.620562209064044,0.02170948884428019,0.02657635597003576,0.05785685602431301,-0.013692565061217382,2,0.1651238388013454,0,0,True,0
doc_01256,5,0.5,0.5979855612798501,0.5825619194006727,0.015423641879177441,0.026475540823274125,0.6167994344333451,0.02153007089724581,0.023059889449776615,0.05785685602431301,0.0030847283758354883,0,0.19597112255970034,0,0,True,0
doc_01258,0,0.0,0.5918462930387626,0.5918462930387626,0.0,0.0,0.5918462930387626,0.0,0.0,0.0,0.0,0,0.1836925860775252,0,0,True,0
doc_01258,1,0.1,0.5457723361683933,0.5918462930387626,-0.046073956870369304,-0.07784784227304727,0.568809314603578,0.023036978435184652,0.023036978435184652,0.046073956870369304,-0.046073956870369304,1,0.09154467233678659,0,0,True,0
doc_01258,2,0.2,0.6218921453937238,0.5457723361683933,0.07611980922533057,0.13947172507813674,0.5865035915336266,0.03130457563631785,0.03130457563631785,0.07611980922533057,0.038059904612665285,0,0.24378429078744773,0,0,True,0
doc_01258,3,0.3,0.6386485882789787,0.6218921453937238,0.016756442885254907,0.02694429091823679,0.5995398407199646,0.035281917753607964,0.040415896131179435,0.09287625211058548,0.005585480961751636,0,0.27729717655795755,0,0,True,0
doc_01258,4,0.4,0.5111661975928848,0.6386485882789787,-0.1274823906860939,-0.1996127338661026,0.5818651120945486,0.047386022245238926,0.0565614452801384,0.1274823906860939,-0.031870597671523476,1,0.022332395185769738,1,0,False,1
doc_01258,5,0.5,0.5432283627000625,0.5111661975928848,0.03206216510717763,0.06272356282195589,0.5754256538621343,0.04559088759635647,0.05414462301808316,0.1274823906860939,0.0064124330214355265,0,0.08645672540012489,0,0,True,0
doc_01259,0,0.0,0.5100517208040177,0.5100517208040177,0.0,0.0,0.5100517208040177,0.0,0.0,0.0,0.0,0,0.020103441608035455,1,0,False,1
doc_01259,1,0.1,0.526290363091584,0.5100517208040177,0.01623864228756622,0.03183724635213172,0.5181710419478008,0.00811932114378311,0.00811932114378311,0.01623864228756622,0.01623864228756622,0,0.05258072618316795,1,0,False,1
doc_01259,2,0.2,0.5251999366508155,0.526290363091584,-0.0010904264407683995,-0.0020719103317091247,0.5205140068488058,0.0074113349862628755,0.0074113349862628755,0.01623864228756622,-0.0005452132203841997,1,0.05039987330163115,1,0,False,1
doc_01259,3,0.3,0.5325073031014467,0.5251999366508155,0.007307366450631125,0.013913494539298661,0.523512330911966,0.008256255584230068,0.0032186432157521854,0.022455582297428944,0.0024357888168770416,0,0.0650146062028934,1,0,False,1
doc_01259,4,0.4,0.5529871453657788,0.5325073031014467,0.020479842264332082,0.03845927022043211,0.5294072938027286,0.013911684116295002,0.011761285416260415,0.042935424561761026,0.0051199605660830205,0,0.10597429073155756,1,0,False,1
doc_01259,5,0.5,0.5316492567958965,0.5529871453657788,-0.02133788856988228,-0.038586590572133685,0.5297809543015899,0.012727027931467688,0.009862756383120761,0.042935424561761026,-0.004267577713976456,1,0.06329851359179295,0,0,True,0
doc_01260,0,0.0,0.5764743619739193,0.5764743619739193,0.0,0.0,0.5764743619739193,0.0,0.0,0.0,0.0,0,0.15294872394783865,1,1,True,0
doc_01260,1,0.1,0.5908337497446663,0.5764743619739193,0.014359387770746967,0.024908978990112678,0.5836540558592929,0.007179693885373484,0.007179693885373484,0.014359387770746967,0.014359387770746967,0,0.18166749948933258,1,1,True,0
doc_01260,2,0.2,0.553209521211304,0.5908337497446663,-0.037624228533362336,-0.06367989057771659,0.5735058776432965,0.015502786149561073,0.015502786149561073,0.037624228533362336,-0.018812114266681168,1,0.10641904242260797,1,1,True,0
doc_01260,3,0.3,0.5541922299214972,0.553209521211304,0.0009827087101932364,0.001776377073267835,0.5686774657128467,0.015817489342800195,0.01750920159386506,0.037624228533362336,0.0003275695700644121,0,0.10838445984299439,1,1,True,0
doc_01260,4,0.4,0.5290974167213459,0.5541922299214972,-0.025094813200151278,-0.045281784632213315,0.5607614559145466,0.021232221263796557,0.011605118357835004,0.06173633302332038,-0.0062737033000378195,1,0.05819483344269183,1,1,True,0
doc_01260,5,0.5,0.5551940400105683,0.5290974167213459,0.026096623289222354,0.04932290815354025,0.5598335532638835,0.01949301669336696,0.012072866823789588,0.06173633302332038,0.005219324657844471,0,0.11038808002113659,0,1,False,1
doc_01262,0,0.0,0.5016552149753967,0.5016552149753967,0.0,0.0,0.5016552149753967,0.0,0.0,0.0,0.0,0,0.003310429950793392,1,0,False,1
doc_01262,1,0.1,0.5047739505420304,0.5016552149753967,0.003118735566633779,0.0062168905525814885,0.5032145827587136,0.0015593677833168895,0.0015593677833168895,0.003118735566633779,0.003118735566633779,0,0.00954790108406095,1,0,False,1
doc_01262,2,0.2,0.5216741353284607,0.5047739505420304,0.016900184786430295,0.03348069916897006,0.5093677669486293,0.008794568585543134,0.008794568585543134,0.020018920353064074,0.008450092393215147,0,0.04334827065692154,1,0,False,1
doc_01262,3,0.3,0.5134657538033938,0.5216741353284607,-0.008208381525066977,-0.015734691389096275,0.5103922636623204,0.00782030101744545,0.006900412362966247,0.020018920353064074,-0.0027361271750223257,1,0.026931507606787475,0,0,True,0
doc_01262,4,0.4,0.5314054894211107,0.5134657538033938,0.01793973561771689,0.03493852410765845,0.5145949088140784,0.010935016757607116,0.0073326582550727205,0.029750274445713987,0.0044849339044292225,0,0.06281097884222137,0,0,True,0
doc_01262,5,0.5,0.5003131707313386,0.5314054894211107,-0.031092318689772025,-0.058509592596874764,0.5122146191336218,0.011312576528893208,0.012743437688156023,0.031092318689772025,-0.006218463737954405,1,0.0006263414626772046,0,0,True,0
doc_01264,0,0.0,0.5605414340522121,0.5605414340522121,0.0,0.0,0.5605414340522121,0.0,0.0,0.0,0.0,0,0.12108286810442431,0,0,True,0
doc_01264,1,0.1,0.5405528251721444,0.5605414340522121,-0.019988608880067704,-0.03565946719686354,0.5505471296121782,0.009994304440033852,0.009994304440033852,0.019988608880067704,-0.019988608880067704,1,0.08110565034428885,0,0,True,0
doc_01264,2,0.2,0.576382089332204,0.5405528251721444,0.035829264160059604,0.06628263231932868,0.5591587828521868,0.014659873483276981,0.014659873483276981,0.035829264160059604,0.017914632080029802,0,0.1527641786644081,0,0,True,0
doc_01264,3,0.3,0.5413460792972589,0.576382089332204,-0.035036010034945164,-0.06078608389018102,0.5547056069634548,0.014855175677090385,0.016706244413149902,0.035829264160059604,-0.011678670011648387,1,0.08269215859451778,0,0,True,0
doc_01264,4,0.4,0.5407536975736257,0.5413460792972589,-0.0005923817236331841,-0.0010942754483456803,0.551915225085489,0.014411312210111014,0.016657514869264818,0.035829264160059604,-0.00014809543090829602,2,0.08150739514725136,0,0,True,0
doc_01264,5,0.5,0.5384704708795804,0.5407536975736257,-0.0022832266940452373,-0.004222304358324554,0.5496744327178376,0.014077547792698257,0.0012397653906516329,0.037911618452623586,-0.00045664533880904743,3,0.07694094175916094,0,0,True,0
doc_01266,0,0.0,0.5359758072744172,0.5359758072744172,0.0,0.0,0.5359758072744172,0.0,0.0,0.0,0.0,0,0.07195161454883436,1,1,True,0
doc_01266,1,0.1,0.5225509407607163,0.5359758072744172,-0.013424866513700895,-0.025047523286489355,0.5292633740175667,0.0067124332568504474,0.0067124332568504474,0.013424866513700895,-0.013424866513700895,1,0.045101881521432574,0,1,False,1
doc_01266,2,0.2,0.5199492723816581,0.5225509407607163,-0.002601668379058175,-0.0049787842220142845,0.5261586734722639,0.007022547337240896,0.007022547337240896,0.01602653489275907,-0.0013008341895290876,2,0.039898544763316224,0,1,False,1
doc_01266,3,0.3,0.556437091546851,0.5199492723816581,0.036487819165192836,0.07017572887073818,0.5337282779909106,0.014452815159476537,0.016621274322342502,0.036487819165192836,0.012162606388397612,0,0.11287418309370195,1,1,True,0
doc_01266,4,0.4,0.5952925960105423,0.556437091546851,0.03885550446369135,0.06982910566884772,0.546041141594837,0.027812470824124396,0.03076384528415445,0.07534332362888418,0.009713876115922837,0,0.1905851920210846,1,1,True,0
doc_01266,5,0.5,0.5235804739680023,0.5952925960105423,-0.07171212204253996,-0.12046533506905902,0.5422976969903646,0.02673346526957198,0.029310475930960606,0.07534332362888418,-0.014342424408507993,1,0.04716094793600473,0,1,False,1
doc_01280,0,0.0,0.8888936901547161,0.8888936901547161,0.0,0.0,0.8888936901547161,0.0,0.0,0.0,0.0,0,0.7777873803094322,0,0,True,0
doc_01280,1,0.1,0.7710772256536372,0.8888936901547161,-0.11781646450107885,-0.13254280664380952,0.8299854579041767,0.05890823225053943,0.05890823225053943,0.11781646450107885,-0.11781646450107885,1,0.5421544513072745,0,0,True,0
doc_01280,2,0.2,0.7782920483093034,0.7710772256536372,0.007214822655666198,0.00935680942923744,0.8127543213725522,0.05391917423575116,0.05391917423575116,0.11781646450107885,0.003607411327833099,0,0.556584096618607,0,0,True,0
doc_01280,3,0.3,0.6823283496806343,0.7782920483093034,-0.09596369862866916,-0.12330037141858596,0.7801478284495728,0.07328033948412019,0.04363669213825322,0.20656534047408182,-0.03198789954288972,1,0.3646566993612685,0,0,True,0
doc_01280,4,0.4,0.8424339710401686,0.6823283496806343,0.16010562135953432,0.23464600501279512,0.7926050569676919,0.07011944590009885,0.06579178241241994,0.20656534047408182,0.04002640533988358,0,0.6848679420803372,0,0,True,0
doc_01280,5,0.5,0.6506583978327326,0.8424339710401686,-0.191775573207436,-0.22764463423839282,0.7689472804451988,0.0830405474917037,0.0839408960850243,0.23823529232198348,-0.0383551146414872,1,0.3013167956654652,0,0,True,0
doc_01283,0,0.0,0.909266270659842,0.909266270659842,0.0,0.0,0.909266270659842,0.0,0.0,0.0,0.0,0,0.8185325413196839,1,1,True,0
doc_01283,1,0.1,0.9117424326402396,0.909266270659842,0.002476161980397573,0.0027232528691520214,0.9105043516500408,0.0012380809901987866,0.0012380809901987866,0.002476161980397573,0.002476161980397573,0,0.823484865280479,1,1,True,0
doc_01283,2,0.2,0.8959475771707205,0.9117424326402396,-0.015794855469519087,-0.01732381306832465,0.9056520934902674,0.006936188784702793,0.006936188784702793,0.015794855469519087,-0.007897427734759543,1,0.791895154341441,1,1,True,0
doc_01283,3,0.3,0.8962150694921123,0.8959475771707205,0.00026749232139178236,0.00029855800518651597,0.9032928374907286,0.00726507417421575,0.007383525338201879,0.015794855469519087,8.916410713059413e-05,0,0.7924301389842245,1,1,True,0
doc_01283,4,0.4,0.8968742517042902,0.8962150694921123,0.0006591822121779778,0.0007355178847322198,0.9020091203334409,0.006986899252540017,0.0003894153769180653,0.015794855469519087,0.00016479555304449445,0,0.7937485034085805,1,1,True,0
doc_01283,5,0.5,0.8766334356914076,0.8968742517042902,-0.020240816012882634,-0.022568176056364547,0.8977798395597687,0.011406783666619359,0.009390098427842412,0.03510899694883196,-0.004048163202576527,1,0.7532668713828153,1,1,True,0
doc_01285,0,0.0,0.552520250440753,0.552520250440753,0.0,0.0,0.552520250440753,0.0,0.0,0.0,0.0,0,0.10504050088150613,1,0,False,1
doc_01285,1,0.1,0.5486715400441212,0.552520250440753,-0.003848710396631816,-0.006965736357285812,0.5505958952424371,0.001924355198315908,0.001924355198315908,0.003848710396631816,-0.003848710396631816,1,0.09734308008824244,1,0,False,1
doc_01285,2,0.2,0.539436877173408,0.5486715400441212,-0.009234662870713173,-0.016830949296131836,0.5468762225527608,0.005490053896775997,0.005490053896775997,0.013083373267344989,-0.004617331435356586,2,0.07887375434681615,1,0,False,1
doc_01285,3,0.3,0.5621904876241532,0.539436877173408,0.0227536104507452,0.04218030211425607,0.5507047888206089,0.008159612603796973,0.009343849614417457,0.0227536104507452,0.007584536816915066,0,0.12438097524830655,1,0,False,1
doc_01285,4,0.4,0.5256630038985612,0.5621904876241532,-0.036527483725592,-0.06497350013864354,0.5456964318361994,0.012393465254252693,0.015061737544959517,0.036527483725592,-0.009131870931398,1,0.05132600779712254,1,0,False,1
doc_01285,5,0.5,0.5208153740307131,0.5256630038985612,-0.004847629867848147,-0.009221934646143765,0.5415495888686183,0.014628050126242246,0.018468160612040502,0.04137511359344015,-0.0009695259735696294,2,0.04163074806142619,1,0,False,1
doc_01289,0,0.0,0.7706314455943737,0.7706314455943737,0.0,0.0,0.7706314455943737,0.0,0.0,0.0,0.0,0,0.5412628911887474,0,0,True,0
doc_01289,1,0.1,0.7458123658574204,0.7706314455943737,-0.024819079736953298,-0.0322061601286083,0.758221905725897,0.012409539868476649,0.012409539868476649,0.024819079736953298,-0.024819079736953298,1,0.4916247317148408,0,0,True,0
doc_01289,2,0.2,0.717753002791367,0.7458123658574204,-0.02805936306605339,-0.03762255005492574,0.7447322714143869,0.021601039810189942,0.021601039810189942,0.05287844280300669,-0.014029681533026694,2,0.435506005582734,0,0,True,0
doc_01289,3,0.3,0.7009602077522551,0.717753002791367,-0.016792795039111907,-0.023396342437863902,0.733789255498854,0.026630855837615933,0.018502377948039744,0.0696712378421186,-0.005597598346370636,3,0.4019204155045102,0,0,True,0
doc_01289,4,0.4,0.7006778191060254,0.7009602077522551,-0.00028238864622964766,-0.0004028597388362081,0.7271669682202883,0.027254004133604286,0.007983591550878279,0.06995362648834824,-7.059716155741191e-05,4,0.40135563821205095,0,0,True,0
doc_01289,5,0.5,0.7299798387401557,0.7006778191060254,0.02930201963413026,0.041819533650310006,0.7276357799735994,0.024901463278202078,0.013747028287598889,0.06995362648834824,0.005860403926826052,0,0.4599596774803114,0,0,True,0
doc_01291,0,0.0,0.7529218206392312,0.7529218206392312,0.0,0.0,0.7529218206392312,0.0,0.0,0.0,0.0,0,0.5058436412784624,1,1,True,0
doc_01291,1,0.1,0.7618380340660155,0.7529218206392312,0.00891621342678428,0.011842150383175784,0.7573799273526234,0.00445810671339214,0.00445810671339214,0.00891621342678428,0.00891621342678428,0,0.5236760681320309,1,1,True,0
doc_01291,2,0.2,0.7597973863601177,0.7618380340660155,-0.0020406477058977357,-0.002678584705211643,0.7581857470217882,0.003814249728376533,0.003814249728376533,0.00891621342678428,-0.0010203238529488678,1,0.5195947727202355,1,1,True,0
doc_01291,3,0.3,0.7951603687686161,0.7597973863601177,0.035362982408498334,0.046542648136640864,0.7674294024584952,0.01634768709146658,0.016210705509067794,0.04223854812938488,0.011787660802832778,0,0.5903207375372321,1,1,True,0
doc_01291,4,0.4,0.7741914680741201,0.7951603687686161,-0.020968900694495973,-0.0263706561821842,0.7687818155816202,0.014869888486966043,0.014519813702312565,0.04223854812938488,-0.005242225173623993,1,0.5483829361482402,1,1,True,0
doc_01291,5,0.5,0.6975010310543869,0.7741914680741201,-0.07669043701973322,-0.09905874732836886,0.7569016848270813,0.02983201054913507,0.04197679804817467,0.09765933771422919,-0.015338087403946644,2,0.39500206210877375,1,1,True,0
doc_01294,0,0.0,0.7161735220040415,0.7161735220040415,0.0,0.0,0.7161735220040415,0.0,0.0,0.0,0.0,0,0.432347044008083,1,1,True,0
doc_01294,1,0.1,0.7004929936649745,0.7161735220040415,-0.015680528339066968,-0.021894873040249705,0.7083332578345081,0.007840264169533484,0.007840264169533484,0.015680528339066968,-0.015680528339066968,1,0.4009859873299491,1,1,True,0
doc_01294,2,0.2,0.661001311737056,0.7004929936649745,-0.03949168192791852,-0.056376983474593106,0.6925559424686907,0.023212651474363973,0.023212651474363973,0.05517221026698549,-0.01974584096395926,2,0.322002623474112,1,1,True,0
doc_01294,3,0.3,0.7105407806348538,0.661001311737056,0.04953946889779781,0.07494609771289597,0.6970521520102315,0.021558480746032317,0.02138200162952176,0.05517221026698549,0.016513156299265936,0,0.42108156126970764,1,1,True,0
doc_01294,4,0.4,0.6908293585393155,0.7105407806348538,-0.019711422095538333,-0.027741436709553216,0.6958075933160484,0.019442483869987006,0.020364488469834324,0.05517221026698549,-0.004927855523884583,1,0.38165871707863097,1,1,True,0
doc_01294,5,0.5,0.607837236404649,0.6908293585393155,-0.08299212213466645,-0.1201340404961138,0.6811458671641484,0.037280551917795474,0.04450249742666072,0.10833628559939246,-0.016598424426933288,2,0.21567447280929813,1,1,True,0
doc_01300,0,0.0,0.515640533074114,0.515640533074114,0.0,0.0,0.515640533074114,0.0,0.0,0.0,0.0,0,0.031281066148227954,1,1,True,0
doc_01300,1,0.1,0.5172922295434292,0.515640533074114,0.0016516964693152891,0.0032031936269018785,0.5164663813087715,0.0008258482346576446,0.0008258482346576446,0.0016516964693152891,0.0016516964693152891,0,0.03458445908685853,0,1,False,1
doc_01300,2,0.2,0.5269448194277877,0.5172922295434292,0.009652589884358465,0.01865983931921421,0.5199591940151103,0.004985395143909219,0.004985395143909219,0.011304286353673754,0.004826294942179232,0,0.053889638855575406,0,1,False,1
doc_01300,3,0.3,0.520550833336408,0.5269448194277877,-0.006393986091379755,-0.01213407145424263,0.5201071038454347,0.004325072890646469,0.004009350852029019,0.011304286353673754,-0.0021313286971265852,1,0.04110166667281595,1,1,True,0
doc_01300,4,0.4,0.5587772944145075,0.520550833336408,0.03822646107809957,0.07343463621620135,0.5278411419592492,0.015944478247696573,0.016718093486706623,0.04313676134039357,0.009556615269524893,0,0.11755458882901504,0,1,False,1
doc_01300,5,0.5,0.5394058556322567,0.5587772944145075,-0.019371438782250783,-0.034667548191177615,0.5297685942380839,0.015179943464826014,0.01560636206746362,0.04313676134039357,-0.0038742877564501566,1,0.07881171126451353,0,1,False,1
doc_01309,0,0.0,0.5854190454249159,0.5854190454249159,0.0,0.0,0.5854190454249159,0.0,0.0,0.0,0.0,0,0.17083809084983176,1,1,True,0
doc_01309,1,0.1,0.6550096731610202,0.5854190454249159,0.06959062773610436,0.11887318712973073,0.6202143592929681,0.03479531386805218,0.03479531386805218,0.06959062773610436,0.06959062773610436,0,0.3100193463220404,1,1,True,0
doc_01309,2,0.2,0.5276478384543418,0.6550096731610202,-0.1273618347066784,-0.19444267760511255,0.5893588523467593,0.0520698299971546,0.0520698299971546,0.1273618347066784,-0.0636809173533392,1,0.055295676908683644,1,1,True,0
doc_01309,3,0.3,0.604303305587869,0.5276478384543418,0.07665546713352722,0.1452777052173224,0.5930949656570368,0.04555574634391508,0.05235374686132158,0.1273618347066784,0.02555182237784241,0,0.20860661117573814,1,1,True,0
doc_01309,4,0.4,0.5229956821579019,0.604303305587869,-0.08130762342996711,-0.13454770589227652,0.5790751089572098,0.04946196869813855,0.03728066646324743,0.13201399100311828,-0.020326905857491778,1,0.04599136431580392,1,1,True,0
doc_01309,5,0.5,0.6361082867158839,0.5229956821579019,0.113112604557982,0.21627827612510048,0.5885806385836555,0.04990505074949043,0.04762929509622918,0.13201399100311828,0.0226225209115964,0,0.2722165734317679,1,1,True,0
doc_01310,0,0.0,0.7317962281251926,0.7317962281251926,0.0,0.0,0.7317962281251926,0.0,0.0,0.0,0.0,0,0.46359245625038525,1,1,True,0
doc_01310,1,0.1,0.7271883956063867,0.7317962281251926,-0.004607832518805921,-0.006296605997288131,0.7294923118657897,0.0023039162594029605,0.0023039162594029605,0.004607832518805921,-0.004607832518805921,1,0.4543767912127734,1,1,True,0
doc_01310,2,0.2,0.710072581265432,0.7271883956063867,-0.01711581434095466,-0.02353697397313684,0.7230190683323371,0.009345825294768309,0.009345825294768309,0.02172364685976058,-0.00855790717047733,2,0.42014516253086415,1,1,True,0
doc_01310,3,0.3,0.7373554203734518,0.710072581265432,0.027282839108019763,0.03842260612203694,0.7266031563426159,0.010200264625318223,0.011257949304884956,0.027282839108019763,0.009094279702673255,0,0.4747108407469036,1,1,True,0
doc_01310,4,0.4,0.6817005286794597,0.7373554203734518,-0.05565489169399207,-0.07547905685131369,0.7176226308099846,0.02014536358843342,0.022722464770465124,0.05565489169399207,-0.013913722923498018,1,0.36340105735891953,1,1,True,0
doc_01310,5,0.5,0.6862151239568252,0.6817005286794597,0.0045145952773654185,0.00662254918022546,0.712388046334458,0.021799100170624815,0.025239251744430924,0.05565489169399207,0.0009029190554730837,0,0.37243024791365037,1,1,True,0
doc_01312,0,0.0,0.5730634221979082,0.5730634221979082,0.0,0.0,0.5730634221979082,0.0,0.0,0.0,0.0,0,0.14612684439581636,1,1,True,0
doc_01312,1,0.1,0.5310372311537505,0.5730634221979082,-0.042026191044157724,-0.0733360207897616,0.5520503266758293,0.021013095522078862,0.021013095522078862,0.042026191044157724,-0.042026191044157724,1,0.062074462307500966,1,1,True,0
doc_01312,2,0.2,0.5366464067616148,0.5310372311537505,0.005609175607864336,0.010562678619873114,0.5469156867044245,0.018630508426196277,0.018630508426196277,0.042026191044157724,0.002804587803932168,0,0.07329281352322958,1,1,True,0
doc_01312,3,0.3,0.5935315482710961,0.5366464067616148,0.05688514150948132,0.10600115978182711,0.5585696520960923,0.025841180530589307,0.02823103463195727,0.062494317117345655,0.01896171383649377,0,0.18706309654219222,1,1,True,0
doc_01312,4,0.4,0.5986185031807525,0.5935315482710961,0.005086954909656383,0.008570656310476207,0.5665794223130243,0.02812185919678518,0.02809178837982036,0.06758127202700204,0.0012717387274140957,0,0.19723700636150499,1,1,True,0
doc_01312,5,0.5,0.5379552284533358,0.5986185031807525,-0.06066327472741673,-0.10133878990556276,0.5618087233364095,0.027799825794368013,0.027476530056259725,0.06758127202700204,-0.012132654945483346,1,0.07591045690667159,0,1,False,1
doc_01317,0,0.0,0.8449585087207965,0.8449585087207965,0.0,0.0,0.8449585087207965,0.0,0.0,0.0,0.0,0,0.689917017441593,1,1,True,0
doc_01317,1,0.1,0.8464956600255273,0.8449585087207965,0.001537151304730866,0.0018192032968080258,0.8457270843731619,0.000768575652365433,0.000768575652365433,0.001537151304730866,0.001537151304730866,0,0.6929913200510547,1,1,True,0
doc_01317,2,0.2,0.8354211556690913,0.8464956600255273,-0.011074504356436088,-0.013082765664861317,0.8422917748051383,0.004898623209152509,0.004898623209152509,0.011074504356436088,-0.005537252178218044,1,0.6708423113381825,1,1,True,0
doc_01317,3,0.3,0.8237242105016961,0.8354211556690913,-0.011696945167395167,-0.014001255639770158,0.8376498837292777,0.009090590755797868,0.009297562920860055,0.022771449523831255,-0.003898981722465056,2,0.6474484210033922,1,1,True,0
doc_01317,4,0.4,0.8360781261075496,0.8237242105016961,0.012353915605853527,0.014997635675087505,0.8373355322049321,0.008155141921202341,0.005675183474299004,0.022771449523831255,0.0030884789014633818,0,0.6721562522150992,1,1,True,0
doc_01317,5,0.5,0.8015720250169854,0.8360781261075496,-0.03450610109056418,-0.04127138363398047,0.8313749476736075,0.01526645962792667,0.014275112628541134,0.04492363500854191,-0.0069012202181128355,1,0.6031440500339709,1,1,True,0
doc_01320,0,0.0,0.6980336129848821,0.6980336129848821,0.0,0.0,0.6980336129848821,0.0,0.0,0.0,0.0,0,0.3960672259697642,1,1,True,0
doc_01320,1,0.1,0.6630556236609719,0.6980336129848821,-0.034977989323910164,-0.05010931948440098,0.680544618322927,0.017488994661955082,0.017488994661955082,0.034977989323910164,-0.034977989323910164,1,0.32611124732194385,1,1,True,0
doc_01320,2,0.2,0.6405093117287332,0.6630556236609719,-0.02254631193223877,-0.034003650866804146,0.6671995161248624,0.023666293785554463,0.023666293785554463,0.057524301256148935,-0.011273155966119386,2,0.28101862345746637,1,1,True,0
doc_01320,3,0.3,0.6403928879116537,0.6405093117287332,-0.00011642381707943628,-0.00018176756363652024,0.6604978590715602,0.023554335438266016,0.010655980730162868,0.05764072507322837,-3.8807939026478756e-05,3,0.28078577582330744,1,1,True,0
doc_01320,4,0.4,0.5754806637081168,0.6403928879116537,-0.06491222420353693,-0.10136312477675734,0.6434944199988715,0.04000391400282263,0.030627394181144144,0.1225529492767653,-0.016228056050884232,4,0.15096132741623358,1,1,True,0
doc_01320,5,0.5,0.6327958187901334,0.5754806637081168,0.05731515508201657,0.09959527521342881,0.6417113197974151,0.03673542583478777,0.0289757356581196,0.1225529492767653,0.011463031016403313,0,0.26559163758026677,1,1,True,0
doc_01328,0,0.0,0.629577565804311,0.629577565804311,0.0,0.0,0.629577565804311,0.0,0.0,0.0,0.0,0,0.25915513160862214,0,0,True,0
doc_01328,1,0.1,0.5995652732185792,0.629577565804311,-0.030012292585731792,-0.04767052419885684,0.6145714195114451,0.015006146292865896,0.015006146292865896,0.030012292585731792,-0.030012292585731792,1,0.19913054643715844,0,0,True,0
doc_01328,2,0.2,0.5463049947980003,0.5995652732185792,-0.0532602784205789,-0.08883149308275928,0.5918159446069635,0.03443466606922321,0.03443466606922321,0.08327257100631069,-0.02663013921028945,2,0.0926099895960007,0,0,True,0
doc_01328,3,0.3,0.5501005726547887,0.5463049947980003,0.0037955778567884124,0.006947726806327025,0.5813871016189198,0.034865340507185476,0.024262042303359332,0.08327257100631069,0.0012651926189294709,0,0.10020114530957741,0,0,True,0
doc_01328,4,0.4,0.6156189061986914,0.5501005726547887,0.06551833354390268,0.11910246380531983,0.5882334625348742,0.03405824725542432,0.03181801857665608,0.08327257100631069,0.01637958338597567,0,0.23123781239738284,0,0,True,0
doc_01328,5,0.5,0.5665494031471143,0.6156189061986914,-0.04906950305157709,-0.07970759597779455,0.5846194526369142,0.03212385680672718,0.027830902458047275,0.08327257100631069,-0.009813900610315418,1,0.13309880629422866,0,0,True,0
doc_01330,0,0.0,0.5744028993547765,0.5744028993547765,0.0,0.0,0.5744028993547765,0.0,0.0,0.0,0.0,0,0.14880579870955302,1,1,True,0
doc_01330,1,0.1,0.5279757577119337,0.5744028993547765,-0.046427141642842784,-0.08082678847024297,0.5511893285333551,0.023213570821421392,0.023213570821421392,0.046427141642842784,-0.046427141642842784,1,0.05595151542386745,1,1,True,0
doc_01330,2,0.2,0.5608701178763222,0.5279757577119337,0.032894360164388514,0.062302785087977174,0.5544162583143442,0.019495454131932887,0.019495454131932887,0.046427141642842784,0.016447180082194257,0,0.12174023575264453,1,1,True,0
doc_01330,3,0.3,0.5087474582163044,0.5608701178763222,-0.052122659660017834,-0.09293178224109173,0.5429990582898342,0.0260021521812471,0.02152140557716686,0.0656554411384721,-0.01737421988667261,1,0.01749491643260881,0,1,False,1
doc_01330,4,0.4,0.5737588378773654,0.5087474582163044,0.06501137966106096,0.12778713409005385,0.5491510142073405,0.02631113416196927,0.02810569384530463,0.0656554411384721,0.01625284491526524,0,0.1475176757547308,1,1,True,0
doc_01330,5,0.5,0.5667678445870872,0.5737588378773654,-0.006990993290278191,-0.01218455007358412,0.5520871526039649,0.02489981982856404,0.029138974868024442,0.0656554411384721,-0.0013981986580556382,1,0.13353568917417435,0,1,False,1
doc_01331,0,0.0,0.8801530219641882,0.8801530219641882,0.0,0.0,0.8801530219641882,0.0,0.0,0.0,0.0,0,0.7603060439283765,1,1,True,0
doc_01331,1,0.1,0.8751463046114378,0.8801530219641882,-0.005006717352750378,-0.005688462378481832,0.877649663287813,0.002503358676375189,0.002503358676375189,0.005006717352750378,-0.005006717352750378,1,0.7502926092228758,1,1,True,0
doc_01331,2,0.2,0.8443380863339149,0.8751463046114378,-0.030808218277522892,-0.035203506105418156,0.8665458043031803,0.015835695073986227,0.015835695073986227,0.03581493563027327,-0.015404109138761446,2,0.6886761726678299,1,1,True,0
doc_01331,3,0.3,0.8524832231797195,0.8443380863339149,0.008145136845804535,0.00964677180579455,0.8630301590223151,0.015005206232498548,0.013034589997613937,0.03581493563027327,0.002715045615268178,0,0.704966446359439,1,1,True,0
doc_01331,4,0.4,0.8622338863876697,0.8524832231797195,0.009750663207950261,0.0114379531969917,0.862870904495386,0.013424843361516002,0.0073157239088579885,0.03581493563027327,0.0024376658019875652,0,0.7244677727753395,1,1,True,0
doc_01331,5,0.5,0.8262453487542892,0.8622338863876697,-0.0359885376333805,-0.04173871869517277,0.8567666452052033,0.018343897899391014,0.015197500994676599,0.053907673209898976,-0.0071977075266761005,1,0.6524906975085785,1,1,True,0
doc_01336,0,0.0,0.5858192117344438,0.5858192117344438,0.0,0.0,0.5858192117344438,0.0,0.0,0.0,0.0,0,0.17163842346888764,0,0,True,0
doc_01336,1,0.1,0.5452924299029667,0.5858192117344438,-0.04052678183147718,-0.06917967355745967,0.5655558208187053,0.02026339091573859,0.02026339091573859,0.04052678183147718,-0.04052678183147718,1,0.0905848598059334,0,0,True,0
doc_01336,2,0.2,0.5344971070312234,0.5452924299029667,-0.01079532287174323,-0.019797309259665,0.555202916222878,0.022093029249289492,0.022093029249289492,0.051322104703220406,-0.005397661435871615,2,0.06899421406244682,0,0,True,0
doc_01336,3,0.3,0.5727884391062342,0.5344971070312234,0.03829133207501079,0.07163992390472179,0.559599296943717,0.020592740137853605,0.016120365415247973,0.051322104703220406,0.012763777358336928,0,0.14557687821246845,0,0,True,0
doc_01336,4,0.4,0.5834500042785057,0.5727884391062342,0.010661565172271459,0.018613443366467936,0.5643694384106748,0.020742848299288408,0.021019253694607172,0.051322104703220406,0.0026653912930678647,0,0.16690000855701137,0,0,True,0
doc_01336,5,0.5,0.6546200158814134,0.5834500042785057,0.0711700116029077,0.12198133701432831,0.5794112013224645,0.038598289518818676,0.0363245348383349,0.12012290885018995,0.01423400232058154,0,0.3092400317628268,0,0,True,0
doc_01339,0,0.0,0.7095326924414909,0.7095326924414909,0.0,0.0,0.7095326924414909,0.0,0.0,0.0,0.0,0,0.4190653848829818,1,1,True,0
doc_01339,1,0.1,0.7253690520589856,0.7095326924414909,0.015836359617494744,0.022319422045236674,0.7174508722502382,0.007918179808747372,0.007918179808747372,0.015836359617494744,0.015836359617494744,0,0.4507381041179712,1,1,True,0
doc_01339,2,0.2,0.7622414460406409,0.7253690520589856,0.036872393981655316,0.05083259876747116,0.7323810635137057,0.0220821104814859,0.0220821104814859,0.05270875359915006,0.018436196990827658,0,0.524482892081282,1,1,True,0
doc_01339,3,0.3,0.721406102529006,0.7622414460406409,-0.04083534351163487,-0.053572714687384795,0.7296373232675308,0.019705304719868005,0.018387204749888187,0.05270875359915006,-0.013611781170544957,1,0.44281220505801216,1,1,True,0
doc_01339,4,0.4,0.651863350977881,0.721406102529006,-0.0695427515511251,-0.09639889558368263,0.7140825288096009,0.035755359735235206,0.04556685374589542,0.11037809506275997,-0.017385687887781276,2,0.30372670195576196,1,1,True,0
doc_01339,5,0.5,0.6803650611058805,0.651863350977881,0.028501710127999513,0.04372344308856019,0.7084629508589808,0.034975273263819905,0.028544135133385464,0.11037809506275997,0.005700342025599903,0,0.360730122211761,1,1,True,0
doc_01341,0,0.0,0.7582618532272389,0.7582618532272389,0.0,0.0,0.7582618532272389,0.0,0.0,0.0,0.0,0,0.5165237064544779,0,0,True,0
doc_01341,1,0.1,0.6874365730555385,0.7582618532272389,-0.07082528017170042,-0.09340477813866131,0.7228492131413887,0.03541264008585021,0.03541264008585021,0.07082528017170042,-0.07082528017170042,1,0.37487314611107714,0,0,True,0
doc_01341,2,0.2,0.6969818477133698,0.6874365730555385,0.009545274657831282,0.013885316888806426,0.7142267579987157,0.0313804108313046,0.0313804108313046,0.07082528017170042,0.004772637328915641,0,0.3939636954267396,0,0,True,0
doc_01341,3,0.3,0.7268954853397678,0.6969818477133698,0.029913637626397982,0.0429188187964112,0.7173939398339787,0.027724371233428434,0.01680920297863111,0.07082528017170042,0.00997121254213266,0,0.4537909706795355,0,0,True,0
doc_01341,4,0.4,0.6082571237104129,0.7268954853397678,-0.11863836162935493,-0.16321240676560347,0.6955665766092656,0.05020605291800391,0.05037852630673105,0.15000472951682609,-0.029659590407338732,1,0.21651424742082576,0,0,True,0
doc_01341,5,0.5,0.6987538106164608,0.6082571237104129,0.09049668690604795,0.1487803157224227,0.6960977822771315,0.04584703576727404,0.05061473769488848,0.15000472951682609,0.018099337381209592,0,0.3975076212329216,0,0,True,0
doc_01350,0,0.0,0.6323756811677503,0.6323756811677503,0.0,0.0,0.6323756811677503,0.0,0.0,0.0,0.0,0,0.26475136233550073,0,0,True,0
doc_01350,1,0.1,0.5901450072347145,0.6323756811677503,-0.04223067393303581,-0.06678098983036838,0.6112603442012324,0.021115336966517906,0.021115336966517906,0.04223067393303581,-0.04223067393303581,1,0.18029001446942905,0,0,True,0
doc_01350,2,0.2,0.6444048922935022,0.5901450072347145,0.05425988505878765,0.09194330951478713,0.6223085268986557,0.023267208369384368,0.023267208369384368,0.05425988505878765,0.027129942529393825,0,0.28880978458700435,0,0,True,0
doc_01350,3,0.3,0.5870312552949797,0.6444048922935022,-0.05737363699852249,-0.08903352175729752,0.6134892089977366,0.025285635125317167,0.02634296195312322,0.05737363699852249,-0.019124545666174164,1,0.17406251058995947,0,0,True,0
doc_01350,4,0.4,0.5132494711556062,0.5870312552949797,-0.07378178413937353,-0.12568629604278672,0.5934412614293105,0.04603445972071343,0.053683465680356576,0.13115542113789602,-0.018445446034843382,2,0.02649894231121236,0,0,True,0
doc_01350,5,0.5,0.5257779026435228,0.5132494711556062,0.012528431487916603,0.02441002317977694,0.5821640349650126,0.04900872798237373,0.032236429491734754,0.13115542113789602,0.0025056862975833204,0,0.051555805287045564,0,0,True,0
doc_01355,0,0.0,0.5906893029682453,0.5906893029682453,0.0,0.0,0.5906893029682453,0.0,0.0,0.0,0.0,0,0.18137860593649058,1,0,False,1
doc_01355,1,0.1,0.6352929510290668,0.5906893029682453,0.04460364806082151,0.0755111830139564,0.6129911269986561,0.022301824030410755,0.022301824030410755,0.04460364806082151,0.04460364806082151,0,0.2705859020581336,1,0,False,1
doc_01355,2,0.2,0.6153173370420659,0.6352929510290668,-0.019975613987000873,-0.03144315383106922,0.6137665303464593,0.018242351934235533,0.018242351934235533,0.04460364806082151,-0.009987806993500437,1,0.23063467408413185,1,0,False,1
doc_01355,3,0.3,0.6375264125670892,0.6153173370420659,0.02220907552502327,0.03609369375448778,0.6197065009016168,0.01885304494392864,0.00998474692427114,0.04683710959884391,0.007403025175007756,0,0.2750528251341784,1,0,False,1
doc_01355,4,0.4,0.5538448598561329,0.6375264125670892,-0.08368155271095634,-0.13125974243796562,0.60653417269252,0.0312792385572108,0.03539414695989502,0.08368155271095634,-0.020920388177739085,1,0.10768971971226576,1,0,False,1
doc_01355,5,0.5,0.573430573670783,0.5538448598561329,0.01958571381465013,0.035363177009059416,0.6010169061888971,0.031105092599536577,0.03573743604178674,0.08368155271095634,0.003917142762930026,0,0.14686114734156597,1,0,False,1
doc_01358,0,0.0,0.690574838353247,0.690574838353247,0.0,0.0,0.690574838353247,0.0,0.0,0.0,0.0,0,0.38114967670649397,1,1,True,0
doc_01358,1,0.1,0.6953851378836654,0.690574838353247,0.004810299530418449,0.0069656455220539855,0.6929799881184562,0.0024051497652092246,0.0024051497652092246,0.004810299530418449,0.004810299530418449,0,0.3907702757673308,1,1,True,0
doc_01358,2,0.2,0.6686283257838874,0.6953851378836654,-0.026756812099777982,-0.03847768760374955,0.6848627673402666,0.01164624588665676,0.01164624588665676,0.026756812099777982,-0.013378406049888991,1,0.33725665156777485,1,1,True,0
doc_01358,3,0.3,0.6918514662244871,0.6686283257838874,0.0232231404405997,0.0347325106416533,0.6866099420613218,0.010530153890472559,0.011868389767508584,0.026756812099777982,0.007741046813533233,0,0.38370293244897424,1,1,True,0
doc_01358,4,0.4,0.7306120613087328,0.6918514662244871,0.038760595084245675,0.05602444596347637,0.695410365910804,0.019962393455890223,0.0255683864107018,0.061983735524845374,0.009690148771061419,0,0.4612241226174656,1,1,True,0
doc_01358,5,0.5,0.626939317452341,0.7306120613087328,-0.1036727438563918,-0.14189848395150306,0.6839985245010601,0.03135652375841738,0.04277071766760149,0.1036727438563918,-0.02073454877127836,1,0.253878634904682,1,1,True,0
doc_01361,0,0.0,0.5019677846085655,0.5019677846085655,0.0,0.0,0.5019677846085655,0.0,0.0,0.0,0.0,0,0.0039355692171311185,0,1,False,1
doc_01361,1,0.1,0.522332019131517,0.5019677846085655,0.02036423452295144,0.04056880769516209,0.5121499018700413,0.01018211726147572,0.01018211726147572,0.02036423452295144,0.02036423452295144,0,0.044664038263033945,1,1,True,0
doc_01361,2,0.2,0.5085760357472827,0.522332019131517,-0.013755983384234227,-0.026335707711555464,0.510958613162455,0.008482649675697203,0.008482649675697203,0.02036423452295144,-0.006877991692117114,1,0.017152071494565435,1,1,True,0
doc_01361,3,0.3,0.5030168213365941,0.5085760357472827,-0.005559214410688629,-0.010930940547601945,0.5089731652059898,0.008111258835960693,0.008118626112481027,0.02036423452295144,-0.001853071470229543,2,0.006033642673188178,1,1,True,0
doc_01361,4,0.4,0.5178748065061083,0.5030168213365941,0.014857985169514198,0.029537750109497763,0.5107534934660135,0.008081601993226115,0.006129452810331272,0.02036423452295144,0.0037144962923785496,0,0.035749613012216575,1,1,True,0
doc_01361,5,0.5,0.5760730761104369,0.5178748065061083,0.05819826960432861,0.112379032293478,0.5216400905734174,0.02543652672586095,0.031526029227742475,0.0741052915018714,0.011639653920865722,0,0.1521461522208739,0,1,False,1
doc_01362,0,0.0,0.6486537645691299,0.6486537645691299,0.0,0.0,0.6486537645691299,0.0,0.0,0.0,0.0,0,0.2973075291382598,0,0,True,0
doc_01362,1,0.1,0.6513591307506202,0.6486537645691299,0.0027053661814903096,0.004170739968320937,0.650006447659875,0.0013526830907451548,0.0013526830907451548,0.0027053661814903096,0.0027053661814903096,0,0.30271826150124054,0,0,True,0
doc_01362,2,0.2,0.6375790418592762,0.6513591307506202,-0.013780088891344078,-0.02115590039470857,0.6458639790596754,0.00596153726566718,0.00596153726566718,0.013780088891344078,-0.006890044445672039,1,0.27515808371855227,0,0,True,0
doc_01362,3,0.3,0.6941606471698858,0.6375790418592762,0.05658160531060963,0.08874445613144556,0.657938146087228,0.021540925540820387,0.024090889742269358,0.05658160531060963,0.01886053510353654,0,0.3883212943397716,0,0,True,0
doc_01362,4,0.4,0.623950888383042,0.6941606471698858,-0.07020975878684377,-0.10114338672624429,0.6511406945463908,0.023580300429049978,0.03039849202327895,0.07020975878684377,-0.017552439696710942,1,0.2479017767660841,0,0,True,0
doc_01362,5,0.5,0.6269125008806143,0.623950888383042,0.002961612497572319,0.004746547449026456,0.6471026622687613,0.023342821815555286,0.032421691224713216,0.07020975878684377,0.0005923224995144638,0,0.25382500176122874,0,0,True,0
doc_01363,0,0.0,0.6464994957563346,0.6464994957563346,0.0,0.0,0.6464994957563346,0.0,0.0,0.0,0.0,0,0.29299899151266917,1,1,True,0
doc_01363,1,0.1,0.6404526659020692,0.6464994957563346,-0.006046829854265412,-0.009353185723975352,0.6434760808292019,0.003023414927132706,0.003023414927132706,0.006046829854265412,-0.006046829854265412,1,0.28090533180413835,1,1,True,0
doc_01363,2,0.2,0.6364737019415875,0.6404526659020692,-0.003978963960481696,-0.006212736978582762,0.6411419545333304,0.004121931142627594,0.004121931142627594,0.010025793814747108,-0.001989481980240848,2,0.27294740388317495,1,1,True,0
doc_01363,3,0.3,0.6280472608328829,0.6364737019415875,-0.008426441108704608,-0.013239260448624076,0.6378682811082186,0.006700264945602805,0.00517183761547815,0.018452234923451716,-0.002808813702901536,3,0.2560945216657658,1,1,True,0
doc_01363,4,0.4,0.6701838823644859,0.6280472608328829,0.042136621531603025,0.0670914820577733,0.6443314013594721,0.01424789576750441,0.018205237488152753,0.042136621531603025,0.010534155382900756,0,0.3403677647289718,1,1,True,0
doc_01363,5,0.5,0.5235016919131912,0.6701838823644859,-0.14668219045129471,-0.21886857370216523,0.6241931164517586,0.046871327837914506,0.061663005161954866,0.14668219045129471,-0.029336438090258942,1,0.04700338382638236,0,1,False,1
doc_01365,0,0.0,0.6084179375733161,0.6084179375733161,0.0,0.0,0.6084179375733161,0.0,0.0,0.0,0.0,0,0.21683587514663216,0,1,False,1
doc_01365,1,0.1,0.6057542123543399,0.6084179375733161,-0.002663725218976176,-0.00437811749863997,0.607086074963828,0.001331862609488088,0.001331862609488088,0.002663725218976176,-0.002663725218976176,1,0.2115084247086798,0,1,False,1
doc_01365,2,0.2,0.598149155506678,0.6057542123543399,-0.007605056847661884,-0.012554690817755728,0.6041071018114447,0.004350992311217779,0.004350992311217779,0.01026878206663806,-0.003802528423830942,2,0.1962983110133561,0,1,False,1
doc_01365,3,0.3,0.6055555652607747,0.598149155506678,0.007406409754096677,0.012382212172184515,0.6044692176737771,0.0038199128605853846,0.0035391658742567078,0.01026878206663806,0.002468803251365559,0,0.2111111305215495,0,1,False,1
doc_01365,4,0.4,0.5798126620567989,0.6055555652607747,-0.025742903203975764,-0.0425112156188176,0.5995379065503815,0.010437658022414564,0.010820653927930309,0.028605275516517148,-0.006435725800993941,1,0.15962532411359792,0,1,False,1
doc_01365,5,0.5,0.5730366237068145,0.5798126620567989,-0.0067760383499844146,-0.011686599471538668,0.5951210260764537,0.01372338951445867,0.014008304365941112,0.03538131386650156,-0.0013552076699968828,2,0.14607324741362904,0,1,False,1
doc_01367,0,0.0,0.579386713748506,0.579386713748506,0.0,0.0,0.579386713748506,0.0,0.0,0.0,0.0,0,0.158773427497012,0,0,True,0
doc_01367,1,0.1,0.5681030719447857,0.579386713748506,-0.011283641803720323,-0.019475147662116058,0.5737448928466459,0.005641820901860162,0.005641820901860162,0.011283641803720323,-0.011283641803720323,1,0.13620614388957142,0,0,True,0
doc_01367,2,0.2,0.6775756058247542,0.5681030719447857,0.10947253387996847,0.19269836634611293,0.6083551305060153,0.04916255889463559,0.04916255889463559,0.10947253387996847,0.054736266939984235,0,0.35515121164950836,0,0,True,0
doc_01367,3,0.3,0.6445503889508835,0.6775756058247542,-0.03302521687387072,-0.04874026837738939,0.6174039451172324,0.045369163926679425,0.04584889784340858,0.10947253387996847,-0.011008405624623574,1,0.28910077790176686,0,0,True,0
doc_01367,4,0.4,0.6231938059194986,0.6445503889508835,-0.02135658303138488,-0.03313407826212996,0.6185619172776857,0.04064544779458417,0.02237098505077476,0.10947253387996847,-0.00533914575784622,2,0.2463876118389971,0,0,True,0
doc_01367,5,0.5,0.548516361890971,0.6231938059194986,-0.0746774440285276,-0.11983020902838387,0.6068876580465665,0.04536686013301711,0.04117086164692791,0.1290592439337832,-0.014935488805705522,3,0.09703272378194189,0,0,True,0
doc_01374,0,0.0,0.5170106161076946,0.5170106161076946,0.0,0.0,0.5170106161076946,0.0,0.0,0.0,0.0,0,0.03402123221538922,1,0,False,1
doc_01374,1,0.1,0.5858635911272404,0.5170106161076946,0.06885297501954579,0.1331751667652479,0.5514371036174675,0.034426487509772896,0.034426487509772896,0.06885297501954579,0.06885297501954579,0,0.1717271822544808,1,0,False,1
doc_01374,2,0.2,0.586110611685157,0.5858635911272404,0.0002470205579165885,0.00042163493628492014,0.5629949396400306,0.03251598338083314,0.03251598338083314,0.06909999557746238,0.00012351027895829425,0,0.17222122337031398,1,0,False,1
doc_01374,3,0.3,0.5785185068476258,0.586110611685157,-0.007592104837531144,-0.012953365262749109,0.5668758314419294,0.028950834961207914,0.003522173225829286,0.06909999557746238,-0.002530701612510381,1,0.15703701369525175,1,0,False,1
doc_01374,4,0.4,0.585738433180534,0.5785185068476258,0.007219926332908133,0.01248002656345403,0.5706483517896503,0.026971249786703462,0.003494533969183357,0.06909999557746238,0.0018049815832270333,0,0.17147686636106796,1,0,False,1
doc_01374,5,0.5,0.5076526905415647,0.585738433180534,-0.07808574263896928,-0.13331162548949899,0.5601490749149693,0.03402030281567185,0.035231732004695815,0.07845792114359229,-0.015617148527793856,1,0.015305381083129399,0,0,True,0
doc_01376,0,0.0,0.7488791643549558,0.7488791643549558,0.0,0.0,0.7488791643549558,0.0,0.0,0.0,0.0,0,0.4977583287099117,1,1,True,0
doc_01376,1,0.1,0.7784559769142153,0.7488791643549558,0.02957681255925948,0.03949477294475852,0.7636675706345856,0.01478840627962974,0.01478840627962974,0.02957681255925948,0.02957681255925948,0,0.5569119538284306,1,1,True,0
doc_01376,2,0.2,0.7538538489485153,0.7784559769142153,-0.02460212796570005,-0.03160374985265373,0.7603963300725621,0.0129305840222648,0.0129305840222648,0.02957681255925948,-0.012301063982850025,1,0.5077076978970305,1,1,True,0
doc_01376,3,0.3,0.7508171541805237,0.7538538489485153,-0.00303669476799151,-0.0040282274504894145,0.7580015360995525,0.01194173843655632,0.01237556166024643,0.02957681255925948,-0.0010122315893305034,2,0.5016343083610475,1,1,True,0
doc_01376,4,0.4,0.6715079767510355,0.7508171541805237,-0.07930917742948829,-0.10563048138670987,0.7407028242298491,0.036208642931125884,0.038122623507162424,0.10694800016317985,-0.01982729435737207,3,0.343015953502071,1,1,True,0
doc_01376,5,0.5,0.6380313328782818,0.6715079767510355,-0.03347664387275362,-0.049852935529856306,0.7235909090045879,0.05056325806166743,0.04729490552356502,0.14042464403593347,-0.006695328774550724,4,0.27606266575656374,1,1,True,0
doc_01377,0,0.0,0.6022081230847529,0.6022081230847529,0.0,0.0,0.6022081230847529,0.0,0.0,0.0,0.0,0,0.20441624616950593,0,0,True,0
doc_01377,1,0.1,0.598463092837068,0.6022081230847529,-0.0037450302476849107,-0.006218830507468672,0.6003356079609105,0.0018725151238424553,0.0018725151238424553,0.0037450302476849107,-0.0037450302476849107,1,0.196926185674136,0,0,True,0
doc_01377,2,0.2,0.6033430913975659,0.598463092837068,0.004879998560497922,0.008154218061073493,0.6013381024397956,0.0020850736884827172,0.0020850736884827172,0.004879998560497922,0.002439999280248961,0,0.2066861827951319,0,0,True,0
doc_01377,3,0.3,0.634833983993528,0.6033430913975659,0.03149089259596205,0.05219400544227246,0.6097120728282287,0.01461611403259652,0.01611876899751045,0.03637089115645997,0.010496964198654016,0,0.2696679679870559,0,0,True,0
doc_01377,4,0.4,0.5742132035385996,0.634833983993528,-0.06062078045492836,-0.09549076133823733,0.6026122989703029,0.019301082530931764,0.024754585896424198,0.06062078045492836,-0.01515519511373209,1,0.14842640707719934,0,0,True,0
doc_01377,5,0.5,0.6456227728817151,0.5742132035385996,0.07140956934311549,0.12436072333943678,0.6097807112888716,0.023819610231205934,0.031429999085105714,0.07140956934311549,0.014281913868623097,0,0.2912455457634302,0,0,True,0
doc_01379,0,0.0,0.6771283504037363,0.6771283504037363,0.0,0.0,0.6771283504037363,0.0,0.0,0.0,0.0,0,0.3542567008074726,1,1,True,0
doc_01379,1,0.1,0.6309075066421717,0.6771283504037363,-0.046220843761564656,-0.06826009239460373,0.6540179285229539,0.023110421880782328,0.023110421880782328,0.046220843761564656,-0.046220843761564656,1,0.26181501328434337,1,1,True,0
doc_01379,2,0.2,0.6532315773678589,0.6309075066421717,0.022324070725687206,0.035384062625123634,0.6537558114712555,0.018873221162167237,0.018873221162167237,0.046220843761564656,0.011162035362843603,0,0.3064631547357178,1,1,True,0
doc_01379,3,0.3,0.5413585951889791,0.6532315773678589,-0.11187298217887975,-0.17126083008672427,0.6256565074006865,0.051340642044368376,0.048342454102433666,0.1357697552147572,-0.03729099405962658,1,0.08271719037795822,1,1,True,0
doc_01379,4,0.4,0.6122813435824292,0.5413585951889791,0.07092274839345014,0.13100881564223102,0.622981474637035,0.046231076361780796,0.046215103385458936,0.1357697552147572,0.017730687098362535,0,0.22456268716485855,1,1,True,0
doc_01379,5,0.5,0.5300966441766576,0.6122813435824292,-0.08218469940577167,-0.13422701878341234,0.6075006695603055,0.054583608471400584,0.03637947009067005,0.14703170622707873,-0.016436939881154335,1,0.060193288353315166,1,1,True,0
doc_01381,0,0.0,0.5837941052910035,0.5837941052910035,0.0,0.0,0.5837941052910035,0.0,0.0,0.0,0.0,0,0.167588210582007,1,0,False,1
doc_01381,1,0.1,0.5844336098485868,0.5837941052910035,0.0006395045575833258,0.0010954282542208135,0.5841138575697952,0.0003197522787916629,0.0003197522787916629,0.0006395045575833258,0.0006395045575833258,0,0.16886721969717372,1,0,False,1
doc_01381,2,0.2,0.5848917947494875,0.5844336098485868,0.00045818490090066,0.0007839810941389306,0.584373169963026,0.00045016313460912995,0.00045016313460912995,0.0010976894584839858,0.00022909245045033,0,0.16978358949897498,1,0,False,1
doc_01381,3,0.3,0.6309970114754584,0.5848917947494875,0.0461052167259709,0.07882691660210078,0.596029130341134,0.020192479346130318,0.021843003745968398,0.047202906184454885,0.015368405575323632,0,0.2619940229509168,1,0,False,1
doc_01381,4,0.4,0.571425672866166,0.6309970114754584,-0.059571338609292424,-0.09440827377295646,0.5911084388461404,0.020567979892802544,0.02550767168177752,0.059571338609292424,-0.014892834652323106,1,0.142851345732332,1,0,False,1
doc_01381,5,0.5,0.5435151246515194,0.571425672866166,-0.027910548214646558,-0.04884370713456465,0.5831762198137036,0.02582896290249328,0.036485649549775886,0.08748188682393898,-0.005582109642929311,2,0.08703024930303882,1,0,False,1
doc_01402,0,0.0,0.8168381819097845,0.8168381819097845,0.0,0.0,0.8168381819097845,0.0,0.0,0.0,0.0,0,0.6336763638195692,1,1,True,0
doc_01402,1,0.1,0.8050791444543673,0.8168381819097845,-0.011759037455417176,-0.01439579798770462,0.810958663182076,0.005879518727708588,0.005879518727708588,0.011759037455417176,-0.011759037455417176,1,0.6101582889087347,1,1,True,0
doc_01402,2,0.2,0.7788367582010135,0.8050791444543673,-0.026242386253353844,-0.03259603286722736,0.8002513615217218,0.01588516429475301,0.01588516429475301,0.03800142370877102,-0.013121193126676922,2,0.557673516402027,1,1,True,0
doc_01402,3,0.3,0.7579742774922301,0.7788367582010135,-0.020862480708783382,-0.026786718126879792,0.7896820905143489,0.022899395240603037,0.01927224379808439,0.0588639044175544,-0.006954160236261127,3,0.5159485549844604,1,1,True,0
doc_01402,4,0.4,0.7654953879642646,0.7579742774922301,0.00752111047203452,0.0099226460519455,0.7848447500043321,0.02265182762488896,0.008626846751410613,0.0588639044175544,0.00188027761800863,0,0.5309907759285293,1,1,True,0
doc_01402,5,0.5,0.7296172090491042,0.7654953879642646,-0.03587817891516043,-0.04686922936345022,0.7756401598451275,0.029175505918796044,0.015448603517214887,0.08722097286068031,-0.007175635783032086,1,0.4592344180982084,1,1,True,0
doc_01404,0,0.0,0.8344568838404272,0.8344568838404272,0.0,0.0,0.8344568838404272,0.0,0.0,0.0,0.0,0,0.6689137676808543,1,1,True,0
doc_01404,1,0.1,0.8170443956574555,0.8344568838404272,-0.017412488182971697,-0.020866851865172557,0.8257506397489414,0.008706244091485849,0.008706244091485849,0.017412488182971697,-0.017412488182971697,1,0.6340887913149109,1,1,True,0
doc_01404,2,0.2,0.8049798047684548,0.8170443956574555,-0.012064590889000693,-0.014766138722844569,0.8188270280887792,0.012099803894904892,0.012099803894904892,0.02947707907197239,-0.006032295444500346,2,0.6099596095369095,1,1,True,0
doc_01404,3,0.3,0.7964761701976186,0.8049798047684548,-0.008503634570836138,-0.010563786222291791,0.813239313615989,0.014264347156798007,0.00843878646357242,0.03798071364280853,-0.0028345448569453793,3,0.5929523403952374,1,1,True,0
doc_01404,4,0.4,0.8009230764349101,0.7964761701976186,0.0044469062372914925,0.005583225718087891,0.8107760661797732,0.013676535803185522,0.003472812193305871,0.03798071364280853,0.0011117265593228731,0,0.6018461528698203,1,1,True,0
doc_01404,5,0.5,0.7342992724077039,0.8009230764349101,-0.06662380402720625,-0.0831837738072973,0.7980299338844282,0.031115791308680384,0.030412849727479686,0.10015761143272328,-0.01332476080544125,1,0.46859854481540775,1,1,True,0
doc_01426,0,0.0,0.7531883237567665,0.7531883237567665,0.0,0.0,0.7531883237567665,0.0,0.0,0.0,0.0,0,0.506376647513533,1,1,True,0
doc_01426,1,0.1,0.7416684357850052,0.7531883237567665,-0.011519887971761289,-0.015294830799158146,0.7474283797708858,0.0057599439858806445,0.0057599439858806445,0.011519887971761289,-0.011519887971761289,1,0.4833368715700104,1,1,True,0
doc_01426,2,0.2,0.7588380038125584,0.7416684357850052,0.017169568027553206,0.023149924142828588,0.7512315877847767,0.0071447009879701965,0.0071447009879701965,0.017169568027553206,0.008584784013776603,0,0.5176760076251168,1,1,True,0
doc_01426,3,0.3,0.7346023636365062,0.7588380038125584,-0.024235640176052176,-0.03193783133460281,0.7470742817477092,0.0094939267225497,0.01017671468819134,0.024235640176052176,-0.008078546725350725,1,0.46920472727301243,1,1,True,0
doc_01426,4,0.4,0.7350018962576702,0.7346023636365062,0.00039953262116398935,0.0005438760354461436,0.7446598046497014,0.009768649564690646,0.011331793544549513,0.024235640176052176,9.988315529099734e-05,0,0.4700037925153404,1,1,True,0
doc_01426,5,0.5,0.6677000199421053,0.7350018962576702,-0.06730187631556495,-0.09156694242319462,0.7318331738651022,0.030035551962415023,0.031632658534626885,0.09113798387045313,-0.01346037526311299,1,0.3354000398842106,1,1,True,0
doc_01428,0,0.0,0.6815528390978072,0.6815528390978072,0.0,0.0,0.6815528390978072,0.0,0.0,0.0,0.0,0,0.3631056781956143,0,0,True,0
doc_01428,1,0.1,0.6103308029987784,0.6815528390978072,-0.07122203609902877,-0.10449965433833071,0.6459418210482928,0.03561101804951439,0.03561101804951439,0.07122203609902877,-0.07122203609902877,1,0.2206616059975568,0,0,True,0
doc_01428,2,0.2,0.6742577912953752,0.6103308029987784,0.06392698829659682,0.10474154013282658,0.6553804777973203,0.03199384659796032,0.03199384659796032,0.07122203609902877,0.03196349414829841,0,0.34851558259075044,0,0,True,0
doc_01428,3,0.3,0.6415615809482863,0.6742577912953752,-0.032696210347088916,-0.04849215058275172,0.6519257535850618,0.02834625236691189,0.026100369292972297,0.07122203609902877,-0.010898736782362972,1,0.2831231618965726,0,0,True,0
doc_01428,4,0.4,0.604012229217634,0.6415615809482863,-0.037549351730652325,-0.05852805536633127,0.6423430487115762,0.03178239999383656,0.028700435494317125,0.0775406098801732,-0.009387337932663081,2,0.20802445843526796,0,0,True,0
doc_01428,5,0.5,0.5391201341081968,0.604012229217634,-0.06489209510943716,-0.10743506831557155,0.6251392296110131,0.04818323791560062,0.04231520327491365,0.14243270498961036,-0.012978419021887433,3,0.07824026821639363,0,0,True,0
doc_01432,0,0.0,0.6512523253771509,0.6512523253771509,0.0,0.0,0.6512523253771509,0.0,0.0,0.0,0.0,0,0.30250465075430183,0,0,True,0
doc_01432,1,0.1,0.6256534594573848,0.6512523253771509,-0.025598865919766123,-0.039307139371734905,0.6384528924172679,0.012799432959883061,0.012799432959883061,0.025598865919766123,-0.025598865919766123,1,0.25130691891476964,0,0,True,0
doc_01432,2,0.2,0.5926327281382836,0.6256534594573848,-0.033020731319101215,-0.05277798886901281,0.623179504324273,0.023995202792950695,0.023995202792950695,0.05861959723886734,-0.016510365659550608,2,0.1852654562765672,0,0,True,0
doc_01432,3,0.3,0.6049252404767358,0.5926327281382836,0.012292512338452188,0.020742209727546267,0.6186159383623888,0.022232987218804616,0.013626500400767329,0.05861959723886734,0.004097504112817396,0,0.2098504809534717,0,0,True,0
doc_01432,4,0.4,0.5412414221155424,0.6049252404767358,-0.06368381836119341,-0.10527551852689235,0.6031410351130195,0.03678770309283502,0.027583813521249324,0.11001090326160856,-0.015920954590298353,1,0.08248284423108487,0,0,True,0
doc_01432,5,0.5,0.5585543847014652,0.5412414221155424,0.017312962585922853,0.03198750479638445,0.5957099267110938,0.03746846820253897,0.02688581546692519,0.11001090326160856,0.003462592517184571,0,0.11710876940293052,0,0,True,0
doc_01433,0,0.0,0.6548620325453218,0.6548620325453218,0.0,0.0,0.6548620325453218,0.0,0.0,0.0,0.0,0,0.3097240650906437,0,0,True,0
doc_01433,1,0.1,0.6670870406796923,0.6548620325453218,0.012225008134370441,0.018668066748127394,0.660974536612507,0.0061125040671852204,0.0061125040671852204,0.012225008134370441,0.012225008134370441,0,0.3341740813593846,0,0,True,0
doc_01433,2,0.2,0.6920644199369417,0.6670870406796923,0.02497737925724941,0.03744245913067065,0.6713378310539854,0.015482383989848492,0.015482383989848492,0.03720238739161985,0.012488689628624705,0,0.3841288398738833,0,0,True,0
doc_01433,3,0.3,0.6783791111371741,0.6920644199369417,-0.013685308799767593,-0.0197746169366929,0.6730981510747825,0.013750430547211827,0.01021256310586896,0.03720238739161985,-0.004561769599922531,1,0.35675822227434817,0,0,True,0
doc_01433,4,0.4,0.6604042887009678,0.6783791111371741,-0.017974822436206295,-0.026496721584004717,0.6705593786000196,0.013305673034514735,0.012964677775647145,0.03720238739161985,-0.004493705609051574,2,0.3208085774019357,0,0,True,0
doc_01433,5,0.5,0.5768957220827013,0.6604042887009678,-0.08350856661826644,-0.126450672787922,0.6549487691804665,0.03695929848721473,0.044216202653969465,0.11516869785424033,-0.016701713323653288,3,0.15379144416540275,0,0,True,0
doc_01438,0,0.0,0.7343097920989201,0.7343097920989201,0.0,0.0,0.7343097920989201,0.0,0.0,0.0,0.0,0,0.4686195841978402,0,0,True,0
doc_01438,1,0.1,0.7107799130401251,0.7343097920989201,-0.023529879058795,-0.0320435316428754,0.7225448525695226,0.0117649395293975,0.0117649395293975,0.023529879058795,-0.023529879058795,1,0.4215598260802502,0,0,True,0
doc_01438,2,0.2,0.6632024238405703,0.7107799130401251,-0.047577489199554845,-0.06693701992232438,0.7027640429932052,0.029577638902995352,0.029577638902995352,0.07110736825834985,-0.023788744599777423,2,0.3264048476811405,0,0,True,0
doc_01438,3,0.3,0.7249834711131828,0.6632024238405703,0.06178104727261258,0.09315564155336133,0.7083189000231995,0.027362325416126886,0.026420228661154635,0.07110736825834985,0.02059368242420419,0,0.44996694222636574,0,0,True,0
doc_01438,4,0.4,0.6768197042372763,0.7249834711131828,-0.04816376687590651,-0.06643429649775738,0.702019060866015,0.02752652130887604,0.026503829004671874,0.07110736825834985,-0.012040941718976628,1,0.3536394084745526,0,0,True,0
doc_01438,5,0.5,0.6455628340781977,0.6768197042372763,-0.03125687015907863,-0.046181974259012916,0.692609689734712,0.032773553437281076,0.03266730944752129,0.08874695802072241,-0.006251374031815726,2,0.2911256681563954,0,0,True,0
doc_01439,0,0.0,0.733354857429926,0.733354857429926,0.0,0.0,0.733354857429926,0.0,0.0,0.0,0.0,0,0.466709714859852,0,0,True,0
doc_01439,1,0.1,0.6380833514307339,0.733354857429926,-0.0952715059991921,-0.12991187695009648,0.6857191044303299,0.04763575299959605,0.04763575299959605,0.0952715059991921,-0.0952715059991921,1,0.2761667028614678,0,0,True,0
doc_01439,2,0.2,0.6727788038280854,0.6380833514307339,0.0346954523973515,0.05437448308211785,0.6814056708962485,0.03936988773497956,0.03936988773497956,0.0952715059991921,0.01734772619867575,0,0.34555760765617083,0,0,True,0
doc_01439,3,0.3,0.6963621991626021,0.6727788038280854,0.0235833953345167,0.03505371334579522,0.6851448029628369,0.034704961763886724,0.023935967927217975,0.0952715059991921,0.007861131778172234,0,0.39272439832520434,0,0,True,0
doc_01439,4,0.4,0.5877600047640155,0.6963621991626021,-0.10860219439858665,-0.15595647570931373,0.6656678433230725,0.049809189152829,0.0466414328896401,0.14559485266591055,-0.027150548599646662,1,0.17552000952803098,0,0,True,0
doc_01439,5,0.5,0.6227430305566449,0.5877600047640155,0.03498302579262946,0.05951923490723919,0.6585137078620013,0.04820135932760302,0.04526223678376752,0.14559485266591055,0.006996605158525892,0,0.24548606111328986,0,0,True,0
doc_01443,0,0.0,0.843848708699217,0.843848708699217,0.0,0.0,0.843848708699217,0.0,0.0,0.0,0.0,0,0.6876974173984342,1,1,True,0
doc_01443,1,0.1,0.823996207963594,0.843848708699217,-0.019852500735623058,-0.023526137482897207,0.8339224583314055,0.009926250367811529,0.009926250367811529,0.019852500735623058,-0.019852500735623058,1,0.6479924159271879,1,1,True,0
doc_01443,2,0.2,0.8051748319283689,0.823996207963594,-0.018821376035225046,-0.022841580887538036,0.82433991619706,0.015790414553012857,0.015790414553012857,0.038673876770848103,-0.009410688017612523,2,0.610349663856738,1,1,True,0
doc_01443,3,0.3,0.8286580357926395,0.8051748319283689,0.023483203864270608,0.029165347615286306,0.8254194460959549,0.013802139262622451,0.010151287265377297,0.038673876770848103,0.007827734621423535,0,0.6573160715852792,1,1,True,0
doc_01443,4,0.4,0.7907098350943406,0.8286580357926395,-0.03794820069829896,-0.045794765825205835,0.818477523895632,0.01857849224025461,0.015637429930130682,0.05313887360487646,-0.00948705017457474,1,0.5814196701886811,1,1,True,0
doc_01443,5,0.5,0.740031677485349,0.7907098350943406,-0.050678157608991525,-0.06409197832090334,0.8054032161605847,0.033798243426070296,0.036305758621421665,0.10381703121386798,-0.010135631521798305,2,0.48006335497069813,1,1,True,0
doc_01449,0,0.0,0.5353367741929175,0.5353367741929175,0.0,0.0,0.5353367741929175,0.0,0.0,0.0,0.0,0,0.07067354838583495,0,1,False,1
doc_01449,1,0.1,0.5271738716861779,0.5353367741929175,-0.008162902506739567,-0.015248163212859966,0.5312553229395477,0.004081451253369783,0.004081451253369783,0.008162902506739567,-0.008162902506739567,1,0.05434774337235582,0,1,False,1
doc_01449,2,0.2,0.5085054858473186,0.5271738716861779,-0.018668385838859325,-0.03541219859616346,0.5236720439088046,0.011230215400366842,0.011230215400366842,0.02683128834559889,-0.009334192919429662,2,0.017010971694637278,0,1,False,1
doc_01449,3,0.3,0.52098974690779,0.5085054858473186,0.012484261060471402,0.02455088766578197,0.523001469658551,0.009794759462553803,0.007764654985031691,0.02683128834559889,0.004161420353490468,0,0.04197949381558008,0,1,False,1
doc_01449,4,0.4,0.5241334856447891,0.52098974690779,0.0031437387369991354,0.006034166230061234,0.5232278728557986,0.008772393286573829,0.0067492735834824855,0.02683128834559889,0.0007859346842497839,0,0.04826697128957824,0,1,False,1
doc_01449,5,0.5,0.5789626230467422,0.5241334856447891,0.054829137401953054,0.1046091098997467,0.5325169978876225,0.02226136314925243,0.026618647952372388,0.07045713719942359,0.01096582748039061,0,0.15792524609348446,0,1,False,1
doc_01450,0,0.0,0.7062069356021146,0.7062069356021146,0.0,0.0,0.7062069356021146,0.0,0.0,0.0,0.0,0,0.4124138712042292,1,1,True,0
doc_01450,1,0.1,0.7073346941912039,0.7062069356021146,0.0011277585890893116,0.0015969236950749862,0.7067708148966592,0.0005638792945446558,0.0005638792945446558,0.0011277585890893116,0.0011277585890893116,0,0.4146693883824078,1,1,True,0
doc_01450,2,0.2,0.6711677627877064,0.7073346941912039,-0.03616693140349747,-0.05113128438419418,0.6949031308603416,0.01678975348273304,0.01678975348273304,0.03616693140349747,-0.018083465701748735,1,0.3423355255754128,1,1,True,0
doc_01450,3,0.3,0.6342357632706875,0.6711677627877064,-0.036931999517018865,-0.055026480061588764,0.679736288962928,0.03002534172880675,0.029843058409681197,0.07309893092051634,-0.012310666505672955,2,0.2684715265413751,1,1,True,0
doc_01450,4,0.4,0.6074798850677118,0.6342357632706875,-0.026755878202975758,-0.04218601307658605,0.6652850081838848,0.03945345335156709,0.026110864863361515,0.0998548091234921,-0.0066889695507439395,3,0.21495977013542356,1,1,True,0
doc_01450,5,0.5,0.6298993560732404,0.6074798850677118,0.022419471005528657,0.036905701006099495,0.6593873994987773,0.0383543316825732,0.011725158733643767,0.0998548091234921,0.0044838942011057314,0,0.2597987121464809,1,1,True,0
doc_01453,0,0.0,0.5118905322781797,0.5118905322781797,0.0,0.0,0.5118905322781797,0.0,0.0,0.0,0.0,0,0.02378106455635942,0,1,False,1
doc_01453,1,0.1,0.5115238630908372,0.5118905322781797,-0.0003666691873425165,-0.0007163039052717922,0.5117071976845085,0.00018333459367125826,0.00018333459367125826,0.0003666691873425165,-0.0003666691873425165,1,0.02304772618167439,0,1,False,1
doc_01453,2,0.2,0.5186100038890921,0.5115238630908372,0.00708614079825487,0.01385300141314522,0.5140081330860363,0.0032574553196474568,0.0032574553196474568,0.00708614079825487,0.003543070399127435,0,0.03722000777818418,1,1,True,0
doc_01453,3,0.3,0.5033657945507701,0.5186100038890921,-0.015244209338321935,-0.029394360355574634,0.5113475484522197,0.005403183612531306,0.006228548895276989,0.015244209338321935,-0.0050814031127739785,1,0.006731589101540314,1,1,True,0
doc_01453,4,0.4,0.5014082060210294,0.5033657945507701,-0.001957588529740706,-0.003888997923444043,0.5093596799659817,0.006257954857211358,0.007689241554102564,0.01720179786806264,-0.0004893971324351765,2,0.0028164120420588468,0,1,False,1
doc_01453,5,0.5,0.5444408955739741,0.5014082060210294,0.0430326895529447,0.0858236643042493,0.5152065492339805,0.014267599670153109,0.019840498557463226,0.0430326895529447,0.00860653791058894,0,0.08888179114794825,0,1,False,1
doc_01458,0,0.0,0.671346079964381,0.671346079964381,0.0,0.0,0.671346079964381,0.0,0.0,0.0,0.0,0,0.342692159928762,1,1,True,0
doc_01458,1,0.1,0.6479190162082891,0.671346079964381,-0.023427063756091937,-0.03489565881927081,0.659632548086335,0.011713531878045969,0.011713531878045969,0.023427063756091937,-0.023427063756091937,1,0.2958380324165782,1,1,True,0
doc_01458,2,0.2,0.6639819376303938,0.6479190162082891,0.016062921422104748,0.02479155730928715,0.6610823446010213,0.009781361829520073,0.009781361829520073,0.023427063756091937,0.008031460711052374,0,0.32796387526078763,1,1,True,0
doc_01458,3,0.3,0.6295450718477056,0.6639819376303938,-0.03443686578268823,-0.05186416050048871,0.6531980264126924,0.016069962641973915,0.014069340191879064,0.04180100811667542,-0.011478955260896076,1,0.25909014369541117,1,1,True,0
doc_01458,4,0.4,0.580838861235433,0.6295450718477056,-0.04870621061227254,-0.07736731298574147,0.6387261933772406,0.03231610689850393,0.03410924252320316,0.09050721872894796,-0.012176552653068135,2,0.16167772247086615,1,1,True,0
doc_01458,5,0.5,0.5812134956768154,0.580838861235433,0.0003746344413823044,0.0006449885956071606,0.629140743760503,0.03646477559697869,0.02287253704611781,0.09050721872894796,7.492688827646088e-05,0,0.16242699135363076,1,1,True,0
doc_01468,0,0.0,0.6547105311372765,0.6547105311372765,0.0,0.0,0.6547105311372765,0.0,0.0,0.0,0.0,0,0.309421062274553,1,1,True,0
doc_01468,1,0.1,0.5924930605428617,0.6547105311372765,-0.06221747059441485,-0.09503050223789572,0.623601795840069,0.031108735297207424,0.031108735297207424,0.06221747059441485,-0.06221747059441485,1,0.18498612108572338,1,1,True,0
doc_01468,2,0.2,0.6139015091739128,0.5924930605428617,0.02140844863105118,0.03613282594641033,0.6203683669513503,0.025808507627355776,0.025808507627355776,0.06221747059441485,0.01070422431552559,0,0.22780301834782574,1,1,True,0
doc_01468,3,0.3,0.532807588922572,0.6139015091739128,-0.08109392025134088,-0.1320959780021777,0.5984781724441557,0.044012511245688966,0.03431375023556008,0.12190294221470455,-0.02703130675044696,1,0.06561517784514398,1,1,True,0
doc_01468,4,0.4,0.6527933697039154,0.532807588922572,0.11998578078134348,0.22519532993885324,0.6093412118961077,0.04496335643009956,0.04998376214879369,0.12190294221470455,0.02999644519533587,0,0.30558673940783093,1,1,True,0
doc_01468,5,0.5,0.5141917455526022,0.6527933697039154,-0.13860162415131327,-0.2123208209271154,0.5934829675055234,0.054241795941638006,0.061421627960141,0.14051878558467434,-0.027720324830262655,1,0.028383491105204384,0,1,False,1
doc_01469,0,0.0,0.596263929732676,0.596263929732676,0.0,0.0,0.596263929732676,0.0,0.0,0.0,0.0,0,0.19252785946535195,1,1,True,0
doc_01469,1,0.1,0.5558940583275597,0.596263929732676,-0.040369871405116275,-0.0677047015458664,0.5760789940301179,0.020184935702558138,0.020184935702558138,0.040369871405116275,-0.040369871405116275,1,0.1117881166551194,1,1,True,0
doc_01469,2,0.2,0.5715213224468063,0.5558940583275597,0.015627264119246642,0.028111946665273228,0.574559770169014,0.016620384125862794,0.016620384125862794,0.040369871405116275,0.007813632059623321,0,0.14304264489361262,1,1,True,0
doc_01469,3,0.3,0.5892974761376503,0.5715213224468063,0.017776153690843954,0.031103220462082495,0.5782441966611731,0.01574493163201399,0.013646291092733978,0.040369871405116275,0.005925384563614651,0,0.1785949522753006,1,1,True,0
doc_01469,4,0.4,0.5533524607514061,0.5892974761376503,-0.03594501538624417,-0.06099638440984601,0.5732658494792198,0.01724697249762082,0.014674783006021727,0.04291146898126985,-0.008986253846561043,1,0.10670492150281219,1,1,True,0
doc_01469,5,0.5,0.5311798690225393,0.5533524607514061,-0.022172591728866764,-0.04006956379801447,0.5662515194031063,0.022223542675012125,0.023947452223285176,0.06508406071013662,-0.004434518345773353,2,0.062359738045078716,1,1,True,0
doc_01470,0,0.0,0.8310907114781385,0.8310907114781385,0.0,0.0,0.8310907114781385,0.0,0.0,0.0,0.0,0,0.662181422956277,1,1,True,0
doc_01470,1,0.1,0.8250780854488972,0.8310907114781385,-0.0060126260292413525,-0.007234620657169398,0.8280843984635178,0.0030063130146206762,0.0030063130146206762,0.0060126260292413525,-0.0060126260292413525,1,0.6501561708977943,1,1,True,0
doc_01470,2,0.2,0.820657750919609,0.8250780854488972,-0.004420334529288139,-0.005357474167894284,0.8256088492822148,0.004275741587843883,0.004275741587843883,0.010432960558529492,-0.0022101672646440695,2,0.6413155018392181,1,1,True,0
doc_01470,3,0.3,0.758804158044857,0.820657750919609,-0.061853592874752006,-0.07537075328349775,0.8089076764728753,0.029163315898861255,0.030253814750140506,0.0722865534332815,-0.020617864291584003,3,0.517608316089714,1,1,True,0
doc_01470,4,0.4,0.806689441509835,0.758804158044857,0.047885283464978,0.0631062481106584,0.8084640294802673,0.026099549536143716,0.026486854164543272,0.0722865534332815,0.0119713208662445,0,0.6133788830196701,1,1,True,0
doc_01470,5,0.5,0.7781718689682436,0.806689441509835,-0.028517572541591374,-0.03535136457000931,0.8034153360615967,0.026364785816880624,0.019667685122211374,0.0722865534332815,-0.005703514508318274,1,0.5563437379364873,1,1,True,0
doc_01475,0,0.0,0.5712164257486416,0.5712164257486416,0.0,0.0,0.5712164257486416,0.0,0.0,0.0,0.0,0,0.14243285149728324,0,1,False,1
doc_01475,1,0.1,0.5565886678677932,0.5712164257486416,-0.014627757880848469,-0.025608083418954895,0.5639025468082174,0.007313878940424234,0.007313878940424234,0.014627757880848469,-0.014627757880848469,1,0.11317733573558636,0,1,False,1
doc_01475,2,0.2,0.5712327168162906,0.5565886678677932,0.014644048948497468,0.02631036130253352,0.5663459368109085,0.006899434241101862,0.006899434241101862,0.014644048948497468,0.007322024474248734,0,0.14246543363258124,0,1,False,1
doc_01475,3,0.3,0.527683489330461,0.5712327168162906,-0.04354922748582957,-0.07623727808964953,0.5566803249407967,0.017775651974158587,0.018093868606960533,0.04354922748582957,-0.014516409161943189,1,0.05536697866092216,0,1,False,1
doc_01475,4,0.4,0.6257415207034878,0.527683489330461,0.09805803137302671,0.18582736309874953,0.5704925640933348,0.031873042592648206,0.040115281699647884,0.09805803137302671,0.024514507843256678,0,0.25148304140697547,0,1,False,1
doc_01475,5,0.5,0.5999138235394703,0.6257415207034878,-0.02582769716401745,-0.041275345025819525,0.5753961073343574,0.031093397772038303,0.041499221729643265,0.09805803137302671,-0.0051655394328034895,1,0.19982764707894063,0,1,False,1
doc_01476,0,0.0,0.5315123847855814,0.5315123847855814,0.0,0.0,0.5315123847855814,0.0,0.0,0.0,0.0,0,0.06302476957116288,0,0,True,0
doc_01476,1,0.1,0.5989777833573368,0.5315123847855814,0.06746539857175538,0.12693100011013242,0.5652450840714591,0.03373269928587769,0.03373269928587769,0.06746539857175538,0.06746539857175538,0,0.19795556671467357,0,0,True,0
doc_01476,2,0.2,0.5180003874777477,0.5989777833573368,-0.08097739587958908,-0.1351926534331571,0.5494968518735553,0.03542047856997168,0.03542047856997168,0.08097739587958908,-0.04048869793979454,1,0.036000774955495474,0,0,True,0
doc_01476,3,0.3,0.5745761051347458,0.5180003874777477,0.05657571765699809,0.10921945045731936,0.5557666651888529,0.03254058087404737,0.03391753458663942,0.08097739587958908,0.018858572552332697,0,0.14915221026949155,0,0,True,0
doc_01476,4,0.4,0.5264068592148763,0.5745761051347458,-0.048169245919869486,-0.08383440503251202,0.5498947039940576,0.031385207279689305,0.024926016858696883,0.08097739587958908,-0.012042311479967371,1,0.052813718429752576,0,0,True,0
doc_01476,5,0.5,0.5423912976064784,0.5264068592148763,0.01598443839160213,0.030365178780995657,0.5486441362627944,0.02878678449526106,0.020032308234492383,0.08097739587958908,0.0031968876783204257,0,0.08478259521295683,1,0,False,1
doc_01477,0,0.0,0.5529782182035461,0.5529782182035461,0.0,0.0,0.5529782182035461,0.0,0.0,0.0,0.0,0,0.10595643640709218,0,0,True,0
doc_01477,1,0.1,0.5575637187906088,0.5529782182035461,0.004585500587062752,0.008292371084632618,0.5552709684970775,0.002292750293531376,0.002292750293531376,0.004585500587062752,0.004585500587062752,0,0.11512743758121774,0,0,True,0
doc_01477,2,0.2,0.5345088734439345,0.5575637187906088,-0.023054845346674346,-0.04134925672115426,0.5483502701460298,0.009964767965422625,0.009964767965422625,0.023054845346674346,-0.011527422673337173,1,0.0690177468878691,0,0,True,0
doc_01477,3,0.3,0.5204462011190619,0.5345088734439345,-0.014062672324872572,-0.026309520802272758,0.5413742528892879,0.014848127853457488,0.015300670882072119,0.03711751767154692,-0.0046875574416241905,2,0.04089240223812385,1,0,False,1
doc_01477,4,0.4,0.5335241888740837,0.5204462011190619,0.01307798775502178,0.025128414285475673,0.5398042400862471,0.013646731528426303,0.006409733226718902,0.03711751767154692,0.003269496938755445,0,0.06704837774816741,0,0,True,0
doc_01477,5,0.5,0.5343480122860839,0.5335241888740837,0.0008238234120001575,0.00154411632908098,0.5388948687862198,0.012622566378541493,0.0063680871230273,0.03711751767154692,0.0001647646824000315,0,0.06869602457216778,0,0,True,0
doc_01481,0,0.0,0.7164500827359859,0.7164500827359859,0.0,0.0,0.7164500827359859,0.0,0.0,0.0,0.0,0,0.4329001654719718,0,0,True,0
doc_01481,1,0.1,0.6383110917890061,0.7164500827359859,-0.07813899094697974,-0.10906411043820649,0.6773805872624961,0.03906949547348987,0.03906949547348987,0.07813899094697974,-0.07813899094697974,1,0.2766221835780123,0,0,True,0
doc_01481,2,0.2,0.6262824744063821,0.6383110917890061,-0.012028617382624063,-0.018844443622170557,0.6603478829771247,0.03997302859322157,0.03997302859322157,0.0901676083296038,-0.006014308691312031,2,0.25256494881276415,0,0,True,0
doc_01481,3,0.3,0.6921921337768827,0.6262824744063821,0.06590965937050064,0.10523950783226482,0.6683089456770642,0.03726282086910472,0.028658792562322937,0.0901676083296038,0.021969886456833548,0,0.3843842675537654,0,0,True,0
doc_01481,4,0.4,0.7181027282016084,0.6921921337768827,0.025910594424725653,0.03743266234960932,0.6782677021819731,0.03882681521570685,0.03865287269588383,0.09182025379522629,0.006477648606181413,0,0.4362054564032168,0,0,True,0
doc_01481,5,0.5,0.665736156726058,0.7181027282016084,-0.05236657147555035,-0.07292350999235914,0.676179111272654,0.03575023137120455,0.021378949754009877,0.09182025379522629,-0.01047331429511007,1,0.33147231345211614,0,0,True,0
doc_01483,0,0.0,0.5415843064196999,0.5415843064196999,0.0,0.0,0.5415843064196999,0.0,0.0,0.0,0.0,0,0.0831686128393998,0,1,False,1
doc_01483,1,0.1,0.5031051342794322,0.5415843064196999,-0.03847917214026775,-0.07104927466352463,0.522344720349566,0.019239586070133874,0.019239586070133874,0.03847917214026775,-0.03847917214026775,1,0.0062102685588643625,0,1,False,1
doc_01483,2,0.2,0.5021469759709659,0.5031051342794322,-0.0009581583084662393,-0.0019044892273630898,0.5156121388900327,0.01836926112609227,0.01836926112609227,0.03943733044873399,-0.00047907915423311964,2,0.004293951941931828,0,1,False,1
doc_01483,3,0.3,0.6270020842758786,0.5021469759709659,0.12485510830491264,0.24864255741755528,0.543459625236494,0.05078897324408122,0.058632727261978004,0.12485510830491264,0.04161836943497088,0,0.25400416855175706,0,1,False,1
doc_01483,4,0.4,0.5986296794833641,0.6270020842758786,-0.02837240479251446,-0.04525089390297897,0.5544936360858681,0.050503598131685735,0.053440209061262615,0.12485510830491264,-0.007093101198128615,1,0.1972593589667283,0,1,False,1
doc_01483,5,0.5,0.6175704569475353,0.5986296794833641,0.01894077746417122,0.031640224521640316,0.5650064395628126,0.051750423878424684,0.01179784348805749,0.12485510830491264,0.0037881554928342444,0,0.2351409138950707,0,1,False,1
doc_01487,0,0.0,0.5845666752872811,0.5845666752872811,0.0,0.0,0.5845666752872811,0.0,0.0,0.0,0.0,0,0.16913335057456225,0,0,True,0
doc_01487,1,0.1,0.5604991220699242,0.5845666752872811,-0.024067553217356874,-0.04117161349563597,0.5725328986786027,0.012033776608678437,0.012033776608678437,0.024067553217356874,-0.024067553217356874,1,0.12099824413984855,0,0,True,0
doc_01487,2,0.2,0.5361330696029545,0.5604991220699242,-0.024366052466969768,-0.04347206178840369,0.5603996223200532,0.019773061894850407,0.019773061894850407,0.04843360568432664,-0.012183026233484884,2,0.07226613920590907,0,0,True,0
doc_01487,3,0.3,0.5952383137609448,0.5361330696029545,0.059105244157990344,0.11024360836715794,0.5691092951802762,0.022821167510000406,0.024253168954785288,0.059105244157990344,0.019701748052663448,0,0.19047662752188965,0,0,True,0
doc_01487,4,0.4,0.5742035093071984,0.5952383137609448,-0.021034804453746392,-0.03533845850889604,0.5701281380056606,0.020513330105737297,0.024461423744921478,0.059105244157990344,-0.005258701113436598,1,0.1484070186143968,0,0,True,0
doc_01487,5,0.5,0.5664042775987298,0.5742035093071984,-0.007799231708468635,-0.013582695998982569,0.5695074946045054,0.018777377821360214,0.01217781523487898,0.059105244157990344,-0.0015598463416937268,2,0.1328085551974596,0,0,True,0
doc_01494,0,0.0,0.5782527709367842,0.5782527709367842,0.0,0.0,0.5782527709367842,0.0,0.0,0.0,0.0,0,0.15650554187356847,0,0,True,0
doc_01494,1,0.1,0.5071348260533151,0.5782527709367842,-0.07111794488346912,-0.12298764218328992,0.5426937984950496,0.03555897244173456,0.03555897244173456,0.07111794488346912,-0.07111794488346912,1,0.01426965210663017,0,0,True,0
doc_01494,2,0.2,0.5038519170074234,0.5071348260533151,-0.00328290904589168,-0.0064734442937794765,0.5297465046658408,0.03432528488458266,0.03432528488458266,0.0744008539293608,-0.00164145452294584,2,0.0077038340148468665,0,0,True,0
doc_01494,3,0.3,0.5019171171186674,0.5038519170074234,-0.0019347998887560003,-0.0038400169245113628,0.5227891577790476,0.03207620479288875,0.0021536900875739834,0.0763356538181168,-0.0006449332962520001,3,0.003834234237334755,1,0,False,1
doc_01494,4,0.4,0.5835043135724483,0.5019171171186674,0.08158719645378087,0.1625511337850854,0.5349321889377278,0.037588816874370753,0.03801274399512375,0.08158719645378087,0.02039679911344522,0,0.16700862714489656,1,0,False,1
doc_01494,5,0.5,0.6215091131973389,0.5835043135724483,0.03800479962489067,0.06513199429873961,0.5493616763143296,0.04710077661889856,0.049892195944853515,0.11959199607867155,0.007600959924978135,0,0.24301822639467785,0,0,True,0
doc_01496,0,0.0,0.6117592853199777,0.6117592853199777,0.0,0.0,0.6117592853199777,0.0,0.0,0.0,0.0,0,0.2235185706399554,1,0,False,1
doc_01496,1,0.1,0.5972541726758812,0.6117592853199777,-0.014505112644096485,-0.0237104903712408,0.6045067289979295,0.0072525563220482425,0.0072525563220482425,0.014505112644096485,-0.014505112644096485,1,0.19450834535176242,1,0,False,1
doc_01496,2,0.2,0.6252685952979877,0.5972541726758812,0.028014422622106516,0.046905361073650335,0.6114273510979489,0.011439248342390152,0.011439248342390152,0.028014422622106516,0.014007211311053258,0,0.2505371905959755,1,0,False,1
doc_01496,3,0.3,0.6052163018620406,0.6252685952979877,-0.020052293435947166,-0.03206988738398213,0.6098745887889718,0.010265257636498772,0.011786517005405483,0.028014422622106516,-0.006684097811982388,1,0.21043260372408118,1,0,False,1
doc_01496,4,0.4,0.5823232427688619,0.6052163018620406,-0.022893059093178625,-0.03782624331622368,0.6043643195849498,0.01434408164638395,0.017545147890627735,0.04294535252912579,-0.005723264773294656,2,0.16464648553772393,1,0,False,1
doc_01496,5,0.5,0.5766864108421849,0.5823232427688619,-0.005636831926677077,-0.009679902007474001,0.599751334794489,0.01666909441502113,0.012337029673206584,0.04858218445580287,-0.0011273663853354154,3,0.15337282168436978,1,0,False,1
doc_01498,0,0.0,0.528536978588936,0.528536978588936,0.0,0.0,0.528536978588936,0.0,0.0,0.0,0.0,0,0.057073957177872,1,1,True,0
doc_01498,1,0.1,0.5019935860561855,0.528536978588936,-0.02654339253275051,-0.050220502269519254,0.5152652823225607,0.013271696266375255,0.013271696266375255,0.02654339253275051,-0.02654339253275051,1,0.003987172112371096,0,1,False,1
doc_01498,2,0.2,0.5414809745004688,0.5019935860561855,0.039487388444283344,0.07866114137933175,0.5240038463818634,0.016436249110680725,0.016436249110680725,0.039487388444283344,0.019743694222141672,0,0.08296194900093773,0,1,False,1
doc_01498,3,0.3,0.5100907856926725,0.5414809745004688,-0.031390188807796315,-0.05797099120011489,0.5205255812095657,0.015456639332265043,0.017029916296173064,0.039487388444283344,-0.010463396269265438,1,0.020181571385345043,1,1,True,0
doc_01498,4,0.4,0.6083731101981555,0.5100907856926725,0.09828232450548302,0.1926761417029354,0.5380950870072837,0.03776077720945848,0.04098687741459034,0.10637952414197005,0.024570581126370755,0,0.21674622039631114,0,1,False,1
doc_01498,5,0.5,0.5798437442518241,0.6083731101981555,-0.028529365946331486,-0.04689452158238729,0.5450531965480404,0.03781939566048725,0.04128332358936162,0.10637952414197005,-0.005705873189266297,1,0.15968748850364817,0,1,False,1
doc_01500,0,0.0,0.6046586529418277,0.6046586529418277,0.0,0.0,0.6046586529418277,0.0,0.0,0.0,0.0,0,0.20931730588365555,0,1,False,1
doc_01500,1,0.1,0.5848758542019283,0.6046586529418277,-0.01978279873989941,-0.03271730032085169,0.594767253571878,0.009891399369949705,0.009891399369949705,0.01978279873989941,-0.01978279873989941,1,0.16975170840385673,0,1,False,1
doc_01500,2,0.2,0.5761567061338901,0.5848758542019283,-0.008719148068038196,-0.014907690248105046,0.5885637377592153,0.011924501577556115,0.011924501577556115,0.028501946807937606,-0.004359574034019098,2,0.15231341226778033,0,1,False,1
doc_01500,3,0.3,0.5919895873108323,0.5761567061338901,0.01583288117694215,0.027480164698912356,0.5894202001471196,0.010432923217897154,0.006474813323265771,0.028501946807937606,0.005277627058980716,0,0.18397917462166458,0,1,False,1
doc_01500,4,0.4,0.6607218014483459,0.5919895873108323,0.06873221413751363,0.11610375521930394,0.6036805204073649,0.0300083929125749,0.03670611927814275,0.08456509531445577,0.017183053534378406,0,0.3214436028966918,0,1,False,1
doc_01500,5,0.5,0.5930609631046471,0.6607218014483459,-0.06766083834369885,-0.10240442830156628,0.6019105941902453,0.0276782025861471,0.03215112604163992,0.08456509531445577,-0.01353216766873977,1,0.18612192620929408,0,1,False,1
doc_01509,0,0.0,0.6120931949867627,0.6120931949867627,0.0,0.0,0.6120931949867627,0.0,0.0,0.0,0.0,0,0.22418638997352552,1,1,True,0
doc_01509,1,0.1,0.6800321106615779,0.6120931949867627,0.06793891567481514,0.11099439796301673,0.6460626528241703,0.03396945783740757,0.03396945783740757,0.06793891567481514,0.06793891567481514,0,0.3600642213231558,1,1,True,0
doc_01509,2,0.2,0.6676968232825824,0.6800321106615779,-0.012335287378995474,-0.018139271933784028,0.6532740429769743,0.02955149753199531,0.02955149753199531,0.06793891567481514,-0.006167643689497737,1,0.3353936465651648,1,1,True,0
doc_01509,3,0.3,0.599377873692804,0.6676968232825824,-0.06831894958977835,-0.10232031545979729,0.6398000006559318,0.034635497747186814,0.03547259369144987,0.08065423696877383,-0.022772983196592784,2,0.19875574738560814,1,1,True,0
doc_01509,4,0.4,0.5686586979081316,0.599377873692804,-0.030719175784672426,-0.0512517680964926,0.6255717401063718,0.042065041975742415,0.04139202407284888,0.11137341275344625,-0.007679793946168106,3,0.13731739581626323,1,1,True,0
doc_01509,5,0.5,0.640012758210455,0.5686586979081316,0.07135406030232339,0.1254778315443103,0.6279785764570524,0.03877525976417087,0.029223779362932124,0.11137341275344625,0.014270812060464677,0,0.28002551642091,1,1,True,0
doc_01514,0,0.0,0.6609613847278138,0.6609613847278138,0.0,0.0,0.6609613847278138,0.0,0.0,0.0,0.0,0,0.32192276945562776,1,1,True,0
doc_01514,1,0.1,0.6431371118872659,0.6609613847278138,-0.017824272840547994,-0.026967192414558517,0.6520492483075399,0.008912136420273997,0.008912136420273997,0.017824272840547994,-0.017824272840547994,1,0.28627422377453177,1,1,True,0
doc_01514,2,0.2,0.6627893580533827,0.6431371118872659,0.019652246166116827,0.03055685296786547,0.6556292848894875,0.008864767767509897,0.008864767767509897,0.019652246166116827,0.009826123083058413,0,0.32557871610676536,1,1,True,0
doc_01514,3,0.3,0.6062103516230221,0.6627893580533827,-0.05657900643036062,-0.08536498925772373,0.6432745515728712,0.022734475728572276,0.023454401083410473,0.05657900643036062,-0.018859668810120207,1,0.21242070324604417,1,1,True,0
doc_01514,4,0.4,0.6338996995447458,0.6062103516230221,0.027689347921723728,0.04567613840243795,0.641399581167246,0.020677213676177766,0.023100015213373324,0.05657900643036062,0.006922336980430932,0,0.2677993990894916,1,1,True,0
doc_01514,5,0.5,0.6100144498957336,0.6338996995447458,-0.023885249649012175,-0.03767985639710208,0.6361687259553274,0.02220582211378091,0.012255050218829739,0.05657900643036062,-0.004777049929802435,1,0.22002889979146723,1,1,True,0
doc_01518,0,0.0,0.7687294084830812,0.7687294084830812,0.0,0.0,0.7687294084830812,0.0,0.0,0.0,0.0,0,0.5374588169661625,1,0,False,1
doc_01518,1,0.1,0.7758118890913088,0.7687294084830812,0.0070824806082275815,0.009213229687938312,0.7722706487871951,0.0035412403041137908,0.0035412403041137908,0.0070824806082275815,0.0070824806082275815,0,0.5516237781826178,1,0,False,1
doc_01518,2,0.2,0.7736684409231565,0.7758118890913088,-0.002143448168152373,-0.002762845218398169,0.7727365794991822,0.0029655417916010403,0.0029655417916010403,0.0070824806082275815,-0.0010717240840761866,1,0.5473368818463129,1,0,False,1
doc_01518,3,0.3,0.7827158176007035,0.7736684409231565,0.00904737667754707,0.011694126577984184,0.7752313890245626,0.005026733759817066,0.003860247885791379,0.013986409117622278,0.0030157922258490233,0,0.5654316352014072,1,0,False,1
doc_01518,4,0.4,0.746906851637114,0.7827158176007035,-0.03580896596358951,-0.04574963883233695,0.7695664815470729,0.012189304686804025,0.01520350737765524,0.03580896596358951,-0.008952241490897378,1,0.493813703274228,1,0,False,1
doc_01518,5,0.5,0.6879964636415629,0.746906851637114,-0.05891038799555115,-0.07887246966128096,0.7559714785628211,0.03237184715148091,0.03905049703995082,0.09471935395914066,-0.01178207759911023,2,0.3759929272831258,1,0,False,1
doc_01519,0,0.0,0.7382259372181541,0.7382259372181541,0.0,0.0,0.7382259372181541,0.0,0.0,0.0,0.0,0,0.4764518744363082,1,1,True,0
doc_01519,1,0.1,0.742447675065406,0.7382259372181541,0.004221737847251883,0.005718761200887354,0.7403368061417801,0.0021108689236259415,0.0021108689236259415,0.004221737847251883,0.004221737847251883,0,0.484895350130812,1,1,True,0
doc_01519,2,0.2,0.714793819077892,0.742447675065406,-0.02765385598751402,-0.03724687532367564,0.7318224771204841,0.012163803233676024,0.012163803233676024,0.02765385598751402,-0.01382692799375701,1,0.429587638155784,1,1,True,0
doc_01519,3,0.3,0.7401100535657192,0.714793819077892,0.02531623448782727,0.03541753413660748,0.7338943712317929,0.011128648500879107,0.012521590038793962,0.02765385598751402,0.008438744829275757,0,0.48022010713143853,1,1,True,0
doc_01519,4,0.4,0.7934944756504881,0.7401100535657192,0.0533844220847689,0.07213038362007407,0.745814392115532,0.025834570742321164,0.03280345780372202,0.07870065657259617,0.013346105521192225,0,0.5869889513009763,1,1,True,0
doc_01519,5,0.5,0.668201383267479,0.7934944756504881,-0.12529309238300912,-0.1579003965721334,0.7328788906408565,0.03732055103925076,0.05133670160408637,0.12529309238300912,-0.025058618476601825,1,0.33640276653495804,1,1,True,0
doc_01524,0,0.0,0.6531949580229606,0.6531949580229606,0.0,0.0,0.6531949580229606,0.0,0.0,0.0,0.0,0,0.3063899160459212,0,0,True,0
doc_01524,1,0.1,0.6017891363988542,0.6531949580229606,-0.05140582162410634,-0.07869904841228025,0.6274920472109073,0.02570291081205317,0.02570291081205317,0.05140582162410634,-0.05140582162410634,1,0.20357827279770851,0,0,True,0
doc_01524,2,0.2,0.5872886784963802,0.6017891363988542,-0.014500457902474007,-0.024095579373941012,0.6140909243060649,0.028277316109612594,0.028277316109612594,0.06590627952658035,-0.007250228951237003,2,0.17457735699276045,0,0,True,0
doc_01524,3,0.3,0.657887156859273,0.5872886784963802,0.07059847836289279,0.12021086213281724,0.625039982444367,0.030973384980010964,0.030443748356809786,0.07059847836289279,0.023532826120964263,0,0.31577431371854603,0,0,True,0
doc_01524,4,0.4,0.5253364433247032,0.657887156859273,-0.13255071353456982,-0.20147940593241193,0.6050992746204342,0.048559322233468094,0.0541519633874548,0.13255071353456982,-0.033137678383642455,1,0.0506728866494065,0,0,True,0
doc_01524,5,0.5,0.684218958813585,0.5253364433247032,0.15888251548888177,0.30243954613801405,0.618285888652626,0.053239463069996086,0.06952753985193322,0.15888251548888177,0.031776503097776354,0,0.3684379176271699,0,0,True,0
doc_01529,0,0.0,0.5918732272458362,0.5918732272458362,0.0,0.0,0.5918732272458362,0.0,0.0,0.0,0.0,0,0.18374645449167254,1,1,True,0
doc_01529,1,0.1,0.5726332332039183,0.5918732272458362,-0.019239994041917896,-0.03250695107708683,0.5822532302248773,0.009619997020958948,0.009619997020958948,0.019239994041917896,-0.019239994041917896,1,0.14526646640783675,1,1,True,0
doc_01529,2,0.2,0.5940866553016046,0.5726332332039183,0.021453422097686303,0.03746450756560719,0.5861977052504531,0.009634002019425167,0.009634002019425167,0.021453422097686303,0.010726711048843152,0,0.18817331060320935,1,1,True,0
doc_01529,3,0.3,0.6396730263356892,0.5940866553016046,0.04558637103408458,0.07673353815857283,0.5995665355217621,0.024612748010978434,0.0279537324220445,0.06703979313177089,0.015195457011361527,0,0.2793460526713785,1,1,True,0
doc_01529,4,0.4,0.6384037426474918,0.6396730263356892,-0.0012692836881974534,-0.0019842695188640883,0.607333976946908,0.026943690855074597,0.021196783131098348,0.06703979313177089,-0.00031732092204936335,1,0.27680748529498356,1,1,True,0
doc_01529,5,0.5,0.5832526368360823,0.6384037426474918,-0.05515110581140947,-0.08638907031261302,0.6033204202617705,0.02618228250303864,0.026302758420172847,0.06703979313177089,-0.011030221162281894,2,0.1665052736721646,1,1,True,0
doc_01532,0,0.0,0.5199503206362944,0.5199503206362944,0.0,0.0,0.5199503206362944,0.0,0.0,0.0,0.0,0,0.039900641272588855,0,0,True,0
doc_01532,1,0.1,0.5417786471864159,0.5199503206362944,0.021828326550121457,0.04198156186038855,0.5308644839113552,0.010914163275060729,0.010914163275060729,0.021828326550121457,0.021828326550121457,0,0.08355729437283188,0,0,True,0
doc_01532,2,0.2,0.5266570770941168,0.5417786471864159,-0.015121570092299086,-0.02791097465880016,0.5294620149722757,0.009129429239915358,0.009129429239915358,0.021828326550121457,-0.007560785046149543,1,0.0533141541882336,0,0,True,0
doc_01532,3,0.3,0.5643628602098523,0.5266570770941168,0.03770578311573547,0.07159456267782616,0.5381872262816698,0.01705572618992532,0.015493491968189417,0.04441253957355784,0.012568594371911823,0,0.1287257204197046,0,0,True,0
doc_01532,4,0.4,0.5852502854263458,0.5643628602098523,0.02088742521649356,0.037010630374803184,0.5475998381106051,0.024230296788553925,0.024246820353306088,0.0652999647900514,0.00522185630412339,0,0.1705005708526917,0,0,True,0
doc_01532,5,0.5,0.5708371883382226,0.5852502854263458,-0.014413097088123217,-0.02462723632441033,0.5514727298152079,0.02375400007358234,0.008730144612268488,0.0652999647900514,-0.0028826194176246435,1,0.14167437667644522,1,0,False,1
doc_01533,0,0.0,0.8892202861155566,0.8892202861155566,0.0,0.0,0.8892202861155566,0.0,0.0,0.0,0.0,0,0.7784405722311132,1,1,True,0
doc_01533,1,0.1,0.8830481187209895,0.8892202861155566,-0.006172167394567052,-0.006941100524741023,0.886134202418273,0.003086083697283526,0.003086083697283526,0.006172167394567052,-0.006172167394567052,1,0.7660962374419791,1,1,True,0
doc_01533,2,0.2,0.8818530594970233,0.8830481187209895,-0.0011950592239662328,-0.0013533342052720315,0.8847071547778564,0.003228344001774986,0.003228344001774986,0.007367226618533285,-0.0005975296119831164,2,0.7637061189940466,1,1,True,0
doc_01533,3,0.3,0.8575031827456926,0.8818530594970233,-0.024349876751330712,-0.02761217017857713,0.8779061617698155,0.012106905939653365,0.011770435743542675,0.031717103369864,-0.008116625583776904,3,0.7150063654913852,1,1,True,0
doc_01533,4,0.4,0.8223708171818298,0.8575031827456926,-0.03513236556386279,-0.0409705366356429,0.8667990928522183,0.024712945128136817,0.024416153029321673,0.06684946893372679,-0.008783091390965697,4,0.6447416343636596,1,1,True,0
doc_01533,5,0.5,0.8213842454885937,0.8223708171818298,-0.0009865716932361268,-0.0011996676835116724,0.8592299516249476,0.028202852255527315,0.01679892212944706,0.06783604062696291,-0.00019731433864722536,5,0.6427684909771874,1,1,True,0
doc_01537,0,0.0,0.6783570138006956,0.6783570138006956,0.0,0.0,0.6783570138006956,0.0,0.0,0.0,0.0,0,0.35671402760139115,1,1,True,0
doc_01537,1,0.1,0.6466957275017405,0.6783570138006956,-0.03166128629895504,-0.04667348557592606,0.6625263706512181,0.01583064314947752,0.01583064314947752,0.03166128629895504,-0.03166128629895504,1,0.2933914550034811,1,1,True,0
doc_01537,2,0.2,0.5710375333003482,0.6466957275017405,-0.0756581942013923,-0.11699194997571509,0.6320300915342615,0.04502353741814068,0.04502353741814068,0.10731948050034734,-0.03782909710069615,2,0.14207506660069652,1,1,True,0
doc_01537,3,0.3,0.5727167998407056,0.5710375333003482,0.001679266540357327,0.0029407288355493863,0.6172017686108725,0.046690220318530776,0.03527647000450049,0.10731948050034734,0.0005597555134524423,0,0.14543359968141117,1,1,True,0
doc_01537,4,0.4,0.6686027589015403,0.5727167998407056,0.09588595906083475,0.16742299001444397,0.627481966669006,0.04654794546671386,0.0456020349542785,0.10731948050034734,0.023971489765208687,0,0.3372055178030806,1,1,True,0
doc_01537,5,0.5,0.5368663259170532,0.6686027589015403,-0.13173643298448712,-0.19703244001104528,0.6123793598770139,0.05427740182504848,0.05561161089900683,0.14149068788364239,-0.026347286596897425,1,0.07373265183410638,1,1,True,0
doc_01538,0,0.0,0.5045724483024996,0.5045724483024996,0.0,0.0,0.5045724483024996,0.0,0.0,0.0,0.0,0,0.009144896604999286,0,0,True,0
doc_01538,1,0.1,0.5038219304726588,0.5045724483024996,-0.0007505178298408133,-0.00148743323652675,0.5041971893875792,0.00037525891492040664,0.00037525891492040664,0.0007505178298408133,-0.0007505178298408133,1,0.007643860945317549,1,0,False,1
doc_01538,2,0.2,0.5403816273315682,0.5038219304726588,0.036559696858909474,0.07256471909551679,0.5162586687022422,0.017060259259994832,0.017060259259994832,0.036559696858909474,0.018279848429454737,0,0.08076325466313644,0,0,True,0
doc_01538,3,0.3,0.5186716489741477,0.5403816273315682,-0.0217099783574205,-0.04017527106653398,0.5168619137702186,0.014811517422256,0.015012767656115191,0.036559696858909474,-0.0072366594524735,1,0.03734329794829555,1,0,False,1
doc_01538,4,0.4,0.5524955228638221,0.5186716489741477,0.03382387388967434,0.06521249803526513,0.5239886355889393,0.019459329233186665,0.013992553853749102,0.04867359239116331,0.008455968472418585,0,0.10499104572764417,0,0,True,0
doc_01538,5,0.5,0.5347417227093525,0.5524955228638221,-0.01775380015446959,-0.03213383533398425,0.5257808167756748,0.018210275822597297,0.013814240376768844,0.04867359239116331,-0.003550760030893918,1,0.0694834454187051,0,0,True,0
doc_01540,0,0.0,0.6347802915901131,0.6347802915901131,0.0,0.0,0.6347802915901131,0.0,0.0,0.0,0.0,0,0.2695605831802262,0,0,True,0
doc_01540,1,0.1,0.6223862295484948,0.6347802915901131,-0.012394062041618303,-0.01952496352804433,0.6285832605693039,0.006197031020809152,0.006197031020809152,0.012394062041618303,-0.012394062041618303,1,0.24477245909698947,0,0,True,0
doc_01540,2,0.2,0.603642883156557,0.6223862295484948,-0.018743346391937754,-0.030115297386214615,0.6202698014317216,0.012799583377845362,0.012799583377845362,0.031137408433556057,-0.009371673195968877,2,0.20728576631311402,0,0,True,0
doc_01540,3,0.3,0.5019590061818264,0.603642883156557,-0.10168387697473058,-0.16845038649840008,0.5906921026192478,0.05241557785724634,0.05290834842587672,0.13282128540828664,-0.03389462565824353,3,0.003918012363652912,0,0,True,0
doc_01540,4,0.4,0.5778407060683128,0.5019590061818264,0.07588169988648641,0.1511711094969367,0.5881218233090608,0.04716290475168746,0.0431578440878082,0.13282128540828664,0.018970424971621602,0,0.15568141213662562,0,0,True,0
doc_01540,5,0.5,0.6298106353579354,0.5778407060683128,0.05196992928962252,0.08993815898369505,0.5950699586505399,0.04577116170834542,0.05249861904111428,0.13282128540828664,0.010393985857924504,0,0.25962127071587077,0,0,True,0
doc_01554,0,0.0,0.6803238349541185,0.6803238349541185,0.0,0.0,0.6803238349541185,0.0,0.0,0.0,0.0,0,0.3606476699082371,0,0,True,0
doc_01554,1,0.1,0.6880067233947835,0.6803238349541185,0.007682888440665003,0.011292987318580631,0.684165279174451,0.0038414442203325017,0.0038414442203325017,0.007682888440665003,0.007682888440665003,0,0.37601344678956705,0,0,True,0
doc_01554,2,0.2,0.687234230517494,0.6880067233947835,-0.0007724928772895323,-0.001122798442256312,0.6851882629554654,0.0034540971947896954,0.0034540971947896954,0.007682888440665003,-0.00038624643864476615,1,0.374468461034988,0,0,True,0
doc_01554,3,0.3,0.6268205143340326,0.687234230517494,-0.06041371618346136,-0.08790847938114092,0.6705963258001072,0.02545038271639659,0.028663112236165533,0.061186209060750896,-0.02013790539448712,2,0.2536410286680652,0,0,True,0
doc_01554,4,0.4,0.7622782472521872,0.6268205143340326,0.13545773291815455,0.21610290317647315,0.6889327100905233,0.043163289259648706,0.05540780025120693,0.13545773291815455,0.03386443322953864,0,0.5245564945043744,0,0,True,0
doc_01554,5,0.5,0.6870402885981399,0.7622782472521872,-0.07523795865404725,-0.0987014373363799,0.6886173065084593,0.03940882321077326,0.05541356536903442,0.13545773291815455,-0.01504759173080945,1,0.37408057719627985,0,0,True,0
doc_01557,0,0.0,0.7112293166604571,0.7112293166604571,0.0,0.0,0.7112293166604571,0.0,0.0,0.0,0.0,0,0.42245863332091416,1,1,True,0
doc_01557,1,0.1,0.7058342404180789,0.7112293166604571,-0.005395076242378227,-0.007585565043508819,0.708531778539268,0.0026975381211891136,0.0026975381211891136,0.005395076242378227,-0.005395076242378227,1,0.41166848083615776,1,1,True,0
doc_01557,2,0.2,0.7148941789755582,0.7058342404180789,0.00905993855747933,0.012835787836125602,0.710652578684698,0.0037211191583390734,0.0037211191583390734,0.00905993855747933,0.004529969278739665,0,0.42978835795111636,1,1,True,0
doc_01557,3,0.3,0.717069760198398,0.7148941789755582,0.002175581222839784,0.0030432213421535863,0.712256874063123,0.004255154148397663,0.004865439857429996,0.011235519780319114,0.0007251937409465947,0,0.434139520396796,1,1,True,0
doc_01557,4,0.4,0.7378242691171947,0.717069760198398,0.02075450891879671,0.02894350043858268,0.7173703530739373,0.010912183092189002,0.010334794670976295,0.031990028699115824,0.0051886272296991776,0,0.47564853823438935,1,1,True,0
doc_01557,5,0.5,0.642718355102213,0.7378242691171947,-0.0951059140149817,-0.1289004956814117,0.7049283534119833,0.029550745525928863,0.04083029371116841,0.0951059140149817,-0.01902118280299634,1,0.28543671020442596,1,1,True,0
doc_01561,0,0.0,0.724899993302726,0.724899993302726,0.0,0.0,0.724899993302726,0.0,0.0,0.0,0.0,0,0.449799986605452,0,0,True,0
doc_01561,1,0.1,0.7041528048392571,0.724899993302726,-0.020747188463468902,-0.028620759629121216,0.7145263990709916,0.010373594231734451,0.010373594231734451,0.020747188463468902,-0.020747188463468902,1,0.4083056096785142,0,0,True,0
doc_01561,2,0.2,0.7250953553159944,0.7041528048392571,0.02094255047673732,0.029741485559399358,0.7180493844859925,0.00982668937087843,0.00982668937087843,0.02094255047673732,0.01047127523836866,0,0.45019071063198896,0,0,True,0
doc_01561,3,0.3,0.6982931449424862,0.7250953553159944,-0.026802210373508273,-0.03696370439695886,0.7131103246001159,0.012066723070603184,0.011504996573867426,0.026802210373508273,-0.008934070124502758,1,0.39658628988497235,0,0,True,0
doc_01561,4,0.4,0.7165296879767684,0.6982931449424862,0.018236543034282238,0.026115884376588377,0.7137941972754465,0.010879125510552604,0.011176864198042242,0.026802210373508273,0.004559135758570559,0,0.43305937595353683,0,0,True,0
doc_01561,5,0.5,0.6738965623499009,0.7165296879767684,-0.042633125626867496,-0.05949945458261286,0.7071445914545222,0.017880597429345373,0.017465356645384626,0.05119879296609353,-0.0085266251253735,1,0.3477931246998019,0,0,True,0
doc_01562,0,0.0,0.5546611139796602,0.5546611139796602,0.0,0.0,0.5546611139796602,0.0,0.0,0.0,0.0,0,0.1093222279593205,0,0,True,0
doc_01562,1,0.1,0.5400272331662097,0.5546611139796602,-0.014633880813450517,-0.02638346270293459,0.547344173572935,0.007316940406725259,0.007316940406725259,0.014633880813450517,-0.014633880813450517,1,0.08005446633241942,0,0,True,0
doc_01562,2,0.2,0.5232667466948946,0.5400272331662097,-0.016760486471315117,-0.031036372690035376,0.5393183646135882,0.0128264945918299,0.0128264945918299,0.031394367284765634,-0.008380243235657558,2,0.04653349338978918,0,0,True,0
doc_01562,3,0.3,0.5476300479690941,0.5232667466948946,0.0243633012741995,0.04656000295850103,0.5413962854524647,0.011676578594502444,0.010177792538766318,0.031394367284765634,0.008121100424733166,0,0.09526009593818818,0,0,True,0
doc_01562,4,0.4,0.516562188023397,0.5476300479690941,-0.03106785994569705,-0.056731474214961976,0.5364294659666511,0.014413576008662866,0.01334888042564041,0.038098925956263185,-0.007766964986424263,1,0.033124376046794135,0,0,True,0
doc_01562,5,0.5,0.5551992398801675,0.516562188023397,0.038637051856770466,0.07479651579728179,0.5395577616189038,0.014901582004520015,0.016717676486531243,0.038637051856770466,0.007727410371354093,0,0.11039847976033501,0,0,True,0
doc_01564,0,0.0,0.5284522820255689,0.5284522820255689,0.0,0.0,0.5284522820255689,0.0,0.0,0.0,0.0,0,0.05690456405113792,1,1,True,0
doc_01564,1,0.1,0.5408417262007312,0.5284522820255689,0.0123894441751623,0.023444773722375266,0.5346470041131501,0.00619472208758115,0.00619472208758115,0.0123894441751623,0.0123894441751623,0,0.08168345240146252,1,1,True,0
doc_01564,2,0.2,0.5489486678095257,0.5408417262007312,0.008106941608794438,0.014989489930341616,0.5394142253452753,0.00842827687294153,0.00842827687294153,0.02049638578395674,0.004053470804397219,0,0.0978973356190514,1,1,True,0
doc_01564,3,0.3,0.5218695688196507,0.5489486678095257,-0.027079098989874928,-0.04932901849990615,0.5350280612138691,0.010535283368192901,0.01134774994850587,0.027079098989874928,-0.00902636632995831,1,0.04373913763930154,0,1,False,1
doc_01564,4,0.4,0.5310369729198842,0.5218695688196507,0.009167404100233423,0.017566466120965796,0.5342298435550721,0.009557319825231288,0.011245481630217491,0.027079098989874928,0.0022918510250583557,0,0.062073945839768385,0,1,False,1
doc_01564,5,0.5,0.5527187626005959,0.5310369729198842,0.02168178968071177,0.04082915274523236,0.5373113300626594,0.011117393160434629,0.012934940014592274,0.030849193780945194,0.0043363579361423545,0,0.10543752520119193,1,1,True,0
doc_01566,0,0.0,0.5356521586676716,0.5356521586676716,0.0,0.0,0.5356521586676716,0.0,0.0,0.0,0.0,0,0.07130431733534315,0,0,True,0
doc_01566,1,0.1,0.5086075829444248,0.5356521586676716,-0.02704457572324681,-0.05048906325798224,0.5221298708060482,0.013522287861623405,0.013522287861623405,0.02704457572324681,-0.02704457572324681,1,0.017215165888849582,1,0,False,1
doc_01566,2,0.2,0.5135250997532018,0.5086075829444248,0.004917516808777056,0.00966858728355686,0.5192616137884327,0.0117624533713538,0.0117624533713538,0.02704457572324681,0.002458758404388528,0,0.027050199506403638,1,0,False,1
doc_01566,3,0.3,0.5390260599145079,0.5135250997532018,0.025500960161306097,0.049658644092687505,0.5242027253199515,0.013304519212871934,0.013332352805165355,0.030418476970083153,0.008500320053768698,0,0.07805211982901583,0,0,True,0
doc_01566,4,0.4,0.5368345674682418,0.5390260599145079,-0.0021914924462661522,-0.004065652125638849,0.5267290937496096,0.012928199215592025,0.011539463175695305,0.030418476970083153,-0.0005478731115665381,1,0.07366913493648347,0,0,True,0
doc_01566,5,0.5,0.6124971928174439,0.5368345674682418,0.0756626253492021,0.14094216344158608,0.541023776927582,0.034073035990228324,0.035162547758654045,0.1038896098730191,0.015132525069840419,0,0.22499438563488777,1,0,False,1
doc_01568,0,0.0,0.574630057255961,0.574630057255961,0.0,0.0,0.574630057255961,0.0,0.0,0.0,0.0,0,0.14926011451192195,0,0,True,0
doc_01568,1,0.1,0.5816017433374301,0.574630057255961,0.006971686081469142,0.012132477223278457,0.5781159002966956,0.003485843040734571,0.003485843040734571,0.006971686081469142,0.006971686081469142,0,0.16320348667486018,0,0,True,0
doc_01568,2,0.2,0.600658704789717,0.5816017433374301,0.019056961452286858,0.03276634169445828,0.585630168461036,0.011001326581871843,0.011001326581871843,0.026028647533756,0.009528480726143429,0,0.20131740957943384,0,0,True,0
doc_01568,3,0.3,0.5531621329992371,0.600658704789717,-0.047496571790479836,-0.0790741421238668,0.5775131595955862,0.01698320902203462,0.019516100327195394,0.047496571790479836,-0.015832190596826612,1,0.10632426599847422,0,0,True,0
doc_01568,4,0.4,0.5722753448809518,0.5531621329992371,0.019113211881714665,0.03455263970815049,0.5764655966526593,0.01533404915299508,0.019513113311577086,0.047496571790479836,0.004778302970428666,0,0.14455068976190355,0,0,True,0
doc_01568,5,0.5,0.6340292469181653,0.5722753448809518,0.06175390203721354,0.1079094226050573,0.586059538363577,0.025615675030818255,0.03450982050056991,0.0808671139189282,0.012350780407442707,0,0.2680584938363306,0,0,True,0
doc_01573,0,0.0,0.758441043058184,0.758441043058184,0.0,0.0,0.758441043058184,0.0,0.0,0.0,0.0,0,0.5168820861163681,0,0,True,0
doc_01573,1,0.1,0.7761320086784147,0.758441043058184,0.017690965620230648,0.023325432849595245,0.7672865258682994,0.008845482810115324,0.008845482810115324,0.017690965620230648,0.017690965620230648,0,0.5522640173568295,0,0,True,0
doc_01573,2,0.2,0.7575597769419813,0.7761320086784147,-0.01857223173643341,-0.023929217618608348,0.7640442762261933,0.008554886103635188,0.008554886103635188,0.01857223173643341,-0.009286115868216704,1,0.5151195538839627,0,0,True,0
doc_01573,3,0.3,0.7359045603723557,0.7575597769419813,-0.021655216569625546,-0.028585488866687863,0.757009347262734,0.014260442971639685,0.016438855710263666,0.040227448306058955,-0.007218405523208515,2,0.47180912074471143,0,0,True,0
doc_01573,4,0.4,0.7674149887852202,0.7359045603723557,0.031510428412864444,0.04281863452092304,0.7590904755672312,0.013416876204132934,0.013161309897299382,0.040227448306058955,0.007877607103216111,0,0.5348299775704405,0,0,True,0
doc_01573,5,0.5,0.6824141706696254,0.7674149887852202,-0.08500081811559479,-0.11076252009378507,0.7463110914176303,0.031089769519563062,0.03508603389389611,0.0937178380087893,-0.017000163623118958,1,0.3648283413392508,0,0,True,0
doc_01577,0,0.0,0.6052968158669181,0.6052968158669181,0.0,0.0,0.6052968158669181,0.0,0.0,0.0,0.0,0,0.21059363173383616,1,0,False,1
doc_01577,1,0.1,0.6153327365977683,0.6052968158669181,0.010035920730850245,0.01658016442144438,0.6103147762323432,0.005017960365425123,0.005017960365425123,0.010035920730850245,0.010035920730850245,0,0.23066547319553665,1,0,False,1
doc_01577,2,0.2,0.5986935942786206,0.6153327365977683,-0.01663914231914776,-0.027040885897192984,0.6064410489144357,0.006840916908791636,0.006840916908791636,0.01663914231914776,-0.00831957115957388,1,0.1973871885572412,1,0,False,1
doc_01577,3,0.3,0.6043237467581217,0.5986935942786206,0.00563015247950116,0.009404063336079382,0.6059117233753573,0.005994928247586094,0.006910198030196055,0.01663914231914776,0.0018767174931670534,0,0.20864749351624345,1,0,False,1
doc_01577,4,0.4,0.5595546863322413,0.6043237467581217,-0.04476906042588047,-0.07408125308006325,0.5966403159667341,0.01930252090017405,0.019910414649384218,0.05577805026552707,-0.011192265106470117,1,0.11910937266448257,1,0,False,1
doc_01577,5,0.5,0.614814343316516,0.5595546863322413,0.05525965698427471,0.09875649035573214,0.5996693205250311,0.0188775997058851,0.023962820919051595,0.05577805026552707,0.011051931396854942,0,0.229628686633032,1,0,False,1
doc_01581,0,0.0,0.5971406019083272,0.5971406019083272,0.0,0.0,0.5971406019083272,0.0,0.0,0.0,0.0,0,0.19428120381665437,1,0,False,1
doc_01581,1,0.1,0.5665213153304015,0.5971406019083272,-0.030619286577925675,-0.05127651089219744,0.5818309586193644,0.015309643288962838,0.015309643288962838,0.030619286577925675,-0.030619286577925675,1,0.13304263066080302,1,0,False,1
doc_01581,2,0.2,0.5831230895793551,0.5665213153304015,0.016601774248953594,0.029304765416057213,0.5822616689393613,0.012515103189734138,0.012515103189734138,0.030619286577925675,0.008300887124476797,0,0.1662461791587102,1,0,False,1
doc_01581,3,0.3,0.5930607750601824,0.5831230895793551,0.009937685480827296,0.017042174556997906,0.5849614454695666,0.011804119443076305,0.010947954774384554,0.030619286577925675,0.003312561826942432,0,0.1861215501203648,1,0,False,1
doc_01581,4,0.4,0.6554541795138152,0.5930607750601824,0.06239340445363284,0.10520575137902402,0.5990599922784163,0.030108900297859405,0.03201298535687843,0.08893286418341373,0.01559835111340821,0,0.31090835902763053,1,0,False,1
doc_01581,5,0.5,0.5261011923324181,0.6554541795138152,-0.1293529871813971,-0.19734863431238625,0.5869001922874166,0.03866210776364388,0.05281910211187447,0.1293529871813971,-0.025870597436279417,1,0.05220238466483623,0,0,True,0
doc_01585,0,0.0,0.7057720594903031,0.7057720594903031,0.0,0.0,0.7057720594903031,0.0,0.0,0.0,0.0,0,0.41154411898060617,0,0,True,0
doc_01585,1,0.1,0.7092640400497982,0.7057720594903031,0.003491980559495067,0.004947745539851659,0.7075180497700506,0.0017459902797475335,0.0017459902797475335,0.003491980559495067,0.003491980559495067,0,0.41852808009959636,0,0,True,0
doc_01585,2,0.2,0.6780205584297538,0.7092640400497982,-0.03124348162004431,-0.044050564889558864,0.6976855526566185,0.01397813722720673,0.01397813722720673,0.03124348162004431,-0.015621740810022156,1,0.35604111685950773,0,0,True,0
doc_01585,3,0.3,0.6957126778526184,0.6780205584297538,0.017692119422864527,0.026093780200172965,0.6971923339556184,0.012135527772536939,0.012792383371079753,0.03124348162004431,0.0058973731409548424,0,0.3914253557052368,0,0,True,0
doc_01585,4,0.4,0.6769977124988644,0.6957126778526184,-0.018714965353753943,-0.02690042304751355,0.6931534096642676,0.013530279567675833,0.008591386071482993,0.03226632755093373,-0.004678741338438486,1,0.3539954249977289,0,0,True,0
doc_01585,5,0.5,0.6378765811120014,0.6769977124988644,-0.03912113138686302,-0.057786209117994085,0.6839406049055565,0.02401949025118694,0.02409639653874139,0.07138745893779674,-0.007824226277372604,2,0.2757531622240028,0,0,True,0
doc_01591,0,0.0,0.5919319314020448,0.5919319314020448,0.0,0.0,0.5919319314020448,0.0,0.0,0.0,0.0,0,0.18386386280408962,0,0,True,0
doc_01591,1,0.1,0.6106455839473401,0.5919319314020448,0.018713652545295334,0.031614534632335746,0.6012887576746925,0.009356826272647667,0.009356826272647667,0.018713652545295334,0.018713652545295334,0,0.22129116789468034,0,0,True,0
doc_01591,2,0.2,0.6082034048073132,0.6106455839473401,-0.0024421791400269788,-0.003999339722135096,0.6035936400522327,0.008306128107985339,0.008306128107985339,0.018713652545295334,-0.0012210895700134894,1,0.21640680961462638,0,0,True,0
doc_01591,3,0.3,0.6346349052602754,0.6082034048073132,0.026431500452962275,0.04345832371875018,0.6113539563542434,0.015245043470959877,0.011926049882515256,0.04270297385823063,0.008810500150987425,0,0.26926981052055093,0,0,True,0
doc_01591,4,0.4,0.6001196452199462,0.6346349052602754,-0.03451526004032923,-0.05438600958479252,0.609107094127384,0.014356971818984534,0.014739495547348816,0.04270297385823063,-0.008628815010082308,1,0.20023929043989253,0,0,True,0
doc_01591,5,0.5,0.5757670674939699,0.6001196452199462,-0.02435257772597632,-0.040579537630452016,0.6035504230218149,0.018059674287943042,0.024151773665788644,0.05886783776630555,-0.0048705155451952645,2,0.15153413498793988,0,0,True,0
doc_01597,0,0.0,0.5832072642697457,0.5832072642697457,0.0,0.0,0.5832072642697457,0.0,0.0,0.0,0.0,0,0.1664145285394913,0,1,False,1
doc_01597,1,0.1,0.5267197638302156,0.5832072642697457,-0.0564875004395301,-0.09685664754237945,0.5549635140499807,0.02824375021976505,0.02824375021976505,0.0564875004395301,-0.0564875004395301,1,0.053439527660431196,1,1,True,0
doc_01597,2,0.2,0.584704819045035,0.5267197638302156,0.05798505521481945,0.11008710740823943,0.5648772823816655,0.026988365815408037,0.026988365815408037,0.05798505521481945,0.028992527607409724,0,0.1694096380900701,0,1,False,1
doc_01597,3,0.3,0.5692993359581806,0.584704819045035,-0.01540548308685441,-0.026347453595500215,0.5659827957757942,0.023450914622536758,0.024523493271205142,0.05798505521481945,-0.00513516102895147,1,0.13859867191636133,0,1,False,1
doc_01597,4,0.4,0.6589099807604177,0.5692993359581806,0.08961064480223713,0.1574051454871532,0.584568232772719,0.042680559869493706,0.039120614906860904,0.13219021693020216,0.022402661200559282,0,0.3178199615208354,0,1,False,1
doc_01597,5,0.5,0.70800018581937,0.6589099807604177,0.04909020505895223,0.07450214216257504,0.6051402249471608,0.060283160742485506,0.05742419316592662,0.1812804219891544,0.009818041011790447,0,0.41600037163874,0,1,False,1
doc_01601,0,0.0,0.7441706266677683,0.7441706266677683,0.0,0.0,0.7441706266677683,0.0,0.0,0.0,0.0,0,0.48834125333553674,1,1,True,0
doc_01601,1,0.1,0.7373384081908153,0.7441706266677683,-0.006832218476953034,-0.009180983812202047,0.7407545174292918,0.003416109238476517,0.003416109238476517,0.006832218476953034,-0.006832218476953034,1,0.4746768163816306,1,1,True,0
doc_01601,2,0.2,0.7138933220126884,0.7373384081908153,-0.023445086178126906,-0.03179691430377728,0.7318007856237573,0.0129660516237731,0.0129660516237731,0.03027730465507994,-0.011722543089063453,2,0.4277866440253768,1,1,True,0
doc_01601,3,0.3,0.6787378611747118,0.7138933220126884,-0.035155460837976604,-0.04924469770758238,0.7185350545114959,0.02557396599788975,0.024082272417732375,0.06543276549305654,-0.011718486945992201,3,0.3574757223494236,1,1,True,0
doc_01601,4,0.4,0.6323942859705178,0.6787378611747118,-0.046343575204193965,-0.06827904829706385,0.7013069008033004,0.04135769952816326,0.033376182900785714,0.11177634069725051,-0.011585893801048491,4,0.2647885719410357,1,1,True,0
doc_01601,5,0.5,0.7155206376745199,0.6323942859705178,0.08312635170400207,0.13144703161957003,0.7036758569485037,0.03812404129471338,0.034010929546183406,0.11177634069725051,0.016625270340800413,0,0.4310412753490398,1,1,True,0
doc_01607,0,0.0,0.6939259416821453,0.6939259416821453,0.0,0.0,0.6939259416821453,0.0,0.0,0.0,0.0,0,0.38785188336429066,0,0,True,0
doc_01607,1,0.1,0.671004561802263,0.6939259416821453,-0.022921379879882298,-0.03303144976006892,0.6824652517422041,0.011460689939941149,0.011460689939941149,0.022921379879882298,-0.022921379879882298,1,0.34200912360452596,0,0,True,0
doc_01607,2,0.2,0.6987309321175903,0.671004561802263,0.02772637031532732,0.04132068825412539,0.6878871452006662,0.012097884110433228,0.012097884110433228,0.02772637031532732,0.01386318515766366,0,0.3974618642351806,0,0,True,0
doc_01607,3,0.3,0.7378151825196853,0.6987309321175903,0.039084250402094955,0.055936052929051405,0.7003691545304209,0.024024378674304146,0.02740638465962829,0.06681062071742228,0.013028083467364985,0,0.47563036503937056,0,0,True,0
doc_01607,4,0.4,0.6884166405626331,0.7378151825196853,-0.04939854195705218,-0.06695246062618697,0.6979786517368634,0.02201351019199605,0.021276432416217836,0.06681062071742228,-0.012349635489263044,1,0.37683328112526615,0,0,True,0
doc_01607,5,0.5,0.6719159188974135,0.6884166405626331,-0.016500721665219542,-0.023969091815871472,0.6936348629302884,0.022319752801608084,0.0279984180285509,0.06681062071742228,-0.0033001443330439085,2,0.3438318377948271,0,0,True,0
doc_01620,0,0.0,0.5133910588109523,0.5133910588109523,0.0,0.0,0.5133910588109523,0.0,0.0,0.0,0.0,0,0.026782117621904467,0,0,True,0
doc_01620,1,0.1,0.5564508346232138,0.5133910588109523,0.0430597758122615,0.08387324842000715,0.534920946717083,0.02152988790613075,0.02152988790613075,0.0430597758122615,0.0430597758122615,0,0.11290166924642758,0,0,True,0
doc_01620,2,0.2,0.5442898916620007,0.5564508346232138,-0.012160942961213062,-0.021854478786877064,0.538043928365389,0.018125398687615514,0.018125398687615514,0.0430597758122615,-0.006080471480606531,1,0.0885797833240014,0,0,True,0
doc_01620,3,0.3,0.5683648564803068,0.5442898916620007,0.024074964818306066,0.04423187934795675,0.5456241603941183,0.02046404923315248,0.009828735543857796,0.05497379766935451,0.008024988272768688,0,0.1367297129606136,0,0,True,0
doc_01620,4,0.4,0.6302739124365306,0.5683648564803068,0.06190905595622387,0.10892484862559224,0.5625541108026008,0.03849044988238266,0.03621783932592754,0.11688285362557838,0.015477263989055967,0,0.26054782487306133,0,0,True,0
doc_01620,5,0.5,0.5840364904382171,0.6302739124365306,-0.04623742199831349,-0.07336083738507844,0.5661345074085369,0.03603736684890423,0.02628102508010868,0.11688285362557838,-0.009247484399662697,1,0.16807298087643435,0,0,True,0
doc_01627,0,0.0,0.7155820439173144,0.7155820439173144,0.0,0.0,0.7155820439173144,0.0,0.0,0.0,0.0,0,0.4311640878346288,1,1,True,0
doc_01627,1,0.1,0.7173966570902716,0.7155820439173144,0.001814613172957169,0.002535856214367011,0.716489350503793,0.0009073065864785845,0.0009073065864785845,0.001814613172957169,0.001814613172957169,0,0.4347933141805432,1,1,True,0
doc_01627,2,0.2,0.7296486448252917,0.7173966570902716,0.01225198773502012,0.01707840092915073,0.7208757819442925,0.006247428675782102,0.006247428675782102,0.014066600907977289,0.00612599386751006,0,0.45929728965058336,1,1,True,0
doc_01627,3,0.3,0.684030317561241,0.7296486448252917,-0.045618327264050684,-0.06252095112843473,0.7116644158485297,0.016846975094798128,0.019277089451227563,0.045618327264050684,-0.015206109088016895,1,0.368060635122482,1,1,True,0
doc_01627,4,0.4,0.7128996168565906,0.684030317561241,0.02886929929534965,0.04220470723911297,0.7119114560501419,0.015076490683201084,0.018841438262129785,0.045618327264050684,0.007217324823837412,0,0.42579923371318135,1,1,True,0
doc_01627,5,0.5,0.6627209006608916,0.7128996168565906,-0.050178716195699025,-0.07038679080366675,0.7037130301519335,0.022923526753300342,0.02056272585012308,0.06692774416440006,-0.010035743239139805,1,0.32544180132178324,1,1,True,0
doc_01628,0,0.0,0.682016639282377,0.682016639282377,0.0,0.0,0.682016639282377,0.0,0.0,0.0,0.0,0,0.3640332785647541,0,0,True,0
doc_01628,1,0.1,0.6268623377712386,0.682016639282377,-0.055154301511138426,-0.08086943680607586,0.6544394885268078,0.027577150755569213,0.027577150755569213,0.055154301511138426,-0.055154301511138426,1,0.2537246755424771,0,0,True,0
doc_01628,2,0.2,0.6723541351545763,0.6268623377712386,0.04549179738333775,0.07257063416041293,0.6604110374027307,0.02404824916326894,0.02404824916326894,0.055154301511138426,0.022745898691668875,0,0.34470827030915274,0,0,True,0
doc_01628,3,0.3,0.5715379582148377,0.6723541351545763,-0.10081617693973866,-0.1499450537573636,0.6381927676057574,0.04375720802539027,0.04122322987940451,0.11047868106753933,-0.03360539231324622,1,0.14307591642967527,0,0,True,0
doc_01628,4,0.4,0.673170625081464,0.5715379582148377,0.10163266686662631,0.17782312689094082,0.6451883391008988,0.04156328530706347,0.04771881432233813,0.11047868106753933,0.025408166716656577,0,0.346341250162928,0,0,True,0
doc_01628,5,0.5,0.695055911220033,0.673170625081464,0.021885286138568993,0.032510756297365974,0.6534996011207544,0.04224895603929694,0.05381537310139725,0.1235179530051953,0.0043770572277137985,0,0.390111822440066,0,0,True,0
doc_01629,0,0.0,0.5160415875504103,0.5160415875504103,0.0,0.0,0.5160415875504103,0.0,0.0,0.0,0.0,0,0.03208317510082059,0,1,False,1
doc_01629,1,0.1,0.528012872816372,0.5160415875504103,0.011971285265961695,0.023198295553635513,0.5220272301833911,0.005985642632980848,0.005985642632980848,0.011971285265961695,0.011971285265961695,0,0.056025745632743984,1,1,True,0
doc_01629,2,0.2,0.5366256266623696,0.528012872816372,0.008612753845997578,0.016311636116100623,0.5268933623430506,0.008440602044703307,0.008440602044703307,0.020584039111959274,0.004306376922998789,0,0.0732512533247392,1,1,True,0
doc_01629,3,0.3,0.5099875318739235,0.5366256266623696,-0.026638094788446032,-0.049639997541910175,0.5226669047257688,0.010345127071709875,0.011098951596442141,0.026638094788446032,-0.008879364929482011,1,0.019975063747847133,0,1,False,1
doc_01629,4,0.4,0.5046218557271953,0.5099875318739235,-0.005365676146728227,-0.010521190835807926,0.519057894926054,0.011735294211974695,0.013994522454402209,0.03200377093517426,-0.0013414190366820566,2,0.009243711454390624,1,1,True,0
doc_01629,5,0.5,0.5123418401041343,0.5046218557271953,0.007719984376938993,0.01529855334112304,0.5179385524557342,0.011001314150166292,0.003230607210461776,0.03200377093517426,0.0015439968753877987,0,0.02468368020826861,1,1,True,0
doc_01630,0,0.0,0.6104043513656447,0.6104043513656447,0.0,0.0,0.6104043513656447,0.0,0.0,0.0,0.0,0,0.22080870273128955,1,1,True,0
doc_01630,1,0.1,0.6073438365119471,0.6104043513656447,-0.0030605148536976268,-0.005013913886508839,0.608874093938796,0.0015302574268488134,0.0015302574268488134,0.0030605148536976268,-0.0030605148536976268,1,0.21468767302389424,1,1,True,0
doc_01630,2,0.2,0.6166321672839741,0.6073438365119471,0.009288330772026954,0.015293364670284658,0.6114601183871887,0.0038647341551936417,0.0038647341551936417,0.009288330772026954,0.004644165386013477,0,0.23326433456794815,1,1,True,0
doc_01630,3,0.3,0.6038502610483751,0.6166321672839741,-0.012781906235598939,-0.0207285751761837,0.6095576540524853,0.004696832890597166,0.005393981059847047,0.012781906235598939,-0.004260635411866313,1,0.20770052209675033,1,1,True,0
doc_01630,4,0.4,0.5006075660667714,0.6038502610483751,-0.10324269498160377,-0.17097400074375868,0.5877676364553425,0.043782047221400285,0.05194456369982975,0.1160246012172027,-0.02581067374540094,2,0.0012151321335427956,1,1,True,0
doc_01630,5,0.5,0.5680208610076408,0.5006075660667714,0.06741329494086945,0.13466295659598126,0.5844765072140589,0.0406392344189897,0.042801028426283944,0.1160246012172027,0.01348265898817389,0,0.13604172201528164,1,1,True,0
doc_01631,0,0.0,0.6195795688806712,0.6195795688806712,0.0,0.0,0.6195795688806712,0.0,0.0,0.0,0.0,0,0.23915913776134246,1,1,True,0
doc_01631,1,0.1,0.6690699332370219,0.6195795688806712,0.04949036435635068,0.07987733431197494,0.6443247510588466,0.02474518217817534,0.02474518217817534,0.04949036435635068,0.04949036435635068,0,0.3381398664740438,1,1,True,0
doc_01631,2,0.2,0.5599106340923249,0.6690699332370219,-0.10915929914469702,-0.16315080639862903,0.616186712070006,0.04462862874466435,0.04462862874466435,0.10915929914469702,-0.05457964957234851,1,0.11982126818464978,1,1,True,0
doc_01631,3,0.3,0.5174861165766496,0.5599106340923249,-0.04242451751567533,-0.07577015854405054,0.5915115631966669,0.05762269338972412,0.06385160378175901,0.15158381666037235,-0.014141505838558444,2,0.03497223315329917,1,1,True,0
doc_01631,4,0.4,0.5818633091008305,0.5174861165766496,0.06437719252418095,0.12440370951409951,0.5895819123774996,0.05168359550113147,0.026721157958446772,0.15158381666037235,0.016094298131045237,0,0.163726618201661,1,1,True,0
doc_01631,5,0.5,0.614326871310645,0.5818633091008305,0.0324635622098145,0.05579242014757958,0.5937060721996905,0.04807326188016247,0.04024430610671088,0.15158381666037235,0.0064927124419629,0,0.22865374262129,1,1,True,0
doc_01633,0,0.0,0.5192392380556459,0.5192392380556459,0.0,0.0,0.5192392380556459,0.0,0.0,0.0,0.0,0,0.03847847611129179,0,1,False,1
doc_01633,1,0.1,0.5796629800605664,0.5192392380556459,0.06042374200492051,0.11636975323972919,0.5494511090581061,0.030211871002460255,0.030211871002460255,0.06042374200492051,0.06042374200492051,0,0.15932596012113287,0,1,False,1
doc_01633,2,0.2,0.5257129579923543,0.5796629800605664,-0.05395002206821209,-0.09307136029728014,0.5415383920361888,0.02708739462648161,0.02708739462648161,0.06042374200492051,-0.026975011034106045,1,0.05142591598470858,0,1,False,1
doc_01633,3,0.3,0.5753708332373463,0.5257129579923543,0.04965787524499199,0.09445815342773839,0.5499965023364782,0.02765708047306587,0.02448340022536775,0.06042374200492051,0.016552625081663996,0,0.15074166647469256,0,1,False,1
doc_01633,4,0.4,0.5656483517246388,0.5753708332373463,-0.009722481512707493,-0.016897765668801065,0.5531268722141103,0.025517212671411806,0.021487119896876503,0.06042374200492051,-0.002430620378176873,1,0.13129670344927757,0,1,False,1
doc_01633,5,0.5,0.506656728262189,0.5656483517246388,-0.058991623462449794,-0.10429027731202033,0.5453818482221234,0.029026432240528262,0.030361098113718066,0.07300625179837739,-0.011798324692489958,2,0.013313456524377987,0,1,False,1
doc_01643,0,0.0,0.761543464333261,0.761543464333261,0.0,0.0,0.761543464333261,0.0,0.0,0.0,0.0,0,0.5230869286665221,0,0,True,0
doc_01643,1,0.1,0.7030297524776334,0.761543464333261,-0.05851371185562759,-0.07683568252648185,0.7322866084054472,0.029256855927813796,0.029256855927813796,0.05851371185562759,-0.05851371185562759,1,0.40605950495526694,0,0,True,0
doc_01643,2,0.2,0.6939290817032691,0.7030297524776334,-0.009100670774364383,-0.012944929773301332,0.7195007661713878,0.02995993884822001,0.02995993884822001,0.06761438262999198,-0.004550335387182192,2,0.38785816340653806,0,0,True,0
doc_01643,3,0.3,0.6304514773174935,0.6939290817032691,-0.06347760438577554,-0.09147563642954396,0.6972384439579142,0.04647613820931522,0.032283181882834196,0.13109198701576752,-0.02115920146192518,3,0.260902954634987,0,0,True,0
doc_01643,4,0.4,0.759008392125819,0.6304514773174935,0.12855691480832554,0.20391246500892035,0.7095924335914952,0.04835813662402222,0.052484498503702896,0.13109198701576752,0.032139228702081385,0,0.5180167842516381,0,0,True,0
doc_01643,5,0.5,0.6549871142546245,0.759008392125819,-0.10402127787119453,-0.13704891665275706,0.70049154703535,0.04860955148248933,0.055726817875639295,0.13109198701576752,-0.020804255574238907,1,0.30997422850924905,0,0,True,0
doc_01644,0,0.0,0.6420670626623755,0.6420670626623755,0.0,0.0,0.6420670626623755,0.0,0.0,0.0,0.0,0,0.28413412532475096,1,1,True,0
doc_01644,1,0.1,0.6089554643998172,0.6420670626623755,-0.03311159826255827,-0.05157031124639651,0.6255112635310963,0.016555799131279136,0.016555799131279136,0.03311159826255827,-0.03311159826255827,1,0.21791092879963436,1,1,True,0
doc_01644,2,0.2,0.6452334425777456,0.6089554643998172,0.03627797817792844,0.059574107301399774,0.6320853232133127,0.01640628471026259,0.01640628471026259,0.03627797817792844,0.01813898908896422,0,0.29046688515549124,1,1,True,0
doc_01644,3,0.3,0.6390384760983939,0.6452334425777456,-0.006194966479351693,-0.009601124291701988,0.633823611434583,0.014523758856310858,0.015844581629816435,0.03627797817792844,-0.0020649888264505645,1,0.27807695219678785,1,1,True,0
doc_01644,4,0.4,0.5533006119785912,0.6390384760983939,-0.08573786411980278,-0.13416698262563076,0.6177190115433846,0.0347301627936778,0.041953683847625864,0.09193283059915447,-0.021434466029950694,2,0.10660122395718236,1,1,True,0
doc_01644,5,0.5,0.6226053956408506,0.5533006119785912,0.06930478366225945,0.12525701609912743,0.6185334088929623,0.03175641229123861,0.037154602699205744,0.09193283059915447,0.01386095673245189,0,0.2452107912817012,1,1,True,0
doc_01653,0,0.0,0.7146302759811367,0.7146302759811367,0.0,0.0,0.7146302759811367,0.0,0.0,0.0,0.0,0,0.4292605519622734,1,1,True,0
doc_01653,1,0.1,0.7072481268244929,0.7146302759811367,-0.0073821491566438135,-0.01033002575563797,0.7109392014028149,0.0036910745783219068,0.0036910745783219068,0.0073821491566438135,-0.0073821491566438135,1,0.4144962536489858,1,1,True,0
doc_01653,2,0.2,0.7161068333884465,0.7072481268244929,0.0088587065639536,0.01252559918925304,0.7126617453980254,0.0038751778444386406,0.0038751778444386406,0.0088587065639536,0.0044293532819768,0,0.432213666776893,1,1,True,0
doc_01653,3,0.3,0.714580953707948,0.7161068333884465,-0.0015258796804984431,-0.0021307989385862232,0.7131415474755061,0.0034573664247784593,0.0038668870754467676,0.0088587065639536,-0.0005086265601661477,1,0.42916190741589616,1,1,True,0
doc_01653,4,0.4,0.6488409359300862,0.714580953707948,-0.06574001777786187,-0.09199799887855682,0.7002814251664221,0.02590547604840616,0.03135598331545458,0.06726589745836031,-0.016435004444465467,2,0.29768187186017236,1,1,True,0
doc_01653,5,0.5,0.5820354491387582,0.6488409359300862,-0.06680548679132803,-0.10296126999996567,0.6805737624951448,0.050012044358365065,0.054112058405950555,0.13407138424968834,-0.013361097358265605,3,0.16407089827751636,1,1,True,0
doc_01660,0,0.0,0.7212314944358658,0.7212314944358658,0.0,0.0,0.7212314944358658,0.0,0.0,0.0,0.0,0,0.4424629888717316,1,1,True,0
doc_01660,1,0.1,0.7144918926606034,0.7212314944358658,-0.006739601775262338,-0.009344574976629291,0.7178616935482346,0.003369800887631169,0.003369800887631169,0.006739601775262338,-0.006739601775262338,1,0.42898378532120685,1,1,True,0
doc_01660,2,0.2,0.6866997439080091,0.7144918926606034,-0.02779214875259428,-0.03889778042001668,0.7074743770014927,0.014945335797474939,0.014945335797474939,0.03453175052785662,-0.01389607437629714,2,0.37339948781601834,1,1,True,0
doc_01660,3,0.3,0.7231712971211779,0.6866997439080091,0.03647155321316875,0.05311135403314569,0.711398607031414,0.014619201091635352,0.015556027012981772,0.03647155321316875,0.012157184404389584,0,0.4463425942423558,1,1,True,0
doc_01660,4,0.4,0.7141426636764279,0.7231712971211779,-0.009028633444750023,-0.012484778475986918,0.7119474183604168,0.0131217989599561,0.015509152355505462,0.03647155321316875,-0.0022571583611875057,1,0.4282853273528558,1,1,True,0
doc_01660,5,0.5,0.6808063397596945,0.7141426636764279,-0.03333632391673336,-0.04668020216733301,0.7067572385936297,0.016678564187175983,0.018219697297160234,0.04236495736148338,-0.006667264783346671,2,0.361612679519389,1,1,True,0
doc_01661,0,0.0,0.7365900453775462,0.7365900453775462,0.0,0.0,0.7365900453775462,0.0,0.0,0.0,0.0,0,0.47318009075509254,1,1,True,0
doc_01661,1,0.1,0.740917507148501,0.7365900453775462,0.004327461770954777,0.005874993557286937,0.7387537762630236,0.0021637308854773885,0.0021637308854773885,0.004327461770954777,0.004327461770954777,0,0.48183501429700204,1,1,True,0
doc_01661,2,0.2,0.7762557873408259,0.740917507148501,0.03533828019232488,0.047695296509226735,0.751254446622291,0.01776667310139915,0.01776667310139915,0.039665741963279655,0.01766914009616244,0,0.5525115746816518,1,1,True,0
doc_01661,3,0.3,0.7462972665444418,0.7762557873408259,-0.02995852079638406,-0.03859361989301389,0.7500151516028287,0.015535397042070642,0.015546520962785105,0.039665741963279655,-0.009986173598794687,1,0.49259453308888373,1,1,True,0
doc_01661,4,0.4,0.7265422193087901,0.7462972665444418,-0.01975504723565169,-0.026470748482200532,0.745320565144021,0.01677007504696103,0.02043747567056942,0.04971356803203575,-0.004938761808912923,2,0.45308443861758035,1,1,True,0
doc_01661,5,0.5,0.6538265777631661,0.7265422193087901,-0.07271564154562404,-0.10008453688321577,0.7300715672472119,0.037376764598500284,0.039761308245241614,0.12242920957765979,-0.014543128309124808,3,0.3076531555263322,1,1,True,0
doc_01667,0,0.0,0.751247177696811,0.751247177696811,0.0,0.0,0.751247177696811,0.0,0.0,0.0,0.0,0,0.5024943553936221,1,1,True,0
doc_01667,1,0.1,0.7339414318233438,0.751247177696811,-0.017305745873467226,-0.02303602114888942,0.7425943047600774,0.008652872936733613,0.008652872936733613,0.017305745873467226,-0.017305745873467226,1,0.46788286364668763,1,1,True,0
doc_01667,2,0.2,0.7459108657922436,0.7339414318233438,0.011969433968899823,0.01630843204908591,0.7436998251041328,0.007235962767207421,0.007235962767207421,0.017305745873467226,0.0059847169844499115,0,0.49182173158448733,1,1,True,0
doc_01667,3,0.3,0.5954915295153549,0.7459108657922436,-0.15041933627688875,-0.2016585937746409,0.7066477512069382,0.06448129890228478,0.0682622553299709,0.15575564818145615,-0.050139778758962916,1,0.19098305903070978,1,1,True,0
doc_01667,4,0.4,0.6293321624333078,0.5954915295153549,0.03384063291795292,0.0568280676393405,0.6911846334522121,0.06544235913601172,0.0644306338795781,0.15575564818145615,0.00846015822948823,0,0.2586643248666156,1,1,True,0
doc_01667,5,0.5,0.6014287016671572,0.6293321624333078,-0.02790346076615058,-0.04433820871042419,0.6762253114880363,0.06846769463923587,0.014753687193285618,0.15575564818145615,-0.005580692153230116,1,0.2028574033343145,1,1,True,0
doc_01674,0,0.0,0.572299880268172,0.572299880268172,0.0,0.0,0.572299880268172,0.0,0.0,0.0,0.0,0,0.14459976053634405,0,1,False,1
doc_01674,1,0.1,0.5612656619738822,0.572299880268172,-0.011034218294289855,-0.019280483317800745,0.5667827711210272,0.005517109147144927,0.005517109147144927,0.011034218294289855,-0.011034218294289855,1,0.12253132394776439,0,1,False,1
doc_01674,2,0.2,0.5892232560355957,0.5612656619738822,0.027957594061713498,0.04981169516658311,0.5742629327592167,0.011497737393123245,0.011497737393123245,0.027957594061713498,0.013978797030856749,0,0.17844651207119128,0,1,False,1
doc_01674,3,0.3,0.5181675577189284,0.5892232560355957,-0.07105569831666725,-0.12059214837300089,0.5602390889991447,0.02625172480603234,0.029227053524203014,0.07105569831666725,-0.023685232772222415,1,0.036335115437856835,0,1,False,1
doc_01674,4,0.4,0.5941604682968833,0.5181675577189284,0.07599291057795488,0.14665702135519645,0.5670233648586924,0.02711877652083685,0.03471824814175342,0.07599291057795488,0.01899822764448872,0,0.18832093659376659,0,1,False,1
doc_01674,5,0.5,0.5970680896577988,0.5941604682968833,0.002907621360915491,0.004893663439524967,0.5720308189918768,0.027170382486615303,0.03652802677446487,0.07890053193887037,0.0005815242721830983,0,0.19413617931559757,0,1,False,1
doc_01679,0,0.0,0.6339275691100907,0.6339275691100907,0.0,0.0,0.6339275691100907,0.0,0.0,0.0,0.0,0,0.2678551382201814,0,0,True,0
doc_01679,1,0.1,0.6094161305896535,0.6339275691100907,-0.024511438520437245,-0.03866599232282399,0.6216718498498721,0.012255719260218623,0.012255719260218623,0.024511438520437245,-0.024511438520437245,1,0.21883226117930699,0,0,True,0
doc_01679,2,0.2,0.5589475895779834,0.6094161305896535,-0.05046854101167009,-0.08281458018322913,0.6007637630925758,0.031215881963483186,0.031215881963483186,0.07497997953210733,-0.025234270505835044,2,0.11789517915596692,0,0,True,0
doc_01679,3,0.3,0.6007901472871803,0.5589475895779834,0.04184255770919687,0.07485953690360994,0.600770359141227,0.027033749195998685,0.022041074926974772,0.07497997953210733,0.013947519236398956,0,0.20158029457436055,0,0,True,0
doc_01679,4,0.4,0.5638639263491965,0.6007901472871803,-0.03692622093798381,-0.06146276050751032,0.5933890725828209,0.02833006250439547,0.018674152652667763,0.07497997953210733,-0.009231555234495953,1,0.12772785269839299,0,0,True,0
doc_01679,5,0.5,0.6940395650204703,0.5638639263491965,0.1301756386712738,0.23086356936169217,0.6101641546557625,0.045561430260203886,0.054777019313488315,0.13509197544248686,0.02603512773425476,0,0.38807913004094047,0,0,True,0
doc_01683,0,0.0,0.7199928451319842,0.7199928451319842,0.0,0.0,0.7199928451319842,0.0,0.0,0.0,0.0,0,0.43998569026396855,1,1,True,0
doc_01683,1,0.1,0.7518769073149311,0.7199928451319842,0.031884062182946815,0.044283859761275884,0.7359348762234577,0.015942031091473408,0.015942031091473408,0.031884062182946815,0.031884062182946815,0,0.5037538146298621,1,1,True,0
doc_01683,2,0.2,0.6985469779574641,0.7518769073149311,-0.05332992935746694,-0.07092906942429764,0.7234722434681266,0.021910423712687768,0.021910423712687768,0.05332992935746694,-0.02666496467873347,1,0.39709395591492824,1,1,True,0
doc_01683,3,0.3,0.7213496514999648,0.6985469779574641,0.02280267354250065,0.03264300650068684,0.722941595476086,0.01899723038567734,0.021847849203959713,0.05332992935746694,0.007600891180833551,0,0.44269930299992954,1,1,True,0
doc_01683,4,0.4,0.6610409843377766,0.7213496514999648,-0.06030866716218819,-0.08360531822089767,0.7105614732484241,0.03002974384420544,0.02486362093270116,0.09083592297715448,-0.015077166790547047,1,0.32208196867555317,1,1,True,0
doc_01683,5,0.5,0.7102851647982793,0.6610409843377766,0.04924418046050272,0.07449489763457705,0.7105154218400666,0.027413473568999248,0.026213964705176025,0.09083592297715448,0.009848836092100544,0,0.4205703295965586,1,1,True,0
doc_01684,0,0.0,0.6791630828496594,0.6791630828496594,0.0,0.0,0.6791630828496594,0.0,0.0,0.0,0.0,0,0.35832616569931885,1,1,True,0
doc_01684,1,0.1,0.6918516258260597,0.6791630828496594,0.012688542976400319,0.018682615850027104,0.6855073543378596,0.006344271488200159,0.006344271488200159,0.012688542976400319,0.012688542976400319,0,0.38370325165211955,1,1,True,0
doc_01684,2,0.2,0.6415440154282488,0.6918516258260597,-0.05030761039781095,-0.07271444991943825,0.670852908034656,0.0213620874460093,0.0213620874460093,0.05030761039781095,-0.025153805198905477,1,0.2830880308564976,1,1,True,0
doc_01684,3,0.3,0.6640001773930857,0.6415440154282488,0.022456161964836907,0.035003306748714325,0.6691397253742635,0.01873657037778847,0.020577328554459415,0.05030761039781095,0.007485387321612302,0,0.3280003547861714,1,1,True,0
doc_01684,4,0.4,0.665258404552596,0.6640001773930857,0.0012582271595102945,0.0018949199147057284,0.66836346120993,0.016830258459951522,0.010894619453437013,0.05030761039781095,0.00031455678987757363,0,0.330516809105192,1,1,True,0
doc_01684,5,0.5,0.6371870351300833,0.665258404552596,-0.02807136942251265,-0.04219618907541858,0.6631673901966222,0.01926249645643041,0.012946597643379817,0.0546645906959764,-0.00561427388450253,1,0.27437407026016675,1,1,True,0
doc_01685,0,0.0,0.6709849754366827,0.6709849754366827,0.0,0.0,0.6709849754366827,0.0,0.0,0.0,0.0,0,0.34196995087336535,1,1,True,0
doc_01685,1,0.1,0.6069532333878002,0.6709849754366827,-0.06403174204888251,-0.09542947218335271,0.6389691044122414,0.032015871024441256,0.032015871024441256,0.06403174204888251,-0.06403174204888251,1,0.21390646677560038,1,1,True,0
doc_01685,2,0.2,0.5752567817002646,0.6069532333878002,-0.03169645168753554,-0.052222230550807124,0.6177316635082492,0.039817104246838014,0.039817104246838014,0.09572819373641805,-0.01584822584376777,2,0.15051356340052924,1,1,True,0
doc_01685,3,0.3,0.5684599881071773,0.5752567817002646,-0.006796793593087269,-0.011815234186371945,0.6054137446579811,0.04054928750740306,0.01677495283968035,0.10252498732950532,-0.002265597864362423,3,0.13691997621435475,1,1,True,0
doc_01685,4,0.4,0.6063723498253268,0.5684599881071773,0.03791236171814949,0.06669310507567597,0.6056054656914502,0.03627041220754356,0.01650495600297151,0.10252498732950532,0.009478090429537372,0,0.21274469965065373,1,1,True,0
doc_01685,5,0.5,0.5056467037190304,0.6063723498253268,-0.10072564610629642,-0.16611187191386895,0.5889456720293803,0.04984003704253579,0.04153781630461693,0.16533827171765225,-0.020145129221259283,1,0.011293407438060843,1,1,True,0
doc_01698,0,0.0,0.5199489397711945,0.5199489397711945,0.0,0.0,0.5199489397711945,0.0,0.0,0.0,0.0,0,0.03989787954238899,0,1,False,1
doc_01698,1,0.1,0.5321318660874367,0.5199489397711945,0.012182926316242182,0.02343100520909481,0.5260404029293155,0.006091463158121091,0.006091463158121091,0.012182926316242182,0.012182926316242182,0,0.06426373217487336,0,1,False,1
doc_01698,2,0.2,0.5690454089029551,0.5321318660874367,0.036913542815518396,0.0693691642391756,0.5403754049205287,0.020873951385574678,0.020873951385574678,0.04909646913176058,0.018456771407759198,0,0.13809081780591015,0,1,False,1
doc_01698,3,0.3,0.5369525346807349,0.5690454089029551,-0.03209287422222018,-0.056397738598912575,0.5395196873605803,0.018138030280675843,0.016383599742570365,0.04909646913176058,-0.01069762474074006,1,0.0739050693614699,0,1,False,1
doc_01698,4,0.4,0.5042494273619009,0.5369525346807349,-0.03270310731883397,-0.060905024572197645,0.5324656353608445,0.021499514237072467,0.02645323972601685,0.06479598154105415,-0.008175776829708492,2,0.008498854723801852,0,1,False,1
doc_01698,5,0.5,0.6780841109986226,0.5042494273619009,0.17383468363672172,0.3447394765447303,0.5567353813004742,0.05770869749782896,0.0754292253244045,0.17383468363672172,0.03476693672734434,0,0.35616822199724535,0,1,False,1
doc_01700,0,0.0,0.6338388558145066,0.6338388558145066,0.0,0.0,0.6338388558145066,0.0,0.0,0.0,0.0,0,0.2676777116290132,1,1,True,0
doc_01700,1,0.1,0.6816796281204391,0.6338388558145066,0.04784077230593253,0.07547781564204573,0.6577592419674729,0.023920386152966266,0.023920386152966266,0.04784077230593253,0.04784077230593253,0,0.36335925624087834,1,1,True,0
doc_01700,2,0.2,0.6334001257457432,0.6816796281204391,-0.048279502374695915,-0.07082432917617701,0.6496395365602297,0.022656474003519972,0.022656474003519972,0.048279502374695915,-0.024139751187347958,1,0.26680025149148645,1,1,True,0
doc_01700,3,0.3,0.6118457538487464,0.6334001257457432,-0.021554371896996827,-0.034029629961976185,0.6401910908823588,0.025550073148371988,0.029197167467670756,0.06983387427169274,-0.007184790632332276,2,0.2236915076974928,1,1,True,0
doc_01700,4,0.4,0.616888636277724,0.6118457538487464,0.0050428824289775465,0.008242081271719002,0.6355305999614318,0.024680471891880402,0.009205378231827599,0.06983387427169274,0.0012607206072443866,0,0.23377727255544795,1,1,True,0
doc_01700,5,0.5,0.5672306718435915,0.616888636277724,-0.049657964434132396,-0.08049745369563968,0.6241472786084584,0.033992716412934915,0.02231553927264522,0.11444895627684759,-0.00993159288682648,1,0.13446134368718315,1,1,True,0
doc_01701,0,0.0,0.6163779569777594,0.6163779569777594,0.0,0.0,0.6163779569777594,0.0,0.0,0.0,0.0,0,0.23275591395551892,0,0,True,0
doc_01701,1,0.1,0.6207222879255849,0.6163779569777594,0.004344330947825492,0.007048160789407086,0.6185501224516722,0.002172165473912746,0.002172165473912746,0.004344330947825492,0.004344330947825492,0,0.24144457585116985,0,0,True,0
doc_01701,2,0.2,0.6578758697050399,0.6207222879255849,0.037153581779454936,0.05985540152524551,0.6316587048694614,0.01862298046067416,0.01862298046067416,0.04149791272728043,0.018576790889727468,0,0.3157517394100798,0,0,True,0
doc_01701,3,0.3,0.7084605506656604,0.6578758697050399,0.05058468096062052,0.07689092014166787,0.6508591663185112,0.03696058320019213,0.035958620254671315,0.09208259368790095,0.01686156032020684,0,0.41692110133132076,0,0,True,0
doc_01701,4,0.4,0.6691132304251435,0.7084605506656604,-0.0393473202405169,-0.055539183097134584,0.6545099791398377,0.033855302471313214,0.021687937850722674,0.09208259368790095,-0.009836830060129226,1,0.33822646085028696,0,0,True,0
doc_01701,5,0.5,0.6595919349205976,0.6691132304251435,-0.009521295504545835,-0.01422972237224507,0.6553569717699643,0.030963498463473627,0.02115290440534052,0.09208259368790095,-0.001904259100909167,2,0.31918386984119534,0,0,True,0
doc_01708,0,0.0,0.571511080356273,0.571511080356273,0.0,0.0,0.571511080356273,0.0,0.0,0.0,0.0,0,0.14302216071254598,1,0,False,1
doc_01708,1,0.1,0.5544150760995935,0.571511080356273,-0.017096004256679453,-0.029913688193100325,0.5629630782279332,0.008548002128339727,0.008548002128339727,0.017096004256679453,-0.017096004256679453,1,0.10883015219918701,1,0,False,1
doc_01708,2,0.2,0.5752877724712874,0.5544150760995935,0.020872696371693866,0.03764813994333797,0.5670713096423846,0.009081153981374688,0.009081153981374688,0.020872696371693866,0.010436348185846933,0,0.15057554494257475,1,0,False,1
doc_01708,3,0.3,0.5582323026888243,0.5752877724712874,-0.017055469782463084,-0.029646849105096046,0.5648615579039946,0.008746400771805052,0.009074565934883694,0.020872696371693866,-0.005685156594154361,1,0.11646460537764858,1,0,False,1
doc_01708,4,0.4,0.5091775937200205,0.5582323026888243,-0.04905470896880382,-0.08787508127445001,0.5537247650671998,0.02360746153078646,0.02802342126793034,0.0661101787512669,-0.012263677242200954,2,0.018355187440041,1,0,False,1
doc_01708,5,0.5,0.6161972694018796,0.5091775937200205,0.1070196756818591,0.21018143178685433,0.5641368491229798,0.03172513732877196,0.043741047110758,0.1070196756818591,0.021403935136371822,0,0.23239453880375915,1,0,False,1
doc_01710,0,0.0,0.6397722368821092,0.6397722368821092,0.0,0.0,0.6397722368821092,0.0,0.0,0.0,0.0,0,0.27954447376421837,1,0,False,1
doc_01710,1,0.1,0.6642097212303004,0.6397722368821092,0.024437484348191263,0.038197162895479565,0.6519909790562048,0.012218742174095631,0.012218742174095631,0.024437484348191263,0.024437484348191263,0,0.32841944246060084,1,0,False,1
doc_01710,2,0.2,0.6189957950501714,0.6642097212303004,-0.04521392618012898,-0.06807176217833769,0.640992584387527,0.01847866727122608,0.01847866727122608,0.04521392618012898,-0.02260696309006449,1,0.23799159010034293,1,0,False,1
doc_01710,3,0.3,0.6321985341048788,0.6189957950501714,0.013202739054707369,0.021329287145863806,0.638794071816865,0.01644980944146736,0.01898340661486472,0.04521392618012898,0.00440091301823579,0,0.2643970682097576,1,0,False,1
doc_01710,4,0.4,0.6547683963108145,0.6321985341048788,0.02256986220593571,0.035700592437931014,0.6419889367156549,0.016040749091440536,0.014770052281162955,0.04521392618012898,0.005642465551483927,0,0.30953679262162903,1,0,False,1
doc_01710,5,0.5,0.600282233100227,0.6547683963108145,-0.054486163210587524,-0.08321440606721538,0.6350378194464169,0.02135442614461034,0.022352705357580435,0.06392748813007343,-0.010897232642117505,1,0.20056446620045398,1,0,False,1
doc_01712,0,0.0,0.5222366671975575,0.5222366671975575,0.0,0.0,0.5222366671975575,0.0,0.0,0.0,0.0,0,0.04447333439511497,0,0,True,0
doc_01712,1,0.1,0.5413505479590717,0.5222366671975575,0.019113880761514213,0.03660003588810359,0.5317936075783145,0.009556940380757106,0.009556940380757106,0.019113880761514213,0.019113880761514213,0,0.0827010959181434,0,0,True,0
doc_01712,2,0.2,0.5802969577789387,0.5413505479590717,0.03894640981986708,0.07194305051818584,0.5479613909785226,0.02415956359525113,0.02415956359525113,0.05806029058138129,0.01947320490993354,0,0.16059391555787744,0,0,True,0
doc_01712,3,0.3,0.5400651484958914,0.5802969577789387,-0.04023180928304737,-0.06932969188229568,0.5459873303578648,0.021200333271834047,0.018669861535594617,0.05806029058138129,-0.013410603094349124,1,0.08013029699178287,0,0,True,0
doc_01712,4,0.4,0.5397988166523093,0.5400651484958914,-0.0002663318435820461,-0.0004931476217708062,0.5447496276167538,0.019123047272097682,0.019028542437176364,0.05806029058138129,-6.658296089551152e-05,2,0.07959763330461872,0,0,True,0
doc_01712,5,0.5,0.5637904380358941,0.5397988166523093,0.023991621383584794,0.044445487176823645,0.5479230960199438,0.018844016451010758,0.011247509319455538,0.05806029058138129,0.004798324276716959,0,0.12758087607178825,0,0,True,0
doc_01720,0,0.0,0.7545468783741633,0.7545468783741633,0.0,0.0,0.7545468783741633,0.0,0.0,0.0,0.0,0,0.5090937567483267,1,1,True,0
doc_01720,1,0.1,0.7381400362167025,0.7545468783741633,-0.0164068421574608,-0.021743966647656057,0.7463434572954329,0.0082034210787304,0.0082034210787304,0.0164068421574608,-0.0164068421574608,1,0.47628007243340514,1,1,True,0
doc_01720,2,0.2,0.710239774669374,0.7381400362167025,-0.027900261547328498,-0.03779806023031863,0.7343088964200799,0.018290035242952873,0.018290035242952873,0.0443071037047893,-0.013950130773664249,2,0.42047954933874815,1,1,True,0
doc_01720,3,0.3,0.722959911248507,0.710239774669374,0.012720136579132957,0.017909637044833695,0.7314716501271867,0.01658444878405529,0.011404982649171697,0.0443071037047893,0.004240045526377652,0,0.445919822497014,1,1,True,0
doc_01720,4,0.4,0.6973247881421323,0.722959911248507,-0.025635123106374724,-0.03545856790607443,0.7246422777301758,0.02016423721654205,0.010465595955158237,0.057222090232031064,-0.006408780776593681,1,0.39464957628426456,1,1,True,0
doc_01720,5,0.5,0.6633059012198045,0.6973247881421323,-0.034018886922327796,-0.048784852483107044,0.7144195483117807,0.02934878820745584,0.024433686028872453,0.09124097715435886,-0.006803777384465559,2,0.32661180243960897,1,1,True,0
doc_01728,0,0.0,0.6425310144652484,0.6425310144652484,0.0,0.0,0.6425310144652484,0.0,0.0,0.0,0.0,0,0.2850620289304968,1,1,True,0
doc_01728,1,0.1,0.594756210848453,0.6425310144652484,-0.047774803616795425,-0.0743540818127766,0.6186436126568506,0.023887401808397712,0.023887401808397712,0.047774803616795425,-0.047774803616795425,1,0.18951242169690596,1,1,True,0
doc_01728,2,0.2,0.6550714069381409,0.594756210848453,0.06031519608968794,0.1014116288145103,0.630786210750614,0.02598635578601256,0.02598635578601256,0.06031519608968794,0.03015759804484397,0,0.31014281387628184,1,1,True,0
doc_01728,3,0.3,0.5574257084106028,0.6550714069381409,-0.09764569852753813,-0.14906115194974295,0.6124460851656113,0.03893004796682053,0.04023013206337689,0.09764569852753813,-0.03254856617584604,1,0.11485141682120559,1,1,True,0
doc_01728,4,0.4,0.5573809265902696,0.5574257084106028,-4.478182033318401e-05,-8.033684069016329e-05,0.601433053450543,0.04120177639359208,0.04604118252769908,0.09769048034787131,-1.1195455083296002e-05,2,0.11476185318053922,1,1,True,0
doc_01728,5,0.5,0.5051719493427084,0.5573809265902696,-0.05220897724756124,-0.09366839580777407,0.5853895360992372,0.05197718307101568,0.02462210986395348,0.14989945759543255,-0.010441795449512247,3,0.010343898685416797,1,1,True,0
doc_01730,0,0.0,0.7310138554257597,0.7310138554257597,0.0,0.0,0.7310138554257597,0.0,0.0,0.0,0.0,0,0.4620277108515195,0,0,True,0
doc_01730,1,0.1,0.7508821642322802,0.7310138554257597,0.019868308806520463,0.027179113855439432,0.74094800982902,0.009934154403260231,0.009934154403260231,0.019868308806520463,0.019868308806520463,0,0.5017643284645603,0,0,True,0
doc_01730,2,0.2,0.6370323599281885,0.7508821642322802,-0.11384980430409164,-0.15162139910527025,0.7063094598620762,0.04965329700463137,0.04965329700463137,0.11384980430409164,-0.05692490215204582,1,0.27406471985637704,0,0,True,0
doc_01730,3,0.3,0.7533035738217675,0.6370323599281885,0.11627121389357897,0.18252010605346017,0.7180579883519991,0.047572798872971375,0.05424905154804953,0.11627121389357897,0.03875707129785966,0,0.5066071476435351,0,0,True,0
doc_01730,4,0.4,0.6036109818381317,0.7533035738217675,-0.14969259198363583,-0.1987148304954853,0.6951685870492256,0.06249988577656906,0.06415593485017942,0.14969259198363583,-0.037423147995908956,1,0.2072219636762634,0,0,True,0
doc_01730,5,0.5,0.8534271901287395,0.6036109818381317,0.2498162082906078,0.4138695547417992,0.7215450208958112,0.08205959875228916,0.10265408394855963,0.2498162082906078,0.04996324165812156,0,0.7068543802574789,0,0,True,0
doc_01731,0,0.0,0.6117455030653314,0.6117455030653314,0.0,0.0,0.6117455030653314,0.0,0.0,0.0,0.0,0,0.22349100613066275,1,1,True,0
doc_01731,1,0.1,0.5231451101096971,0.6117455030653314,-0.08860039295563427,-0.14483211157528064,0.5674453065875142,0.04430019647781713,0.04430019647781713,0.08860039295563427,-0.08860039295563427,1,0.04629022021939422,1,1,True,0
doc_01731,2,0.2,0.5093124124226966,0.5231451101096971,-0.013832697687000461,-0.02644141638655461,0.5480676751992417,0.045379769373826304,0.045379769373826304,0.10243309064263473,-0.006916348843500231,2,0.01862482484539335,0,1,False,1
doc_01731,3,0.3,0.5587126789108743,0.5093124124226966,0.049400266488177635,0.09699403604398822,0.5507289261271499,0.03956942469660285,0.020808069494601223,0.10243309064263473,0.01646675549605921,0,0.11742535782174857,1,1,True,0
doc_01731,4,0.4,0.5004254432554488,0.5587126789108743,-0.058287235655425484,-0.10432416849577786,0.5406682295528096,0.040711938775988825,0.025640173318953307,0.11132005980988258,-0.014571808913856371,1,0.0008508865108975971,1,1,True,0
doc_01731,5,0.5,0.5299660596665755,0.5004254432554488,0.029540616411126708,0.05903100413710841,0.5388845345717707,0.03737815054293267,0.023796400232614832,0.11132005980988258,0.0059081232822253416,0,0.05993211933315101,1,1,True,0
doc_01735,0,0.0,0.8889615327711076,0.8889615327711076,0.0,0.0,0.8889615327711076,0.0,0.0,0.0,0.0,0,0.7779230655422151,1,1,True,0
doc_01735,1,0.1,0.867407479978571,0.8889615327711076,-0.021554052792536527,-0.024246327875793842,0.8781845063748392,0.010777026396268263,0.010777026396268263,0.021554052792536527,-0.021554052792536527,1,0.7348149599571421,1,1,True,0
doc_01735,2,0.2,0.8769540804737437,0.867407479978571,0.009546600495172641,0.011005900589430571,0.8777743644078074,0.008818501280271503,0.008818501280271503,0.021554052792536527,0.004773300247586321,0,0.7539081609474874,1,1,True,0
doc_01735,3,0.3,0.8645768410396536,0.8769540804737437,-0.012377239434090082,-0.014113896850110684,0.8744749835657689,0.009538459804656296,0.005295135648516798,0.024384691731453967,-0.0041257464780300275,1,0.7291536820793072,1,1,True,0
doc_01735,4,0.4,0.8646154157649281,0.8645768410396536,3.857472527446504e-05,4.461688475032356e-05,0.8725030700056008,0.009398911889742114,0.00582561575967913,0.024384691731453967,9.64368131861626e-06,0,0.7292308315298561,1,1,True,0
doc_01735,5,0.5,0.8829677750525659,0.8646154157649281,0.018352359287637787,0.02122603755728944,0.8742471875134283,0.009424755522815007,0.008660491603311542,0.024384691731453967,0.0036704718575275574,0,0.7659355501051317,1,1,True,0
doc_01741,0,0.0,0.6608867417144114,0.6608867417144114,0.0,0.0,0.6608867417144114,0.0,0.0,0.0,0.0,0,0.32177348342882284,1,1,True,0
doc_01741,1,0.1,0.6589077950012499,0.6608867417144114,-0.001978946713161567,-0.002994381016069358,0.6598972683578306,0.0009894733565807834,0.0009894733565807834,0.001978946713161567,-0.001978946713161567,1,0.31781559000249976,1,1,True,0
doc_01741,2,0.2,0.6748893277327626,0.6589077950012499,0.015981532731512704,0.02425458137353253,0.6648946214828079,0.007113352340987316,0.007113352340987316,0.015981532731512704,0.007990766365756352,0,0.34977865546552517,1,1,True,0
doc_01741,3,0.3,0.6541872232001216,0.6748893277327626,-0.020702104532640986,-0.030674813901989045,0.6622177719121363,0.0077101496105644,0.00885858227093562,0.020702104532640986,-0.006900701510880329,1,0.3083744464002432,1,1,True,0
doc_01741,4,0.4,0.6245329399901881,0.6541872232001216,-0.029654283209933463,-0.04532996389760116,0.6546808055277467,0.016576506710749023,0.02066591243584963,0.05035638774257445,-0.007413570802483366,2,0.24906587998037621,1,1,True,0
doc_01741,5,0.5,0.6107944491105805,0.6245329399901881,-0.013738490879607657,-0.021998024443392047,0.6473664127915523,0.022281954980941897,0.01810787271244182,0.0640948786221821,-0.0027476981759215315,3,0.22158889822116096,1,1,True,0
doc_01742,0,0.0,0.750202013706716,0.750202013706716,0.0,0.0,0.750202013706716,0.0,0.0,0.0,0.0,0,0.5004040274134322,1,1,True,0
doc_01742,1,0.1,0.7131968842589053,0.750202013706716,-0.03700512944781076,-0.049326886320885756,0.7316994489828106,0.01850256472390538,0.01850256472390538,0.03700512944781076,-0.03700512944781076,1,0.4263937685178106,1,1,True,0
doc_01742,2,0.2,0.731383294401397,0.7131968842589053,0.018186410142491782,0.025499845195467424,0.7315940641223394,0.015108015957734873,0.015108015957734873,0.03700512944781076,0.009093205071245891,0,0.46276658880279414,1,1,True,0
doc_01742,3,0.3,0.6799142868866477,0.731383294401397,-0.051469007514749365,-0.0703721399008359,0.7186741198134166,0.025922268274041715,0.021311279059242218,0.07028772682006834,-0.017156335838249787,1,0.35982857377329536,1,1,True,0
doc_01742,4,0.4,0.6668911168149155,0.6799142868866477,-0.013023170071732149,-0.019154135047471526,0.7083175192137163,0.03109031839502377,0.027844613808133432,0.08331089689180049,-0.003255792517933037,2,0.3337822336298311,1,1,True,0
doc_01742,5,0.5,0.6983528464017363,0.6668911168149155,0.03146172958682081,0.04717671115051377,0.7066567404117197,0.028623373538638575,0.012907464955955449,0.08331089689180049,0.006292345917364162,0,0.39670569280347273,1,1,True,0
doc_01744,0,0.0,0.5348665578800517,0.5348665578800517,0.0,0.0,0.5348665578800517,0.0,0.0,0.0,0.0,0,0.06973311576010338,1,0,False,1
doc_01744,1,0.1,0.5467175618423583,0.5348665578800517,0.01185100396230665,0.02215693575847817,0.540792059861205,0.005925501981153325,0.005925501981153325,0.01185100396230665,0.01185100396230665,0,0.09343512368471663,1,0,False,1
doc_01744,2,0.2,0.543282436658056,0.5467175618423583,-0.0034351251843023345,-0.006283180611075423,0.5416221854601554,0.004978547261919546,0.004978547261919546,0.01185100396230665,-0.0017175625921511672,1,0.08656487331611196,1,0,False,1
doc_01744,3,0.3,0.5262810640914406,0.543282436658056,-0.01700137256661538,-0.03129380119703024,0.5377869051179767,0.007919442880574466,0.008934932658478773,0.020436497750917715,-0.005667124188871793,2,0.052562128182881196,1,0,False,1
doc_01744,4,0.4,0.5257715134379709,0.5262810640914406,-0.0005095506534696925,-0.0009682101223789402,0.5353838267819755,0.008559976774897081,0.008137285535914486,0.020946048404387407,-0.00012738766336742313,3,0.05154302687594181,1,0,False,1
doc_01744,5,0.5,0.5122254113249342,0.5257715134379709,-0.013546102113036751,-0.025764237443105374,0.5315240908724687,0.011642543040275441,0.006509120942679591,0.03449215051742416,-0.00270922042260735,4,0.024450822649868365,1,0,False,1
doc_01747,0,0.0,0.8942260030808329,0.8942260030808329,0.0,0.0,0.8942260030808329,0.0,0.0,0.0,0.0,0,0.7884520061616658,1,1,True,0
doc_01747,1,0.1,0.8818590200289537,0.8942260030808329,-0.012366983051879221,-0.013829818199506459,0.8880425115548933,0.006183491525939611,0.006183491525939611,0.012366983051879221,-0.012366983051879221,1,0.7637180400579073,1,1,True,0
doc_01747,2,0.2,0.8473671694251121,0.8818590200289537,-0.03449185060384152,-0.039112658396020114,0.8744840641782995,0.019828095441283135,0.019828095441283135,0.046858833655720744,-0.01724592530192076,2,0.6947343388502243,1,1,True,0
doc_01747,3,0.3,0.8553477835556089,0.8473671694251121,0.007980614130496777,0.009418129965916835,0.8696999940226269,0.01906638425042012,0.014743072268859072,0.046858833655720744,0.0026602047101655923,0,0.710695567111218,1,1,True,0
doc_01747,4,0.4,0.8223912718633231,0.8553477835556089,-0.03295651169228586,-0.038529955096497016,0.8602382495907662,0.025473908955696765,0.014038112107325865,0.07183473121750983,-0.008239127923071465,1,0.6447825437266461,1,1,True,0
doc_01747,5,0.5,0.8429217160734536,0.8223912718633231,0.020530444210130505,0.024964326486118828,0.8573521606712141,0.024133260122917777,0.01358936657611439,0.07183473121750983,0.004106088842026101,0,0.6858434321469071,1,1,True,0
doc_01749,0,0.0,0.7286679549383599,0.7286679549383599,0.0,0.0,0.7286679549383599,0.0,0.0,0.0,0.0,0,0.4573359098767198,1,0,False,1
doc_01749,1,0.1,0.7623692731565161,0.7286679549383599,0.03370131821815625,0.046250583670867124,0.745518614047438,0.016850659109078125,0.016850659109078125,0.03370131821815625,0.03370131821815625,0,0.5247385463130323,1,0,False,1
doc_01749,2,0.2,0.7532124089064286,0.7623692731565161,-0.009156864250087549,-0.012011061532129224,0.7480832123337682,0.014228520783297676,0.014228520783297676,0.03370131821815625,-0.004578432125043774,1,0.5064248178128572,1,0,False,1
doc_01749,3,0.3,0.7319612855238523,0.7532124089064286,-0.021251123382576287,-0.02821398470244309,0.7440527306312892,0.014162360361980764,0.012737102931480877,0.03370131821815625,-0.007083707794192096,2,0.4639225710477046,1,0,False,1
doc_01749,4,0.4,0.7516399542510772,0.7319612855238523,0.0196786687272249,0.02688484912578568,0.7455701753552468,0.013025686729656524,0.009668579474775646,0.03370131821815625,0.004919667181806225,0,0.5032799085021544,1,0,False,1
doc_01749,5,0.5,0.7352662122068471,0.7516399542510772,-0.016373742044230144,-0.021784022990827698,0.7438528481638468,0.012495458870895197,0.008604081536539764,0.03370131821815625,-0.0032747484088460287,1,0.4705324244136942,1,0,False,1
