input_id,experiment_id,model_version,step,corruption_level,predicted_class,actual_class,correct,confidence,proba_class0,proba_class1
doc_00947,corruption_sequence_v1,tfidf_logreg_v1,0,0.0,1,1,True,0.719348323777944,0.280651676222056,0.719348323777944
doc_00947,corruption_sequence_v1,tfidf_logreg_v1,1,0.1,1,1,True,0.7598577426546966,0.24014225734530337,0.7598577426546966
doc_00947,corruption_sequence_v1,tfidf_logreg_v1,2,0.2,1,1,True,0.7159600643832922,0.2840399356167078,0.7159600643832922
doc_00947,corruption_sequence_v1,tfidf_logreg_v1,3,0.3,1,1,True,0.7794361060355068,0.22056389396449316,0.7794361060355068
doc_00947,corruption_sequence_v1,tfidf_logreg_v1,4,0.4,1,1,True,0.7344941942241091,0.2655058057758909,0.7344941942241091
doc_00947,corruption_sequence_v1,tfidf_logreg_v1,5,0.5,1,1,True,0.6502463778199943,0.3497536221800057,0.6502463778199943
doc_00379,corruption_sequence_v1,tfidf_logreg_v1,0,0.0,1,1,True,0.6512630241838301,0.3487369758161699,0.6512630241838301
doc_00379,corruption_sequence_v1,tfidf_logreg_v1,1,0.1,1,1,True,0.6223756613443574,0.3776243386556426,0.6223756613443574
doc_00379,corruption_sequence_v1,tfidf_logreg_v1,2,0.2,1,1,True,0.6394776906621263,0.36052230933787366,0.6394776906621263
doc_00379,corruption_sequence_v1,tfidf_logreg_v1,3,0.3,1,1,True,0.5542230207739759,0.4457769792260241,0.5542230207739759
doc_00379,corruption_sequence_v1,tfidf_logreg_v1,4,0.4,1,1,True,0.660040219646451,0.339959780353549,0.660040219646451
doc_00379,corruption_sequence_v1,tfidf_logreg_v1,5,0.5,1,1,True,0.6133815625503427,0.3866184374496573,0.6133815625503427
doc_00862,corruption_sequence_v1,tfidf_logreg_v1,0,0.0,1,0,False,0.6549619512574901,0.3450380487425099,0.6549619512574901
doc_00862,corruption_sequence_v1,tfidf_logreg_v1,1,0.1,1,0,False,0.6341140263683486,0.36588597363165143,0.6341140263683486
doc_00862,corruption_sequence_v1,tfidf_logreg_v1,2,0.2,1,0,False,0.6025647026996759,0.3974352973003241,0.6025647026996759
doc_00862,corruption_sequence_v1,tfidf_logreg_v1,3,0.3,1,0,False,0.6513284129139659,0.3486715870860341,0.6513284129139659
doc_00862,corruption_sequence_v1,tfidf_logreg_v1,4,0.4,1,0,False,0.60597211408342,0.39402788591658,0.60597211408342
doc_00862,corruption_sequence_v1,tfidf_logreg_v1,5,0.5,1,0,False,0.5946951414826503,0.40530485851734965,0.5946951414826503
doc_00666,corruption_sequence_v1,tfidf_logreg_v1,0,0.0,1,0,False,0.5739582840120292,0.4260417159879708,0.5739582840120292
doc_00666,corruption_sequence_v1,tfidf_logreg_v1,1,0.1,1,0,False,0.5872146078831907,0.4127853921168093,0.5872146078831907
doc_00666,corruption_sequence_v1,tfidf_logreg_v1,2,0.2,1,0,False,0.6031815272538235,0.39681847274617654,0.6031815272538235
doc_00666,corruption_sequence_v1,tfidf_logreg_v1,3,0.3,1,0,False,0.5759656451262937,0.42403435487370633,0.5759656451262937
doc_00666,corruption_sequence_v1,tfidf_logreg_v1,4,0.4,1,0,False,0.5327337010421535,0.46726629895784655,0.5327337010421535
doc_00666,corruption_sequence_v1,tfidf_logreg_v1,5,0.5,1,0,False,0.600116323688285,0.39988367631171495,0.600116323688285
doc_00906,corruption_sequence_v1,tfidf_logreg_v1,0,0.0,1,1,True,0.8032876236092584,0.19671237639074157,0.8032876236092584
doc_00906,corruption_sequence_v1,tfidf_logreg_v1,1,0.1,1,1,True,0.7822476907940215,0.21775230920597854,0.7822476907940215
doc_00906,corruption_sequence_v1,tfidf_logreg_v1,2,0.2,1,1,True,0.7522739906405383,0.24772600935946165,0.7522739906405383
doc_00906,corruption_sequence_v1,tfidf_logreg_v1,3,0.3,1,1,True,0.7007657893772893,0.2992342106227107,0.7007657893772893
doc_00906,corruption_sequence_v1,tfidf_logreg_v1,4,0.4,1,1,True,0.7499027168152932,0.2500972831847068,0.7499027168152932
doc_00906,corruption_sequence_v1,tfidf_logreg_v1,5,0.5,1,1,True,0.721880968700155,0.27811903129984505,0.721880968700155
doc_00682,corruption_sequence_v1,tfidf_logreg_v1,0,0.0,1,1,True,0.5477056700638692,0.45229432993613083,0.5477056700638692
doc_00682,corruption_sequence_v1,tfidf_logreg_v1,1,0.1,1,1,True,0.5290578435458796,0.4709421564541204,0.5290578435458796
doc_00682,corruption_sequence_v1,tfidf_logreg_v1,2,0.2,0,1,False,0.5207426305814846,0.5207426305814846,0.4792573694185154
doc_00682,corruption_sequence_v1,tfidf_logreg_v1,3,0.3,1,1,True,0.5192107037685353,0.4807892962314647,0.5192107037685353
doc_00682,corruption_sequence_v1,tfidf_logreg_v1,4,0.4,1,1,True,0.5255116955829738,0.47448830441702616,0.5255116955829738
doc_00682,corruption_sequence_v1,tfidf_logreg_v1,5,0.5,0,1,False,0.5351025252951643,0.5351025252951643,0.46489747470483567
doc_00653,corruption_sequence_v1,tfidf_logreg_v1,0,0.0,0,0,True,0.5997584282923247,0.5997584282923247,0.40024157170767527
doc_00653,corruption_sequence_v1,tfidf_logreg_v1,1,0.1,0,0,True,0.5504486514661879,0.5504486514661879,0.4495513485338121
doc_00653,corruption_sequence_v1,tfidf_logreg_v1,2,0.2,0,0,True,0.5578479042894993,0.5578479042894993,0.4421520957105008
doc_00653,corruption_sequence_v1,tfidf_logreg_v1,3,0.3,0,0,True,0.6512559922774508,0.6512559922774508,0.3487440077225492
doc_00653,corruption_sequence_v1,tfidf_logreg_v1,4,0.4,0,0,True,0.6147501569333851,0.6147501569333851,0.3852498430666149
doc_00653,corruption_sequence_v1,tfidf_logreg_v1,5,0.5,0,0,True,0.5384462943760511,0.5384462943760511,0.46155370562394893
doc_00750,corruption_sequence_v1,tfidf_logreg_v1,0,0.0,1,0,False,0.9631982763676867,0.036801723632313266,0.9631982763676867
doc_00750,corruption_sequence_v1,tfidf_logreg_v1,1,0.1,1,0,False,0.951794704782192,0.04820529521780803,0.951794704782192
doc_00750,corruption_sequence_v1,tfidf_logreg_v1,2,0.2,1,0,False,0.950893635072488,0.04910636492751197,0.950893635072488
doc_00750,corruption_sequence_v1,tfidf_logreg_v1,3,0.3,1,0,False,0.9505364330038313,0.04946356699616872,0.9505364330038313
doc_00750,corruption_sequence_v1,tfidf_logreg_v1,4,0.4,1,0,False,0.9475282819232181,0.05247171807678186,0.9475282819232181
doc_00750,corruption_sequence_v1,tfidf_logreg_v1,5,0.5,1,0,False,0.9492255235662943,0.050774476433705695,0.9492255235662943
doc_00949,corruption_sequence_v1,tfidf_logreg_v1,0,0.0,1,1,True,0.708532227862022,0.29146777213797803,0.708532227862022
doc_00949,corruption_sequence_v1,tfidf_logreg_v1,1,0.1,1,1,True,0.7334973885001991,0.2665026114998009,0.7334973885001991
doc_00949,corruption_sequence_v1,tfidf_logreg_v1,2,0.2,1,1,True,0.6987683983806058,0.3012316016193942,0.6987683983806058
doc_00949,corruption_sequence_v1,tfidf_logreg_v1,3,0.3,1,1,True,0.6745987001353716,0.3254012998646284,0.6745987001353716
doc_00949,corruption_sequence_v1,tfidf_logreg_v1,4,0.4,1,1,True,0.6506432220491154,0.3493567779508846,0.6506432220491154
doc_00949,corruption_sequence_v1,tfidf_logreg_v1,5,0.5,1,1,True,0.7147687165632316,0.2852312834367684,0.7147687165632316
doc_01749,corruption_sequence_v1,tfidf_logreg_v1,0,0.0,1,0,False,0.7286679549383599,0.2713320450616401,0.7286679549383599
doc_01749,corruption_sequence_v1,tfidf_logreg_v1,1,0.1,1,0,False,0.7623692731565161,0.23763072684348385,0.7623692731565161
doc_01749,corruption_sequence_v1,tfidf_logreg_v1,2,0.2,1,0,False,0.7532124089064286,0.2467875910935714,0.7532124089064286
doc_01749,corruption_sequence_v1,tfidf_logreg_v1,3,0.3,1,0,False,0.7319612855238523,0.2680387144761477,0.7319612855238523
doc_01749,corruption_sequence_v1,tfidf_logreg_v1,4,0.4,1,0,False,0.7516399542510772,0.2483600457489228,0.7516399542510772
doc_01749,corruption_sequence_v1,tfidf_logreg_v1,5,0.5,1,0,False,0.7352662122068471,0.26473378779315293,0.7352662122068471
doc_01258,corruption_sequence_v1,tfidf_logreg_v1,0,0.0,0,0,True,0.5918462930387626,0.5918462930387626,0.40815370696123743
doc_01258,corruption_sequence_v1,tfidf_logreg_v1,1,0.1,0,0,True,0.5457723361683933,0.5457723361683933,0.45422766383160673
doc_01258,corruption_sequence_v1,tfidf_logreg_v1,2,0.2,0,0,True,0.6218921453937238,0.6218921453937238,0.37810785460627616
doc_01258,corruption_sequence_v1,tfidf_logreg_v1,3,0.3,0,0,True,0.6386485882789787,0.6386485882789787,0.36135141172102125
doc_01258,corruption_sequence_v1,tfidf_logreg_v1,4,0.4,1,0,False,0.5111661975928848,0.48883380240711516,0.5111661975928848
doc_01258,corruption_sequence_v1,tfidf_logreg_v1,5,0.5,0,0,True,0.5432283627000625,0.5432283627000625,0.4567716372999376
doc_01065,corruption_sequence_v1,tfidf_logreg_v1,0,0.0,0,1,False,0.5625960531144598,0.5625960531144598,0.43740394688554024
doc_01065,corruption_sequence_v1,tfidf_logreg_v1,1,0.1,0,1,False,0.6043458386801999,0.6043458386801999,0.3956541613198001
doc_01065,corruption_sequence_v1,tfidf_logreg_v1,2,0.2,0,1,False,0.5733508755606935,0.5733508755606935,0.4266491244393065
doc_01065,corruption_sequence_v1,tfidf_logreg_v1,3,0.3,0,1,False,0.5163050347265201,0.5163050347265201,0.48369496527347994
doc_01065,corruption_sequence_v1,tfidf_logreg_v1,4,0.4,0,1,False,0.5365071766181474,0.5365071766181474,0.4634928233818526
doc_01065,corruption_sequence_v1,tfidf_logreg_v1,5,0.5,0,1,False,0.5597546621771572,0.5597546621771572,0.44024533782284275
doc_01710,corruption_sequence_v1,tfidf_logreg_v1,0,0.0,1,0,False,0.6397722368821092,0.36022776311789084,0.6397722368821092
doc_01710,corruption_sequence_v1,tfidf_logreg_v1,1,0.1,1,0,False,0.6642097212303004,0.3357902787696996,0.6642097212303004
doc_01710,corruption_sequence_v1,tfidf_logreg_v1,2,0.2,1,0,False,0.6189957950501714,0.38100420494982856,0.6189957950501714
doc_01710,corruption_sequence_v1,tfidf_logreg_v1,3,0.3,1,0,False,0.6321985341048788,0.3678014658951212,0.6321985341048788
doc_01710,corruption_sequence_v1,tfidf_logreg_v1,4,0.4,1,0,False,0.6547683963108145,0.3452316036891855,0.6547683963108145
doc_01710,corruption_sequence_v1,tfidf_logreg_v1,5,0.5,1,0,False,0.600282233100227,0.399717766899773,0.600282233100227
doc_01238,corruption_sequence_v1,tfidf_logreg_v1,0,0.0,0,0,True,0.6952023749068161,0.6952023749068161,0.3047976250931838
doc_01238,corruption_sequence_v1,tfidf_logreg_v1,1,0.1,0,0,True,0.6962522362409553,0.6962522362409553,0.3037477637590447
doc_01238,corruption_sequence_v1,tfidf_logreg_v1,2,0.2,0,0,True,0.6830610553779459,0.6830610553779459,0.3169389446220541
doc_01238,corruption_sequence_v1,tfidf_logreg_v1,3,0.3,0,0,True,0.7036858966286357,0.7036858966286357,0.29631410337136427
doc_01238,corruption_sequence_v1,tfidf_logreg_v1,4,0.4,0,0,True,0.6686504586351254,0.6686504586351254,0.3313495413648746
doc_01238,corruption_sequence_v1,tfidf_logreg_v1,5,0.5,0,0,True,0.6942188440355614,0.6942188440355614,0.3057811559644385
doc_01362,corruption_sequence_v1,tfidf_logreg_v1,0,0.0,0,0,True,0.6486537645691299,0.6486537645691299,0.3513462354308701
doc_01362,corruption_sequence_v1,tfidf_logreg_v1,1,0.1,0,0,True,0.6513591307506202,0.6513591307506202,0.34864086924937976
doc_01362,corruption_sequence_v1,tfidf_logreg_v1,2,0.2,0,0,True,0.6375790418592762,0.6375790418592762,0.3624209581407239
doc_01362,corruption_sequence_v1,tfidf_logreg_v1,3,0.3,0,0,True,0.6941606471698858,0.6941606471698858,0.3058393528301142
doc_01362,corruption_sequence_v1,tfidf_logreg_v1,4,0.4,0,0,True,0.623950888383042,0.623950888383042,0.3760491116169579
doc_01362,corruption_sequence_v1,tfidf_logreg_v1,5,0.5,0,0,True,0.6269125008806143,0.6269125008806143,0.37308749911938566
doc_01058,corruption_sequence_v1,tfidf_logreg_v1,0,0.0,0,0,True,0.6177664655161221,0.6177664655161221,0.38223353448387787
doc_01058,corruption_sequence_v1,tfidf_logreg_v1,1,0.1,0,0,True,0.6738258998357078,0.6738258998357078,0.3261741001642921
doc_01058,corruption_sequence_v1,tfidf_logreg_v1,2,0.2,0,0,True,0.626344325449131,0.626344325449131,0.373655674550869
doc_01058,corruption_sequence_v1,tfidf_logreg_v1,3,0.3,0,0,True,0.6650835794456611,0.6650835794456611,0.33491642055433885
doc_01058,corruption_sequence_v1,tfidf_logreg_v1,4,0.4,0,0,True,0.6490357481573923,0.6490357481573923,0.35096425184260766
doc_01058,corruption_sequence_v1,tfidf_logreg_v1,5,0.5,0,0,True,0.6011500174501243,0.6011500174501243,0.39884998254987575
doc_00167,corruption_sequence_v1,tfidf_logreg_v1,0,0.0,0,0,True,0.5384149712602767,0.5384149712602767,0.4615850287397233
doc_00167,corruption_sequence_v1,tfidf_logreg_v1,1,0.1,0,0,True,0.5543735261655633,0.5543735261655633,0.4456264738344367
doc_00167,corruption_sequence_v1,tfidf_logreg_v1,2,0.2,0,0,True,0.5624119778906673,0.5624119778906673,0.43758802210933273
doc_00167,corruption_sequence_v1,tfidf_logreg_v1,3,0.3,0,0,True,0.5704937488619508,0.5704937488619508,0.42950625113804913
doc_00167,corruption_sequence_v1,tfidf_logreg_v1,4,0.4,0,0,True,0.5776985585851082,0.5776985585851082,0.42230144141489173
doc_00167,corruption_sequence_v1,tfidf_logreg_v1,5,0.5,0,0,True,0.5684583210412812,0.5684583210412812,0.4315416789587187
doc_00310,corruption_sequence_v1,tfidf_logreg_v1,0,0.0,1,1,True,0.9271214884659091,0.07287851153409086,0.9271214884659091
doc_00310,corruption_sequence_v1,tfidf_logreg_v1,1,0.1,1,1,True,0.9003311953043128,0.09966880469568717,0.9003311953043128
doc_00310,corruption_sequence_v1,tfidf_logreg_v1,2,0.2,1,1,True,0.9003216025798332,0.09967839742016682,0.9003216025798332
doc_00310,corruption_sequence_v1,tfidf_logreg_v1,3,0.3,1,1,True,0.8937767930610433,0.1062232069389567,0.8937767930610433
doc_00310,corruption_sequence_v1,tfidf_logreg_v1,4,0.4,1,1,True,0.8934964320408193,0.1065035679591807,0.8934964320408193
doc_00310,corruption_sequence_v1,tfidf_logreg_v1,5,0.5,1,1,True,0.8856822697948739,0.11431773020512614,0.8856822697948739
doc_01573,corruption_sequence_v1,tfidf_logreg_v1,0,0.0,0,0,True,0.758441043058184,0.758441043058184,0.241558956941816
doc_01573,corruption_sequence_v1,tfidf_logreg_v1,1,0.1,0,0,True,0.7761320086784147,0.7761320086784147,0.22386799132158525
doc_01573,corruption_sequence_v1,tfidf_logreg_v1,2,0.2,0,0,True,0.7575597769419813,0.7575597769419813,0.24244022305801866
doc_01573,corruption_sequence_v1,tfidf_logreg_v1,3,0.3,0,0,True,0.7359045603723557,0.7359045603723557,0.2640954396276443
doc_01573,corruption_sequence_v1,tfidf_logreg_v1,4,0.4,0,0,True,0.7674149887852202,0.7674149887852202,0.23258501121477979
doc_01573,corruption_sequence_v1,tfidf_logreg_v1,5,0.5,0,0,True,0.6824141706696254,0.6824141706696254,0.31758582933037466
doc_01339,corruption_sequence_v1,tfidf_logreg_v1,0,0.0,1,1,True,0.7095326924414909,0.29046730755850914,0.7095326924414909
doc_01339,corruption_sequence_v1,tfidf_logreg_v1,1,0.1,1,1,True,0.7253690520589856,0.2746309479410144,0.7253690520589856
doc_01339,corruption_sequence_v1,tfidf_logreg_v1,2,0.2,1,1,True,0.7622414460406409,0.23775855395935908,0.7622414460406409
doc_01339,corruption_sequence_v1,tfidf_logreg_v1,3,0.3,1,1,True,0.721406102529006,0.27859389747099395,0.721406102529006
doc_01339,corruption_sequence_v1,tfidf_logreg_v1,4,0.4,1,1,True,0.651863350977881,0.34813664902211905,0.651863350977881
doc_01339,corruption_sequence_v1,tfidf_logreg_v1,5,0.5,1,1,True,0.6803650611058805,0.31963493889411954,0.6803650611058805
doc_01129,corruption_sequence_v1,tfidf_logreg_v1,0,0.0,0,0,True,0.5865769399995957,0.5865769399995957,0.41342306000040435
doc_01129,corruption_sequence_v1,tfidf_logreg_v1,1,0.1,0,0,True,0.5758771547246924,0.5758771547246924,0.4241228452753076
doc_01129,corruption_sequence_v1,tfidf_logreg_v1,2,0.2,0,0,True,0.5370920346780947,0.5370920346780947,0.46290796532190526
doc_01129,corruption_sequence_v1,tfidf_logreg_v1,3,0.3,0,0,True,0.5265564071827277,0.5265564071827277,0.47344359281727233
doc_01129,corruption_sequence_v1,tfidf_logreg_v1,4,0.4,0,0,True,0.5804451382186084,0.5804451382186084,0.4195548617813915
doc_01129,corruption_sequence_v1,tfidf_logreg_v1,5,0.5,0,0,True,0.6648188969931074,0.6648188969931074,0.33518110300689263
doc_00495,corruption_sequence_v1,tfidf_logreg_v1,0,0.0,0,0,True,0.6215208755072603,0.6215208755072603,0.37847912449273974
doc_00495,corruption_sequence_v1,tfidf_logreg_v1,1,0.1,0,0,True,0.6115175529189358,0.6115175529189358,0.38848244708106416
doc_00495,corruption_sequence_v1,tfidf_logreg_v1,2,0.2,0,0,True,0.6373043476977753,0.6373043476977753,0.3626956523022247
doc_00495,corruption_sequence_v1,tfidf_logreg_v1,3,0.3,0,0,True,0.5646661573243921,0.5646661573243921,0.43533384267560793
doc_00495,corruption_sequence_v1,tfidf_logreg_v1,4,0.4,0,0,True,0.6224220124016406,0.6224220124016406,0.3775779875983594
doc_00495,corruption_sequence_v1,tfidf_logreg_v1,5,0.5,0,0,True,0.6824404433469631,0.6824404433469631,0.3175595566530369
doc_00868,corruption_sequence_v1,tfidf_logreg_v1,0,0.0,0,0,True,0.5346727012256103,0.5346727012256103,0.4653272987743898
doc_00868,corruption_sequence_v1,tfidf_logreg_v1,1,0.1,0,0,True,0.5604197798988944,0.5604197798988944,0.43958022010110565
doc_00868,corruption_sequence_v1,tfidf_logreg_v1,2,0.2,0,0,True,0.5859686952193202,0.5859686952193202,0.4140313047806799
doc_00868,corruption_sequence_v1,tfidf_logreg_v1,3,0.3,1,0,False,0.5132438499617247,0.4867561500382753,0.5132438499617247
doc_00868,corruption_sequence_v1,tfidf_logreg_v1,4,0.4,0,0,True,0.5770675036789625,0.5770675036789625,0.4229324963210375
doc_00868,corruption_sequence_v1,tfidf_logreg_v1,5,0.5,0,0,True,0.6090069268927014,0.6090069268927014,0.3909930731072985
doc_00755,corruption_sequence_v1,tfidf_logreg_v1,0,0.0,0,0,True,0.6489737841217679,0.6489737841217679,0.35102621587823213
doc_00755,corruption_sequence_v1,tfidf_logreg_v1,1,0.1,0,0,True,0.6620315451910852,0.6620315451910852,0.33796845480891485
doc_00755,corruption_sequence_v1,tfidf_logreg_v1,2,0.2,0,0,True,0.6369711011952551,0.6369711011952551,0.36302889880474487
doc_00755,corruption_sequence_v1,tfidf_logreg_v1,3,0.3,0,0,True,0.6813674421855904,0.6813674421855904,0.3186325578144096
doc_00755,corruption_sequence_v1,tfidf_logreg_v1,4,0.4,0,0,True,0.6684963102963085,0.6684963102963085,0.3315036897036915
doc_00755,corruption_sequence_v1,tfidf_logreg_v1,5,0.5,0,0,True,0.6675943999565199,0.6675943999565199,0.3324056000434801
doc_00034,corruption_sequence_v1,tfidf_logreg_v1,0,0.0,1,0,False,0.5723372562927059,0.42766274370729407,0.5723372562927059
doc_00034,corruption_sequence_v1,tfidf_logreg_v1,1,0.1,1,0,False,0.5689579404444515,0.43104205955554853,0.5689579404444515
doc_00034,corruption_sequence_v1,tfidf_logreg_v1,2,0.2,1,0,False,0.575657671049432,0.424342328950568,0.575657671049432
doc_00034,corruption_sequence_v1,tfidf_logreg_v1,3,0.3,1,0,False,0.5631736920726579,0.4368263079273421,0.5631736920726579
doc_00034,corruption_sequence_v1,tfidf_logreg_v1,4,0.4,1,0,False,0.5941356483991874,0.4058643516008126,0.5941356483991874
doc_00034,corruption_sequence_v1,tfidf_logreg_v1,5,0.5,1,0,False,0.545812602732731,0.454187397267269,0.545812602732731
doc_01439,corruption_sequence_v1,tfidf_logreg_v1,0,0.0,0,0,True,0.733354857429926,0.733354857429926,0.266645142570074
doc_01439,corruption_sequence_v1,tfidf_logreg_v1,1,0.1,0,0,True,0.6380833514307339,0.6380833514307339,0.3619166485692661
doc_01439,corruption_sequence_v1,tfidf_logreg_v1,2,0.2,0,0,True,0.6727788038280854,0.6727788038280854,0.3272211961719146
doc_01439,corruption_sequence_v1,tfidf_logreg_v1,3,0.3,0,0,True,0.6963621991626021,0.6963621991626021,0.30363780083739783
doc_01439,corruption_sequence_v1,tfidf_logreg_v1,4,0.4,0,0,True,0.5877600047640155,0.5877600047640155,0.4122399952359845
doc_01439,corruption_sequence_v1,tfidf_logreg_v1,5,0.5,0,0,True,0.6227430305566449,0.6227430305566449,0.3772569694433551
doc_01122,corruption_sequence_v1,tfidf_logreg_v1,0,0.0,1,1,True,0.6636153335555327,0.3363846664444673,0.6636153335555327
doc_01122,corruption_sequence_v1,tfidf_logreg_v1,1,0.1,1,1,True,0.6569055282208479,0.3430944717791521,0.6569055282208479
doc_01122,corruption_sequence_v1,tfidf_logreg_v1,2,0.2,1,1,True,0.6298703684023766,0.37012963159762335,0.6298703684023766
doc_01122,corruption_sequence_v1,tfidf_logreg_v1,3,0.3,1,1,True,0.6607315239503191,0.3392684760496809,0.6607315239503191
doc_01122,corruption_sequence_v1,tfidf_logreg_v1,4,0.4,1,1,True,0.543954428086649,0.45604557191335104,0.543954428086649
doc_01122,corruption_sequence_v1,tfidf_logreg_v1,5,0.5,1,1,True,0.6364341823906975,0.3635658176093025,0.6364341823906975
doc_01628,corruption_sequence_v1,tfidf_logreg_v1,0,0.0,0,0,True,0.682016639282377,0.682016639282377,0.31798336071762295
doc_01628,corruption_sequence_v1,tfidf_logreg_v1,1,0.1,0,0,True,0.6268623377712386,0.6268623377712386,0.3731376622287615
doc_01628,corruption_sequence_v1,tfidf_logreg_v1,2,0.2,0,0,True,0.6723541351545763,0.6723541351545763,0.32764586484542363
doc_01628,corruption_sequence_v1,tfidf_logreg_v1,3,0.3,0,0,True,0.5715379582148377,0.5715379582148377,0.4284620417851624
doc_01628,corruption_sequence_v1,tfidf_logreg_v1,4,0.4,0,0,True,0.673170625081464,0.673170625081464,0.32682937491853603
doc_01628,corruption_sequence_v1,tfidf_logreg_v1,5,0.5,0,0,True,0.695055911220033,0.695055911220033,0.30494408877996704
doc_00497,corruption_sequence_v1,tfidf_logreg_v1,0,0.0,0,0,True,0.6308200049695242,0.6308200049695242,0.3691799950304758
doc_00497,corruption_sequence_v1,tfidf_logreg_v1,1,0.1,0,0,True,0.597357509596999,0.597357509596999,0.4026424904030011
doc_00497,corruption_sequence_v1,tfidf_logreg_v1,2,0.2,0,0,True,0.5976527873014401,0.5976527873014401,0.4023472126985599
doc_00497,corruption_sequence_v1,tfidf_logreg_v1,3,0.3,0,0,True,0.5450902350842575,0.5450902350842575,0.4549097649157426
doc_00497,corruption_sequence_v1,tfidf_logreg_v1,4,0.4,0,0,True,0.5646631881803611,0.5646631881803611,0.4353368118196389
doc_00497,corruption_sequence_v1,tfidf_logreg_v1,5,0.5,0,0,True,0.5587666989012148,0.5587666989012148,0.44123330109878517
doc_00092,corruption_sequence_v1,tfidf_logreg_v1,0,0.0,1,1,True,0.8518086938463575,0.1481913061536425,0.8518086938463575
doc_00092,corruption_sequence_v1,tfidf_logreg_v1,1,0.1,1,1,True,0.8341546125943237,0.16584538740567634,0.8341546125943237
doc_00092,corruption_sequence_v1,tfidf_logreg_v1,2,0.2,1,1,True,0.8705009295179345,0.12949907048206555,0.8705009295179345
doc_00092,corruption_sequence_v1,tfidf_logreg_v1,3,0.3,1,1,True,0.80426295075156,0.19573704924844004,0.80426295075156
doc_00092,corruption_sequence_v1,tfidf_logreg_v1,4,0.4,1,1,True,0.8005835098920479,0.19941649010795215,0.8005835098920479
doc_00092,corruption_sequence_v1,tfidf_logreg_v1,5,0.5,1,1,True,0.7787501911829952,0.22124980881700484,0.7787501911829952
doc_00359,corruption_sequence_v1,tfidf_logreg_v1,0,0.0,0,0,True,0.7510016864614424,0.7510016864614424,0.24899831353855761
doc_00359,corruption_sequence_v1,tfidf_logreg_v1,1,0.1,0,0,True,0.6232843526258363,0.6232843526258363,0.3767156473741638
doc_00359,corruption_sequence_v1,tfidf_logreg_v1,2,0.2,0,0,True,0.6160662974646709,0.6160662974646709,0.3839337025353291
doc_00359,corruption_sequence_v1,tfidf_logreg_v1,3,0.3,0,0,True,0.6836751416443652,0.6836751416443652,0.31632485835563484
doc_00359,corruption_sequence_v1,tfidf_logreg_v1,4,0.4,0,0,True,0.557823768389672,0.557823768389672,0.44217623161032804
doc_00359,corruption_sequence_v1,tfidf_logreg_v1,5,0.5,0,0,True,0.7309496850457571,0.7309496850457571,0.269050314954243
doc_01038,corruption_sequence_v1,tfidf_logreg_v1,0,0.0,1,1,True,0.7051829846868005,0.2948170153131995,0.7051829846868005
doc_01038,corruption_sequence_v1,tfidf_logreg_v1,1,0.1,1,1,True,0.715447684729787,0.28455231527021296,0.715447684729787
doc_01038,corruption_sequence_v1,tfidf_logreg_v1,2,0.2,1,1,True,0.6881932559161953,0.3118067440838047,0.6881932559161953
doc_01038,corruption_sequence_v1,tfidf_logreg_v1,3,0.3,1,1,True,0.7070285056778788,0.2929714943221212,0.7070285056778788
doc_01038,corruption_sequence_v1,tfidf_logreg_v1,4,0.4,1,1,True,0.6570640385378168,0.3429359614621832,0.6570640385378168
doc_01038,corruption_sequence_v1,tfidf_logreg_v1,5,0.5,1,1,True,0.5987962271529428,0.4012037728470572,0.5987962271529428
doc_00525,corruption_sequence_v1,tfidf_logreg_v1,0,0.0,0,0,True,0.5457170009601966,0.5457170009601966,0.45428299903980335
doc_00525,corruption_sequence_v1,tfidf_logreg_v1,1,0.1,0,0,True,0.5307805040991427,0.5307805040991427,0.4692194959008574
doc_00525,corruption_sequence_v1,tfidf_logreg_v1,2,0.2,0,0,True,0.5539007055863233,0.5539007055863233,0.4460992944136767
doc_00525,corruption_sequence_v1,tfidf_logreg_v1,3,0.3,1,0,False,0.5264133489785621,0.47358665102143793,0.5264133489785621
doc_00525,corruption_sequence_v1,tfidf_logreg_v1,4,0.4,0,0,True,0.5332291774347169,0.5332291774347169,0.4667708225652831
doc_00525,corruption_sequence_v1,tfidf_logreg_v1,5,0.5,0,0,True,0.5171965207665605,0.5171965207665605,0.4828034792334394
doc_01320,corruption_sequence_v1,tfidf_logreg_v1,0,0.0,1,1,True,0.6980336129848821,0.3019663870151179,0.6980336129848821
doc_01320,corruption_sequence_v1,tfidf_logreg_v1,1,0.1,1,1,True,0.6630556236609719,0.3369443763390281,0.6630556236609719
doc_01320,corruption_sequence_v1,tfidf_logreg_v1,2,0.2,1,1,True,0.6405093117287332,0.35949068827126684,0.6405093117287332
doc_01320,corruption_sequence_v1,tfidf_logreg_v1,3,0.3,1,1,True,0.6403928879116537,0.3596071120883463,0.6403928879116537
doc_01320,corruption_sequence_v1,tfidf_logreg_v1,4,0.4,1,1,True,0.5754806637081168,0.4245193362918832,0.5754806637081168
doc_01320,corruption_sequence_v1,tfidf_logreg_v1,5,0.5,1,1,True,0.6327958187901334,0.36720418120986664,0.6327958187901334
doc_00925,corruption_sequence_v1,tfidf_logreg_v1,0,0.0,0,0,True,0.6757831966592542,0.6757831966592542,0.3242168033407458
doc_00925,corruption_sequence_v1,tfidf_logreg_v1,1,0.1,0,0,True,0.6869857481770806,0.6869857481770806,0.3130142518229194
doc_00925,corruption_sequence_v1,tfidf_logreg_v1,2,0.2,0,0,True,0.7152979937985414,0.7152979937985414,0.2847020062014586
doc_00925,corruption_sequence_v1,tfidf_logreg_v1,3,0.3,0,0,True,0.5932612546049527,0.5932612546049527,0.40673874539504723
doc_00925,corruption_sequence_v1,tfidf_logreg_v1,4,0.4,0,0,True,0.5442416292300856,0.5442416292300856,0.45575837076991443
doc_00925,corruption_sequence_v1,tfidf_logreg_v1,5,0.5,0,0,True,0.6387400135181037,0.6387400135181037,0.3612599864818963
doc_00011,corruption_sequence_v1,tfidf_logreg_v1,0,0.0,0,0,True,0.6968143359403627,0.6968143359403627,0.30318566405963737
doc_00011,corruption_sequence_v1,tfidf_logreg_v1,1,0.1,0,0,True,0.6221189303587664,0.6221189303587664,0.3778810696412335
doc_00011,corruption_sequence_v1,tfidf_logreg_v1,2,0.2,0,0,True,0.6477868618860708,0.6477868618860708,0.3522131381139292
doc_00011,corruption_sequence_v1,tfidf_logreg_v1,3,0.3,0,0,True,0.6891733060943454,0.6891733060943454,0.31082669390565465
doc_00011,corruption_sequence_v1,tfidf_logreg_v1,4,0.4,0,0,True,0.6134882643934798,0.6134882643934798,0.38651173560652025
doc_00011,corruption_sequence_v1,tfidf_logreg_v1,5,0.5,0,0,True,0.6284102518371805,0.6284102518371805,0.37158974816281953
doc_00418,corruption_sequence_v1,tfidf_logreg_v1,0,0.0,1,1,True,0.6117784863412695,0.3882215136587305,0.6117784863412695
doc_00418,corruption_sequence_v1,tfidf_logreg_v1,1,0.1,1,1,True,0.583032577618304,0.41696742238169604,0.583032577618304
doc_00418,corruption_sequence_v1,tfidf_logreg_v1,2,0.2,1,1,True,0.6067167374494514,0.3932832625505486,0.6067167374494514
doc_00418,corruption_sequence_v1,tfidf_logreg_v1,3,0.3,1,1,True,0.5755534738072076,0.42444652619279244,0.5755534738072076
doc_00418,corruption_sequence_v1,tfidf_logreg_v1,4,0.4,1,1,True,0.5956428991942294,0.4043571008057706,0.5956428991942294
doc_00418,corruption_sequence_v1,tfidf_logreg_v1,5,0.5,1,1,True,0.5346963677828109,0.46530363221718907,0.5346963677828109
doc_01498,corruption_sequence_v1,tfidf_logreg_v1,0,0.0,1,1,True,0.528536978588936,0.471463021411064,0.528536978588936
doc_01498,corruption_sequence_v1,tfidf_logreg_v1,1,0.1,0,1,False,0.5019935860561855,0.5019935860561855,0.49800641394381445
doc_01498,corruption_sequence_v1,tfidf_logreg_v1,2,0.2,0,1,False,0.5414809745004688,0.5414809745004688,0.45851902549953116
doc_01498,corruption_sequence_v1,tfidf_logreg_v1,3,0.3,1,1,True,0.5100907856926725,0.4899092143073275,0.5100907856926725
doc_01498,corruption_sequence_v1,tfidf_logreg_v1,4,0.4,0,1,False,0.6083731101981555,0.6083731101981555,0.3916268898018444
doc_01498,corruption_sequence_v1,tfidf_logreg_v1,5,0.5,0,1,False,0.5798437442518241,0.5798437442518241,0.42015625574817594
doc_01365,corruption_sequence_v1,tfidf_logreg_v1,0,0.0,0,1,False,0.6084179375733161,0.6084179375733161,0.3915820624266839
doc_01365,corruption_sequence_v1,tfidf_logreg_v1,1,0.1,0,1,False,0.6057542123543399,0.6057542123543399,0.3942457876456601
doc_01365,corruption_sequence_v1,tfidf_logreg_v1,2,0.2,0,1,False,0.598149155506678,0.598149155506678,0.4018508444933219
doc_01365,corruption_sequence_v1,tfidf_logreg_v1,3,0.3,0,1,False,0.6055555652607747,0.6055555652607747,0.39444443473922525
doc_01365,corruption_sequence_v1,tfidf_logreg_v1,4,0.4,0,1,False,0.5798126620567989,0.5798126620567989,0.420187337943201
doc_01365,corruption_sequence_v1,tfidf_logreg_v1,5,0.5,0,1,False,0.5730366237068145,0.5730366237068145,0.4269633762931855
doc_00549,corruption_sequence_v1,tfidf_logreg_v1,0,0.0,0,0,True,0.523404109473611,0.523404109473611,0.47659589052638895
doc_00549,corruption_sequence_v1,tfidf_logreg_v1,1,0.1,1,0,False,0.5191165592709608,0.4808834407290392,0.5191165592709608
doc_00549,corruption_sequence_v1,tfidf_logreg_v1,2,0.2,1,0,False,0.5507519504702639,0.44924804952973607,0.5507519504702639
doc_00549,corruption_sequence_v1,tfidf_logreg_v1,3,0.3,0,0,True,0.5197735729676671,0.5197735729676671,0.4802264270323329
doc_00549,corruption_sequence_v1,tfidf_logreg_v1,4,0.4,0,0,True,0.5116272383389935,0.5116272383389935,0.4883727616610065
doc_00549,corruption_sequence_v1,tfidf_logreg_v1,5,0.5,0,0,True,0.5058250392284338,0.5058250392284338,0.4941749607715662
doc_01643,corruption_sequence_v1,tfidf_logreg_v1,0,0.0,0,0,True,0.761543464333261,0.761543464333261,0.2384565356667389
doc_01643,corruption_sequence_v1,tfidf_logreg_v1,1,0.1,0,0,True,0.7030297524776334,0.7030297524776334,0.29697024752236656
doc_01643,corruption_sequence_v1,tfidf_logreg_v1,2,0.2,0,0,True,0.6939290817032691,0.6939290817032691,0.306070918296731
doc_01643,corruption_sequence_v1,tfidf_logreg_v1,3,0.3,0,0,True,0.6304514773174935,0.6304514773174935,0.3695485226825065
doc_01643,corruption_sequence_v1,tfidf_logreg_v1,4,0.4,0,0,True,0.759008392125819,0.759008392125819,0.24099160787418095
doc_01643,corruption_sequence_v1,tfidf_logreg_v1,5,0.5,0,0,True,0.6549871142546245,0.6549871142546245,0.3450128857453755
doc_01291,corruption_sequence_v1,tfidf_logreg_v1,0,0.0,1,1,True,0.7529218206392312,0.2470781793607688,0.7529218206392312
doc_01291,corruption_sequence_v1,tfidf_logreg_v1,1,0.1,1,1,True,0.7618380340660155,0.23816196593398453,0.7618380340660155
doc_01291,corruption_sequence_v1,tfidf_logreg_v1,2,0.2,1,1,True,0.7597973863601177,0.24020261363988227,0.7597973863601177
doc_01291,corruption_sequence_v1,tfidf_logreg_v1,3,0.3,1,1,True,0.7951603687686161,0.20483963123138393,0.7951603687686161
doc_01291,corruption_sequence_v1,tfidf_logreg_v1,4,0.4,1,1,True,0.7741914680741201,0.2258085319258799,0.7741914680741201
doc_01291,corruption_sequence_v1,tfidf_logreg_v1,5,0.5,1,1,True,0.6975010310543869,0.3024989689456131,0.6975010310543869
doc_01554,corruption_sequence_v1,tfidf_logreg_v1,0,0.0,0,0,True,0.6803238349541185,0.6803238349541185,0.3196761650458814
doc_01554,corruption_sequence_v1,tfidf_logreg_v1,1,0.1,0,0,True,0.6880067233947835,0.6880067233947835,0.31199327660521653
doc_01554,corruption_sequence_v1,tfidf_logreg_v1,2,0.2,0,0,True,0.687234230517494,0.687234230517494,0.312765769482506
doc_01554,corruption_sequence_v1,tfidf_logreg_v1,3,0.3,0,0,True,0.6268205143340326,0.6268205143340326,0.3731794856659674
doc_01554,corruption_sequence_v1,tfidf_logreg_v1,4,0.4,0,0,True,0.7622782472521872,0.7622782472521872,0.23772175274781288
doc_01554,corruption_sequence_v1,tfidf_logreg_v1,5,0.5,0,0,True,0.6870402885981399,0.6870402885981399,0.3129597114018601
doc_00510,corruption_sequence_v1,tfidf_logreg_v1,0,0.0,0,0,True,0.6716398714307461,0.6716398714307461,0.32836012856925395
doc_00510,corruption_sequence_v1,tfidf_logreg_v1,1,0.1,0,0,True,0.6615210735185267,0.6615210735185267,0.33847892648147326
doc_00510,corruption_sequence_v1,tfidf_logreg_v1,2,0.2,0,0,True,0.7170333491714782,0.7170333491714782,0.2829666508285218
doc_00510,corruption_sequence_v1,tfidf_logreg_v1,3,0.3,0,0,True,0.6705781170702789,0.6705781170702789,0.32942188292972113
doc_00510,corruption_sequence_v1,tfidf_logreg_v1,4,0.4,0,0,True,0.6582438788152715,0.6582438788152715,0.34175612118472853
doc_00510,corruption_sequence_v1,tfidf_logreg_v1,5,0.5,0,0,True,0.6482950997636433,0.6482950997636433,0.3517049002363567
doc_00225,corruption_sequence_v1,tfidf_logreg_v1,0,0.0,1,1,True,0.8653871009407402,0.13461289905925977,0.8653871009407402
doc_00225,corruption_sequence_v1,tfidf_logreg_v1,1,0.1,1,1,True,0.8737237237086919,0.1262762762913081,0.8737237237086919
doc_00225,corruption_sequence_v1,tfidf_logreg_v1,2,0.2,1,1,True,0.8530243762416255,0.14697562375837447,0.8530243762416255
doc_00225,corruption_sequence_v1,tfidf_logreg_v1,3,0.3,1,1,True,0.829052214470522,0.17094778552947798,0.829052214470522
doc_00225,corruption_sequence_v1,tfidf_logreg_v1,4,0.4,1,1,True,0.8168971538236466,0.18310284617635342,0.8168971538236466
doc_00225,corruption_sequence_v1,tfidf_logreg_v1,5,0.5,1,1,True,0.7742546677150354,0.22574533228496463,0.7742546677150354
doc_01202,corruption_sequence_v1,tfidf_logreg_v1,0,0.0,1,1,True,0.8480704545216057,0.15192954547839432,0.8480704545216057
doc_01202,corruption_sequence_v1,tfidf_logreg_v1,1,0.1,1,1,True,0.8239724078613827,0.1760275921386173,0.8239724078613827
doc_01202,corruption_sequence_v1,tfidf_logreg_v1,2,0.2,1,1,True,0.8185376222239936,0.18146237777600638,0.8185376222239936
doc_01202,corruption_sequence_v1,tfidf_logreg_v1,3,0.3,1,1,True,0.8163155946278828,0.18368440537211717,0.8163155946278828
doc_01202,corruption_sequence_v1,tfidf_logreg_v1,4,0.4,1,1,True,0.8445509322938605,0.15544906770613953,0.8445509322938605
doc_01202,corruption_sequence_v1,tfidf_logreg_v1,5,0.5,1,1,True,0.7665404003034122,0.2334595996965878,0.7665404003034122
doc_01132,corruption_sequence_v1,tfidf_logreg_v1,0,0.0,0,0,True,0.579893500852205,0.579893500852205,0.420106499147795
doc_01132,corruption_sequence_v1,tfidf_logreg_v1,1,0.1,0,0,True,0.5253017018274967,0.5253017018274967,0.4746982981725033
doc_01132,corruption_sequence_v1,tfidf_logreg_v1,2,0.2,0,0,True,0.5326213575531866,0.5326213575531866,0.4673786424468134
doc_01132,corruption_sequence_v1,tfidf_logreg_v1,3,0.3,0,0,True,0.5344215241283208,0.5344215241283208,0.4655784758716793
doc_01132,corruption_sequence_v1,tfidf_logreg_v1,4,0.4,1,0,False,0.5450178938288448,0.4549821061711552,0.5450178938288448
doc_01132,corruption_sequence_v1,tfidf_logreg_v1,5,0.5,0,0,True,0.638306987794723,0.638306987794723,0.36169301220527705
doc_00306,corruption_sequence_v1,tfidf_logreg_v1,0,0.0,1,1,True,0.8501536383910356,0.14984636160896436,0.8501536383910356
doc_00306,corruption_sequence_v1,tfidf_logreg_v1,1,0.1,1,1,True,0.8413907343221653,0.15860926567783473,0.8413907343221653
doc_00306,corruption_sequence_v1,tfidf_logreg_v1,2,0.2,1,1,True,0.8164251241662527,0.18357487583374732,0.8164251241662527
doc_00306,corruption_sequence_v1,tfidf_logreg_v1,3,0.3,1,1,True,0.8010486856649139,0.19895131433508606,0.8010486856649139
doc_00306,corruption_sequence_v1,tfidf_logreg_v1,4,0.4,1,1,True,0.7944116417796158,0.20558835822038424,0.7944116417796158
doc_00306,corruption_sequence_v1,tfidf_logreg_v1,5,0.5,1,1,True,0.7838683570006716,0.2161316429993284,0.7838683570006716
doc_01259,corruption_sequence_v1,tfidf_logreg_v1,0,0.0,1,0,False,0.5100517208040177,0.4899482791959823,0.5100517208040177
doc_01259,corruption_sequence_v1,tfidf_logreg_v1,1,0.1,1,0,False,0.526290363091584,0.47370963690841605,0.526290363091584
doc_01259,corruption_sequence_v1,tfidf_logreg_v1,2,0.2,1,0,False,0.5251999366508155,0.47480006334918445,0.5251999366508155
doc_01259,corruption_sequence_v1,tfidf_logreg_v1,3,0.3,1,0,False,0.5325073031014467,0.46749269689855333,0.5325073031014467
doc_01259,corruption_sequence_v1,tfidf_logreg_v1,4,0.4,1,0,False,0.5529871453657788,0.44701285463422125,0.5529871453657788
doc_01259,corruption_sequence_v1,tfidf_logreg_v1,5,0.5,0,0,True,0.5316492567958965,0.5316492567958965,0.4683507432041035
doc_00915,corruption_sequence_v1,tfidf_logreg_v1,0,0.0,1,1,True,0.6126640449725385,0.38733595502746154,0.6126640449725385
doc_00915,corruption_sequence_v1,tfidf_logreg_v1,1,0.1,1,1,True,0.6126598975768455,0.38734010242315453,0.6126598975768455
doc_00915,corruption_sequence_v1,tfidf_logreg_v1,2,0.2,1,1,True,0.6224745756903872,0.3775254243096128,0.6224745756903872
doc_00915,corruption_sequence_v1,tfidf_logreg_v1,3,0.3,1,1,True,0.5784368653576929,0.4215631346423071,0.5784368653576929
doc_00915,corruption_sequence_v1,tfidf_logreg_v1,4,0.4,0,1,False,0.5192932732966471,0.5192932732966471,0.48070672670335285
doc_00915,corruption_sequence_v1,tfidf_logreg_v1,5,0.5,1,1,True,0.5487300384021948,0.4512699615978052,0.5487300384021948
doc_01683,corruption_sequence_v1,tfidf_logreg_v1,0,0.0,1,1,True,0.7199928451319842,0.28000715486801575,0.7199928451319842
doc_01683,corruption_sequence_v1,tfidf_logreg_v1,1,0.1,1,1,True,0.7518769073149311,0.24812309268506894,0.7518769073149311
doc_01683,corruption_sequence_v1,tfidf_logreg_v1,2,0.2,1,1,True,0.6985469779574641,0.3014530220425359,0.6985469779574641
doc_01683,corruption_sequence_v1,tfidf_logreg_v1,3,0.3,1,1,True,0.7213496514999648,0.2786503485000352,0.7213496514999648
doc_01683,corruption_sequence_v1,tfidf_logreg_v1,4,0.4,1,1,True,0.6610409843377766,0.3389590156622234,0.6610409843377766
doc_01683,corruption_sequence_v1,tfidf_logreg_v1,5,0.5,1,1,True,0.7102851647982793,0.2897148352017207,0.7102851647982793
doc_00364,corruption_sequence_v1,tfidf_logreg_v1,0,0.0,1,1,True,0.5272653873715868,0.4727346126284132,0.5272653873715868
doc_00364,corruption_sequence_v1,tfidf_logreg_v1,1,0.1,1,1,True,0.5122519181269255,0.4877480818730745,0.5122519181269255
doc_00364,corruption_sequence_v1,tfidf_logreg_v1,2,0.2,0,1,False,0.5991360330209706,0.5991360330209706,0.4008639669790294
doc_00364,corruption_sequence_v1,tfidf_logreg_v1,3,0.3,0,1,False,0.5187877874760889,0.5187877874760889,0.48121221252391105
doc_00364,corruption_sequence_v1,tfidf_logreg_v1,4,0.4,0,1,False,0.5582316276120811,0.5582316276120811,0.44176837238791883
doc_00364,corruption_sequence_v1,tfidf_logreg_v1,5,0.5,0,1,False,0.5467404847473121,0.5467404847473121,0.4532595152526879
doc_00216,corruption_sequence_v1,tfidf_logreg_v1,0,0.0,1,1,True,0.7570595400917073,0.24294045990829272,0.7570595400917073
doc_00216,corruption_sequence_v1,tfidf_logreg_v1,1,0.1,1,1,True,0.7652691179601044,0.23473088203989556,0.7652691179601044
doc_00216,corruption_sequence_v1,tfidf_logreg_v1,2,0.2,1,1,True,0.7352747551010723,0.2647252448989277,0.7352747551010723
doc_00216,corruption_sequence_v1,tfidf_logreg_v1,3,0.3,1,1,True,0.757817255998767,0.24218274400123296,0.757817255998767
doc_00216,corruption_sequence_v1,tfidf_logreg_v1,4,0.4,1,1,True,0.7462487099858338,0.2537512900141662,0.7462487099858338
doc_00216,corruption_sequence_v1,tfidf_logreg_v1,5,0.5,1,1,True,0.6312561645449184,0.3687438354550816,0.6312561645449184
doc_00670,corruption_sequence_v1,tfidf_logreg_v1,0,0.0,1,1,True,0.8312664641983543,0.16873353580164574,0.8312664641983543
doc_00670,corruption_sequence_v1,tfidf_logreg_v1,1,0.1,1,1,True,0.7975507120316089,0.20244928796839112,0.7975507120316089
doc_00670,corruption_sequence_v1,tfidf_logreg_v1,2,0.2,1,1,True,0.7883620218242354,0.21163797817576457,0.7883620218242354
doc_00670,corruption_sequence_v1,tfidf_logreg_v1,3,0.3,1,1,True,0.8325305594261462,0.16746944057385382,0.8325305594261462
doc_00670,corruption_sequence_v1,tfidf_logreg_v1,4,0.4,1,1,True,0.7419898101849293,0.25801018981507073,0.7419898101849293
doc_00670,corruption_sequence_v1,tfidf_logreg_v1,5,0.5,1,1,True,0.6971763823152188,0.30282361768478117,0.6971763823152188
doc_00353,corruption_sequence_v1,tfidf_logreg_v1,0,0.0,1,0,False,0.5215226020893806,0.4784773979106194,0.5215226020893806
doc_00353,corruption_sequence_v1,tfidf_logreg_v1,1,0.1,1,0,False,0.5237419513185755,0.4762580486814245,0.5237419513185755
doc_00353,corruption_sequence_v1,tfidf_logreg_v1,2,0.2,1,0,False,0.5196692762809149,0.48033072371908514,0.5196692762809149
doc_00353,corruption_sequence_v1,tfidf_logreg_v1,3,0.3,0,0,True,0.5037588635373951,0.5037588635373951,0.496241136462605
doc_00353,corruption_sequence_v1,tfidf_logreg_v1,4,0.4,1,0,False,0.5819134782758134,0.4180865217241866,0.5819134782758134
doc_00353,corruption_sequence_v1,tfidf_logreg_v1,5,0.5,0,0,True,0.5318919487229534,0.5318919487229534,0.4681080512770465
doc_01712,corruption_sequence_v1,tfidf_logreg_v1,0,0.0,0,0,True,0.5222366671975575,0.5222366671975575,0.47776333280244254
doc_01712,corruption_sequence_v1,tfidf_logreg_v1,1,0.1,0,0,True,0.5413505479590717,0.5413505479590717,0.4586494520409283
doc_01712,corruption_sequence_v1,tfidf_logreg_v1,2,0.2,0,0,True,0.5802969577789387,0.5802969577789387,0.4197030422210613
doc_01712,corruption_sequence_v1,tfidf_logreg_v1,3,0.3,0,0,True,0.5400651484958914,0.5400651484958914,0.45993485150410857
doc_01712,corruption_sequence_v1,tfidf_logreg_v1,4,0.4,0,0,True,0.5397988166523093,0.5397988166523093,0.46020118334769067
doc_01712,corruption_sequence_v1,tfidf_logreg_v1,5,0.5,0,0,True,0.5637904380358941,0.5637904380358941,0.4362095619641059
doc_01023,corruption_sequence_v1,tfidf_logreg_v1,0,0.0,0,0,True,0.7575533466948707,0.7575533466948707,0.24244665330512927
doc_01023,corruption_sequence_v1,tfidf_logreg_v1,1,0.1,0,0,True,0.712861333067851,0.712861333067851,0.28713866693214896
doc_01023,corruption_sequence_v1,tfidf_logreg_v1,2,0.2,0,0,True,0.6886344365028418,0.6886344365028418,0.3113655634971582
doc_01023,corruption_sequence_v1,tfidf_logreg_v1,3,0.3,0,0,True,0.751506099117478,0.751506099117478,0.248493900882522
doc_01023,corruption_sequence_v1,tfidf_logreg_v1,4,0.4,0,0,True,0.7157413771694097,0.7157413771694097,0.28425862283059034
doc_01023,corruption_sequence_v1,tfidf_logreg_v1,5,0.5,0,0,True,0.6694610164221457,0.6694610164221457,0.3305389835778543
doc_01045,corruption_sequence_v1,tfidf_logreg_v1,0,0.0,0,1,False,0.5703392196548607,0.5703392196548607,0.4296607803451393
doc_01045,corruption_sequence_v1,tfidf_logreg_v1,1,0.1,0,1,False,0.5657448974760162,0.5657448974760162,0.43425510252398375
doc_01045,corruption_sequence_v1,tfidf_logreg_v1,2,0.2,0,1,False,0.5936672534231955,0.5936672534231955,0.4063327465768045
doc_01045,corruption_sequence_v1,tfidf_logreg_v1,3,0.3,0,1,False,0.5343524190788407,0.5343524190788407,0.4656475809211593
doc_01045,corruption_sequence_v1,tfidf_logreg_v1,4,0.4,0,1,False,0.5850496329491125,0.5850496329491125,0.4149503670508875
doc_01045,corruption_sequence_v1,tfidf_logreg_v1,5,0.5,0,1,False,0.5558136355681422,0.5558136355681422,0.44418636443185777
doc_00585,corruption_sequence_v1,tfidf_logreg_v1,0,0.0,0,0,True,0.6356045529747746,0.6356045529747746,0.3643954470252254
doc_00585,corruption_sequence_v1,tfidf_logreg_v1,1,0.1,0,0,True,0.5919933654206183,0.5919933654206183,0.4080066345793817
doc_00585,corruption_sequence_v1,tfidf_logreg_v1,2,0.2,0,0,True,0.6312410137869997,0.6312410137869997,0.36875898621300035
doc_00585,corruption_sequence_v1,tfidf_logreg_v1,3,0.3,0,0,True,0.5572356891303045,0.5572356891303045,0.4427643108696954
doc_00585,corruption_sequence_v1,tfidf_logreg_v1,4,0.4,0,0,True,0.5912074933413727,0.5912074933413727,0.40879250665862726
doc_00585,corruption_sequence_v1,tfidf_logreg_v1,5,0.5,0,0,True,0.5900481263445996,0.5900481263445996,0.4099518736554004
doc_01141,corruption_sequence_v1,tfidf_logreg_v1,0,0.0,1,0,False,0.8607662082126865,0.13923379178731354,0.8607662082126865
doc_01141,corruption_sequence_v1,tfidf_logreg_v1,1,0.1,1,0,False,0.841132065250115,0.15886793474988503,0.841132065250115
doc_01141,corruption_sequence_v1,tfidf_logreg_v1,2,0.2,1,0,False,0.8454643798122624,0.1545356201877376,0.8454643798122624
doc_01141,corruption_sequence_v1,tfidf_logreg_v1,3,0.3,1,0,False,0.8339128077360772,0.16608719226392277,0.8339128077360772
doc_01141,corruption_sequence_v1,tfidf_logreg_v1,4,0.4,1,0,False,0.8473166120970511,0.15268338790294889,0.8473166120970511
doc_01141,corruption_sequence_v1,tfidf_logreg_v1,5,0.5,1,0,False,0.8448686195390993,0.1551313804609007,0.8448686195390993
doc_00932,corruption_sequence_v1,tfidf_logreg_v1,0,0.0,1,1,True,0.691501284186247,0.308498715813753,0.691501284186247
doc_00932,corruption_sequence_v1,tfidf_logreg_v1,1,0.1,1,1,True,0.6737602575873544,0.32623974241264564,0.6737602575873544
doc_00932,corruption_sequence_v1,tfidf_logreg_v1,2,0.2,1,1,True,0.6620465930778491,0.3379534069221509,0.6620465930778491
doc_00932,corruption_sequence_v1,tfidf_logreg_v1,3,0.3,1,1,True,0.7129114283885964,0.28708857161140355,0.7129114283885964
doc_00932,corruption_sequence_v1,tfidf_logreg_v1,4,0.4,1,1,True,0.6124243054133219,0.38757569458667807,0.6124243054133219
doc_00932,corruption_sequence_v1,tfidf_logreg_v1,5,0.5,1,1,True,0.5813627716405183,0.4186372283594817,0.5813627716405183
doc_01698,corruption_sequence_v1,tfidf_logreg_v1,0,0.0,0,1,False,0.5199489397711945,0.5199489397711945,0.48005106022880556
doc_01698,corruption_sequence_v1,tfidf_logreg_v1,1,0.1,0,1,False,0.5321318660874367,0.5321318660874367,0.4678681339125633
doc_01698,corruption_sequence_v1,tfidf_logreg_v1,2,0.2,0,1,False,0.5690454089029551,0.5690454089029551,0.4309545910970449
doc_01698,corruption_sequence_v1,tfidf_logreg_v1,3,0.3,0,1,False,0.5369525346807349,0.5369525346807349,0.46304746531926505
doc_01698,corruption_sequence_v1,tfidf_logreg_v1,4,0.4,0,1,False,0.5042494273619009,0.5042494273619009,0.49575057263809913
doc_01698,corruption_sequence_v1,tfidf_logreg_v1,5,0.5,0,1,False,0.6780841109986226,0.6780841109986226,0.3219158890013773
doc_01679,corruption_sequence_v1,tfidf_logreg_v1,0,0.0,0,0,True,0.6339275691100907,0.6339275691100907,0.3660724308899093
doc_01679,corruption_sequence_v1,tfidf_logreg_v1,1,0.1,0,0,True,0.6094161305896535,0.6094161305896535,0.3905838694103465
doc_01679,corruption_sequence_v1,tfidf_logreg_v1,2,0.2,0,0,True,0.5589475895779834,0.5589475895779834,0.44105241042201654
doc_01679,corruption_sequence_v1,tfidf_logreg_v1,3,0.3,0,0,True,0.6007901472871803,0.6007901472871803,0.3992098527128197
doc_01679,corruption_sequence_v1,tfidf_logreg_v1,4,0.4,0,0,True,0.5638639263491965,0.5638639263491965,0.43613607365080354
doc_01679,corruption_sequence_v1,tfidf_logreg_v1,5,0.5,0,0,True,0.6940395650204703,0.6940395650204703,0.3059604349795298
doc_01585,corruption_sequence_v1,tfidf_logreg_v1,0,0.0,0,0,True,0.7057720594903031,0.7057720594903031,0.2942279405096969
doc_01585,corruption_sequence_v1,tfidf_logreg_v1,1,0.1,0,0,True,0.7092640400497982,0.7092640400497982,0.29073595995020185
doc_01585,corruption_sequence_v1,tfidf_logreg_v1,2,0.2,0,0,True,0.6780205584297538,0.6780205584297538,0.3219794415702461
doc_01585,corruption_sequence_v1,tfidf_logreg_v1,3,0.3,0,0,True,0.6957126778526184,0.6957126778526184,0.30428732214738163
doc_01585,corruption_sequence_v1,tfidf_logreg_v1,4,0.4,0,0,True,0.6769977124988644,0.6769977124988644,0.3230022875011355
doc_01585,corruption_sequence_v1,tfidf_logreg_v1,5,0.5,0,0,True,0.6378765811120014,0.6378765811120014,0.3621234188879986
doc_01251,corruption_sequence_v1,tfidf_logreg_v1,0,0.0,0,0,True,0.6902140679167844,0.6902140679167844,0.3097859320832156
doc_01251,corruption_sequence_v1,tfidf_logreg_v1,1,0.1,0,0,True,0.6537000307353573,0.6537000307353573,0.34629996926464274
doc_01251,corruption_sequence_v1,tfidf_logreg_v1,2,0.2,0,0,True,0.6604062014858533,0.6604062014858533,0.3395937985141467
doc_01251,corruption_sequence_v1,tfidf_logreg_v1,3,0.3,0,0,True,0.6555327602790146,0.6555327602790146,0.3444672397209854
doc_01251,corruption_sequence_v1,tfidf_logreg_v1,4,0.4,0,0,True,0.6853854090202085,0.6853854090202085,0.31461459097979155
doc_01251,corruption_sequence_v1,tfidf_logreg_v1,5,0.5,0,0,True,0.6073215093428886,0.6073215093428886,0.39267849065711136
doc_01155,corruption_sequence_v1,tfidf_logreg_v1,0,0.0,1,1,True,0.5724867709330642,0.4275132290669358,0.5724867709330642
doc_01155,corruption_sequence_v1,tfidf_logreg_v1,1,0.1,1,1,True,0.5077281278634482,0.49227187213655177,0.5077281278634482
doc_01155,corruption_sequence_v1,tfidf_logreg_v1,2,0.2,1,1,True,0.5210302729890247,0.4789697270109753,0.5210302729890247
doc_01155,corruption_sequence_v1,tfidf_logreg_v1,3,0.3,1,1,True,0.5455013934047542,0.45449860659524577,0.5455013934047542
doc_01155,corruption_sequence_v1,tfidf_logreg_v1,4,0.4,0,1,False,0.5302513328051454,0.5302513328051454,0.46974866719485464
doc_01155,corruption_sequence_v1,tfidf_logreg_v1,5,0.5,1,1,True,0.5535386079127798,0.44646139208722024,0.5535386079127798
doc_00346,corruption_sequence_v1,tfidf_logreg_v1,0,0.0,1,1,True,0.5984848211833209,0.4015151788166791,0.5984848211833209
doc_00346,corruption_sequence_v1,tfidf_logreg_v1,1,0.1,1,1,True,0.5266314843971117,0.4733685156028883,0.5266314843971117
doc_00346,corruption_sequence_v1,tfidf_logreg_v1,2,0.2,1,1,True,0.5497030929497918,0.4502969070502082,0.5497030929497918
doc_00346,corruption_sequence_v1,tfidf_logreg_v1,3,0.3,1,1,True,0.5096739955948112,0.4903260044051888,0.5096739955948112
doc_00346,corruption_sequence_v1,tfidf_logreg_v1,4,0.4,1,1,True,0.5243709640535312,0.47562903594646877,0.5243709640535312
doc_00346,corruption_sequence_v1,tfidf_logreg_v1,5,0.5,1,1,True,0.5243490796488397,0.4756509203511603,0.5243490796488397
doc_00575,corruption_sequence_v1,tfidf_logreg_v1,0,0.0,1,1,True,0.5220785087802658,0.47792149121973415,0.5220785087802658
doc_00575,corruption_sequence_v1,tfidf_logreg_v1,1,0.1,1,1,True,0.5077293649911655,0.4922706350088345,0.5077293649911655
doc_00575,corruption_sequence_v1,tfidf_logreg_v1,2,0.2,0,1,False,0.5204178257820433,0.5204178257820433,0.4795821742179566
doc_00575,corruption_sequence_v1,tfidf_logreg_v1,3,0.3,0,1,False,0.5025102732010285,0.5025102732010285,0.4974897267989716
doc_00575,corruption_sequence_v1,tfidf_logreg_v1,4,0.4,0,1,False,0.5935847276293926,0.5935847276293926,0.4064152723706073
doc_00575,corruption_sequence_v1,tfidf_logreg_v1,5,0.5,0,1,False,0.5000252741753067,0.5000252741753067,0.49997472582469327
doc_01667,corruption_sequence_v1,tfidf_logreg_v1,0,0.0,1,1,True,0.751247177696811,0.24875282230318896,0.751247177696811
doc_01667,corruption_sequence_v1,tfidf_logreg_v1,1,0.1,1,1,True,0.7339414318233438,0.2660585681766562,0.7339414318233438
doc_01667,corruption_sequence_v1,tfidf_logreg_v1,2,0.2,1,1,True,0.7459108657922436,0.25408913420775636,0.7459108657922436
doc_01667,corruption_sequence_v1,tfidf_logreg_v1,3,0.3,1,1,True,0.5954915295153549,0.4045084704846451,0.5954915295153549
doc_01667,corruption_sequence_v1,tfidf_logreg_v1,4,0.4,1,1,True,0.6293321624333078,0.3706678375666922,0.6293321624333078
doc_01667,corruption_sequence_v1,tfidf_logreg_v1,5,0.5,1,1,True,0.6014287016671572,0.39857129833284277,0.6014287016671572
doc_00405,corruption_sequence_v1,tfidf_logreg_v1,0,0.0,0,0,True,0.5149899466458303,0.5149899466458303,0.4850100533541697
doc_00405,corruption_sequence_v1,tfidf_logreg_v1,1,0.1,0,0,True,0.5029098329652464,0.5029098329652464,0.49709016703475367
doc_00405,corruption_sequence_v1,tfidf_logreg_v1,2,0.2,0,0,True,0.5186860220211801,0.5186860220211801,0.4813139779788199
doc_00405,corruption_sequence_v1,tfidf_logreg_v1,3,0.3,0,0,True,0.5347802385455728,0.5347802385455728,0.4652197614544272
doc_00405,corruption_sequence_v1,tfidf_logreg_v1,4,0.4,0,0,True,0.5363279388565104,0.5363279388565104,0.4636720611434896
doc_00405,corruption_sequence_v1,tfidf_logreg_v1,5,0.5,0,0,True,0.5660325987138244,0.5660325987138244,0.43396740128617567
doc_01350,corruption_sequence_v1,tfidf_logreg_v1,0,0.0,0,0,True,0.6323756811677503,0.6323756811677503,0.3676243188322496
doc_01350,corruption_sequence_v1,tfidf_logreg_v1,1,0.1,0,0,True,0.5901450072347145,0.5901450072347145,0.4098549927652855
doc_01350,corruption_sequence_v1,tfidf_logreg_v1,2,0.2,0,0,True,0.6444048922935022,0.6444048922935022,0.3555951077064978
doc_01350,corruption_sequence_v1,tfidf_logreg_v1,3,0.3,0,0,True,0.5870312552949797,0.5870312552949797,0.41296874470502026
doc_01350,corruption_sequence_v1,tfidf_logreg_v1,4,0.4,0,0,True,0.5132494711556062,0.5132494711556062,0.48675052884439385
doc_01350,corruption_sequence_v1,tfidf_logreg_v1,5,0.5,0,0,True,0.5257779026435228,0.5257779026435228,0.4742220973564772
doc_00833,corruption_sequence_v1,tfidf_logreg_v1,0,0.0,0,0,True,0.5348217131658539,0.5348217131658539,0.465178286834146
doc_00833,corruption_sequence_v1,tfidf_logreg_v1,1,0.1,0,0,True,0.5575325814938965,0.5575325814938965,0.44246741850610344
doc_00833,corruption_sequence_v1,tfidf_logreg_v1,2,0.2,0,0,True,0.5226004497362547,0.5226004497362547,0.47739955026374525
doc_00833,corruption_sequence_v1,tfidf_logreg_v1,3,0.3,0,0,True,0.5708053593333406,0.5708053593333406,0.42919464066665935
doc_00833,corruption_sequence_v1,tfidf_logreg_v1,4,0.4,0,0,True,0.522312187705994,0.522312187705994,0.47768781229400603
doc_00833,corruption_sequence_v1,tfidf_logreg_v1,5,0.5,0,0,True,0.5794545707337198,0.5794545707337198,0.4205454292662803
doc_00242,corruption_sequence_v1,tfidf_logreg_v1,0,0.0,0,0,True,0.5127618488520589,0.5127618488520589,0.48723815114794106
doc_00242,corruption_sequence_v1,tfidf_logreg_v1,1,0.1,1,0,False,0.556435147437546,0.44356485256245404,0.556435147437546
doc_00242,corruption_sequence_v1,tfidf_logreg_v1,2,0.2,1,0,False,0.5169985432115234,0.4830014567884766,0.5169985432115234
doc_00242,corruption_sequence_v1,tfidf_logreg_v1,3,0.3,0,0,True,0.5900173563927117,0.5900173563927117,0.4099826436072883
doc_00242,corruption_sequence_v1,tfidf_logreg_v1,4,0.4,0,0,True,0.5189935794192488,0.5189935794192488,0.4810064205807511
doc_00242,corruption_sequence_v1,tfidf_logreg_v1,5,0.5,0,0,True,0.5434776967530518,0.5434776967530518,0.4565223032469482
doc_00829,corruption_sequence_v1,tfidf_logreg_v1,0,0.0,1,1,True,0.6037974051906002,0.3962025948093998,0.6037974051906002
doc_00829,corruption_sequence_v1,tfidf_logreg_v1,1,0.1,1,1,True,0.6402845624071869,0.3597154375928131,0.6402845624071869
doc_00829,corruption_sequence_v1,tfidf_logreg_v1,2,0.2,1,1,True,0.5886859333976284,0.4113140666023716,0.5886859333976284
doc_00829,corruption_sequence_v1,tfidf_logreg_v1,3,0.3,1,1,True,0.5145824614954096,0.48541753850459035,0.5145824614954096
doc_00829,corruption_sequence_v1,tfidf_logreg_v1,4,0.4,1,1,True,0.565398685459621,0.434601314540379,0.565398685459621
doc_00829,corruption_sequence_v1,tfidf_logreg_v1,5,0.5,1,1,True,0.6073638713475553,0.3926361286524447,0.6073638713475553
doc_01209,corruption_sequence_v1,tfidf_logreg_v1,0,0.0,1,1,True,0.8531901753036113,0.1468098246963887,0.8531901753036113
doc_01209,corruption_sequence_v1,tfidf_logreg_v1,1,0.1,1,1,True,0.873186500043275,0.12681349995672497,0.873186500043275
doc_01209,corruption_sequence_v1,tfidf_logreg_v1,2,0.2,1,1,True,0.8416613299899337,0.1583386700100663,0.8416613299899337
doc_01209,corruption_sequence_v1,tfidf_logreg_v1,3,0.3,1,1,True,0.8172411516879153,0.18275884831208467,0.8172411516879153
doc_01209,corruption_sequence_v1,tfidf_logreg_v1,4,0.4,1,1,True,0.8133979582808788,0.1866020417191212,0.8133979582808788
doc_01209,corruption_sequence_v1,tfidf_logreg_v1,5,0.5,1,1,True,0.7919646071409359,0.20803539285906414,0.7919646071409359
doc_00340,corruption_sequence_v1,tfidf_logreg_v1,0,0.0,1,1,True,0.6408865053122752,0.3591134946877248,0.6408865053122752
doc_00340,corruption_sequence_v1,tfidf_logreg_v1,1,0.1,1,1,True,0.6416043328237768,0.3583956671762232,0.6416043328237768
doc_00340,corruption_sequence_v1,tfidf_logreg_v1,2,0.2,1,1,True,0.6456973581729891,0.3543026418270109,0.6456973581729891
doc_00340,corruption_sequence_v1,tfidf_logreg_v1,3,0.3,1,1,True,0.6162144779170365,0.38378552208296346,0.6162144779170365
doc_00340,corruption_sequence_v1,tfidf_logreg_v1,4,0.4,1,1,True,0.61254047255856,0.38745952744143997,0.61254047255856
doc_00340,corruption_sequence_v1,tfidf_logreg_v1,5,0.5,1,1,True,0.5792195721843747,0.4207804278156253,0.5792195721843747
doc_00368,corruption_sequence_v1,tfidf_logreg_v1,0,0.0,1,1,True,0.9124231514405006,0.08757684855949943,0.9124231514405006
doc_00368,corruption_sequence_v1,tfidf_logreg_v1,1,0.1,1,1,True,0.9068261010080038,0.09317389899199624,0.9068261010080038
doc_00368,corruption_sequence_v1,tfidf_logreg_v1,2,0.2,1,1,True,0.905626814335139,0.09437318566486097,0.905626814335139
doc_00368,corruption_sequence_v1,tfidf_logreg_v1,3,0.3,1,1,True,0.8931303213840496,0.10686967861595043,0.8931303213840496
doc_00368,corruption_sequence_v1,tfidf_logreg_v1,4,0.4,1,1,True,0.9011830585681525,0.0988169414318475,0.9011830585681525
doc_00368,corruption_sequence_v1,tfidf_logreg_v1,5,0.5,1,1,True,0.8791793805139894,0.12082061948601064,0.8791793805139894
doc_00122,corruption_sequence_v1,tfidf_logreg_v1,0,0.0,0,0,True,0.6406817667055198,0.6406817667055198,0.35931823329448015
doc_00122,corruption_sequence_v1,tfidf_logreg_v1,1,0.1,0,0,True,0.626260630997916,0.626260630997916,0.373739369002084
doc_00122,corruption_sequence_v1,tfidf_logreg_v1,2,0.2,0,0,True,0.6636810391364809,0.6636810391364809,0.3363189608635191
doc_00122,corruption_sequence_v1,tfidf_logreg_v1,3,0.3,0,0,True,0.6464276205051915,0.6464276205051915,0.3535723794948085
doc_00122,corruption_sequence_v1,tfidf_logreg_v1,4,0.4,0,0,True,0.5280834026896662,0.5280834026896662,0.47191659731033375
doc_00122,corruption_sequence_v1,tfidf_logreg_v1,5,0.5,0,0,True,0.5252165730209059,0.5252165730209059,0.47478342697909415
doc_01597,corruption_sequence_v1,tfidf_logreg_v1,0,0.0,0,1,False,0.5832072642697457,0.5832072642697457,0.4167927357302544
doc_01597,corruption_sequence_v1,tfidf_logreg_v1,1,0.1,1,1,True,0.5267197638302156,0.47328023616978443,0.5267197638302156
doc_01597,corruption_sequence_v1,tfidf_logreg_v1,2,0.2,0,1,False,0.584704819045035,0.584704819045035,0.4152951809549649
doc_01597,corruption_sequence_v1,tfidf_logreg_v1,3,0.3,0,1,False,0.5692993359581806,0.5692993359581806,0.43070066404181934
doc_01597,corruption_sequence_v1,tfidf_logreg_v1,4,0.4,0,1,False,0.6589099807604177,0.6589099807604177,0.3410900192395823
doc_01597,corruption_sequence_v1,tfidf_logreg_v1,5,0.5,0,1,False,0.70800018581937,0.70800018581937,0.29199981418063004
doc_00139,corruption_sequence_v1,tfidf_logreg_v1,0,0.0,1,1,True,0.8021765287343184,0.19782347126568156,0.8021765287343184
doc_00139,corruption_sequence_v1,tfidf_logreg_v1,1,0.1,1,1,True,0.7781893162167548,0.2218106837832452,0.7781893162167548
doc_00139,corruption_sequence_v1,tfidf_logreg_v1,2,0.2,1,1,True,0.7755570953224009,0.2244429046775991,0.7755570953224009
doc_00139,corruption_sequence_v1,tfidf_logreg_v1,3,0.3,1,1,True,0.7473570095060448,0.2526429904939552,0.7473570095060448
doc_00139,corruption_sequence_v1,tfidf_logreg_v1,4,0.4,1,1,True,0.7398383657870542,0.2601616342129458,0.7398383657870542
doc_00139,corruption_sequence_v1,tfidf_logreg_v1,5,0.5,1,1,True,0.7386375219642825,0.26136247803571755,0.7386375219642825
doc_00362,corruption_sequence_v1,tfidf_logreg_v1,0,0.0,0,1,False,0.621216138184919,0.621216138184919,0.3787838618150809
doc_00362,corruption_sequence_v1,tfidf_logreg_v1,1,0.1,0,1,False,0.621216138184919,0.621216138184919,0.3787838618150809
doc_00362,corruption_sequence_v1,tfidf_logreg_v1,2,0.2,0,1,False,0.621216138184919,0.621216138184919,0.3787838618150809
doc_00362,corruption_sequence_v1,tfidf_logreg_v1,3,0.3,0,1,False,0.621216138184919,0.621216138184919,0.3787838618150809
doc_00362,corruption_sequence_v1,tfidf_logreg_v1,4,0.4,0,1,False,0.621216138184919,0.621216138184919,0.3787838618150809
doc_00362,corruption_sequence_v1,tfidf_logreg_v1,5,0.5,0,1,False,0.621216138184919,0.621216138184919,0.3787838618150809
doc_01029,corruption_sequence_v1,tfidf_logreg_v1,0,0.0,1,1,True,0.8267173843373373,0.17328261566266268,0.8267173843373373
doc_01029,corruption_sequence_v1,tfidf_logreg_v1,1,0.1,1,1,True,0.7439788885451737,0.2560211114548263,0.7439788885451737
doc_01029,corruption_sequence_v1,tfidf_logreg_v1,2,0.2,1,1,True,0.7859304347700795,0.2140695652299205,0.7859304347700795
doc_01029,corruption_sequence_v1,tfidf_logreg_v1,3,0.3,1,1,True,0.787060332085385,0.21293966791461505,0.787060332085385
doc_01029,corruption_sequence_v1,tfidf_logreg_v1,4,0.4,1,1,True,0.6777277087197145,0.32227229128028545,0.6777277087197145
doc_01029,corruption_sequence_v1,tfidf_logreg_v1,5,0.5,1,1,True,0.7919218752382572,0.2080781247617428,0.7919218752382572
doc_01126,corruption_sequence_v1,tfidf_logreg_v1,0,0.0,1,1,True,0.5819062287931936,0.41809377120680635,0.5819062287931936
doc_01126,corruption_sequence_v1,tfidf_logreg_v1,1,0.1,1,1,True,0.5570864459794178,0.4429135540205822,0.5570864459794178
doc_01126,corruption_sequence_v1,tfidf_logreg_v1,2,0.2,1,1,True,0.5761966349182593,0.42380336508174066,0.5761966349182593
doc_01126,corruption_sequence_v1,tfidf_logreg_v1,3,0.3,1,1,True,0.5350967096714693,0.4649032903285307,0.5350967096714693
doc_01126,corruption_sequence_v1,tfidf_logreg_v1,4,0.4,0,1,False,0.508930263134521,0.508930263134521,0.49106973686547895
doc_01126,corruption_sequence_v1,tfidf_logreg_v1,5,0.5,1,1,True,0.6017511252286271,0.39824887477137294,0.6017511252286271
doc_00273,corruption_sequence_v1,tfidf_logreg_v1,0,0.0,1,1,True,0.6718648449022021,0.3281351550977979,0.6718648449022021
doc_00273,corruption_sequence_v1,tfidf_logreg_v1,1,0.1,1,1,True,0.6899780186485561,0.3100219813514439,0.6899780186485561
doc_00273,corruption_sequence_v1,tfidf_logreg_v1,2,0.2,1,1,True,0.7012701998584017,0.29872980014159833,0.7012701998584017
doc_00273,corruption_sequence_v1,tfidf_logreg_v1,3,0.3,1,1,True,0.6938276356689052,0.30617236433109485,0.6938276356689052
doc_00273,corruption_sequence_v1,tfidf_logreg_v1,4,0.4,1,1,True,0.612962511942747,0.387037488057253,0.612962511942747
doc_00273,corruption_sequence_v1,tfidf_logreg_v1,5,0.5,1,1,True,0.6061185112071196,0.39388148879288043,0.6061185112071196
doc_00983,corruption_sequence_v1,tfidf_logreg_v1,0,0.0,1,1,True,0.7918632767318741,0.20813672326812593,0.7918632767318741
doc_00983,corruption_sequence_v1,tfidf_logreg_v1,1,0.1,1,1,True,0.8209152199616293,0.1790847800383707,0.8209152199616293
doc_00983,corruption_sequence_v1,tfidf_logreg_v1,2,0.2,1,1,True,0.7797611695183262,0.2202388304816738,0.7797611695183262
doc_00983,corruption_sequence_v1,tfidf_logreg_v1,3,0.3,1,1,True,0.7425139387811791,0.2574860612188209,0.7425139387811791
doc_00983,corruption_sequence_v1,tfidf_logreg_v1,4,0.4,1,1,True,0.7588815888222858,0.24111841117771415,0.7588815888222858
doc_00983,corruption_sequence_v1,tfidf_logreg_v1,5,0.5,1,1,True,0.7637666211810399,0.23623337881896012,0.7637666211810399
doc_00271,corruption_sequence_v1,tfidf_logreg_v1,0,0.0,0,0,True,0.696686262989366,0.696686262989366,0.30331373701063397
doc_00271,corruption_sequence_v1,tfidf_logreg_v1,1,0.1,0,0,True,0.7383826710893526,0.7383826710893526,0.2616173289106474
doc_00271,corruption_sequence_v1,tfidf_logreg_v1,2,0.2,0,0,True,0.7851616218397945,0.7851616218397945,0.21483837816020543
doc_00271,corruption_sequence_v1,tfidf_logreg_v1,3,0.3,0,0,True,0.7494854002709146,0.7494854002709146,0.2505145997290854
doc_00271,corruption_sequence_v1,tfidf_logreg_v1,4,0.4,0,0,True,0.6980529474145198,0.6980529474145198,0.3019470525854801
doc_00271,corruption_sequence_v1,tfidf_logreg_v1,5,0.5,0,0,True,0.7102308955391462,0.7102308955391462,0.2897691044608538
doc_01402,corruption_sequence_v1,tfidf_logreg_v1,0,0.0,1,1,True,0.8168381819097845,0.18316181809021548,0.8168381819097845
doc_01402,corruption_sequence_v1,tfidf_logreg_v1,1,0.1,1,1,True,0.8050791444543673,0.19492085554563265,0.8050791444543673
doc_01402,corruption_sequence_v1,tfidf_logreg_v1,2,0.2,1,1,True,0.7788367582010135,0.2211632417989865,0.7788367582010135
doc_01402,corruption_sequence_v1,tfidf_logreg_v1,3,0.3,1,1,True,0.7579742774922301,0.24202572250776988,0.7579742774922301
doc_01402,corruption_sequence_v1,tfidf_logreg_v1,4,0.4,1,1,True,0.7654953879642646,0.23450461203573536,0.7654953879642646
doc_01402,corruption_sequence_v1,tfidf_logreg_v1,5,0.5,1,1,True,0.7296172090491042,0.2703827909508958,0.7296172090491042
doc_00089,corruption_sequence_v1,tfidf_logreg_v1,0,0.0,1,1,True,0.801154110402865,0.198845889597135,0.801154110402865
doc_00089,corruption_sequence_v1,tfidf_logreg_v1,1,0.1,1,1,True,0.7451127834947969,0.2548872165052031,0.7451127834947969
doc_00089,corruption_sequence_v1,tfidf_logreg_v1,2,0.2,1,1,True,0.7730209352804885,0.22697906471951146,0.7730209352804885
doc_00089,corruption_sequence_v1,tfidf_logreg_v1,3,0.3,1,1,True,0.7507721183498884,0.24922788165011156,0.7507721183498884
doc_00089,corruption_sequence_v1,tfidf_logreg_v1,4,0.4,1,1,True,0.7687332258635341,0.2312667741364659,0.7687332258635341
doc_00089,corruption_sequence_v1,tfidf_logreg_v1,5,0.5,1,1,True,0.7377481859050857,0.26225181409491427,0.7377481859050857
doc_00910,corruption_sequence_v1,tfidf_logreg_v1,0,0.0,0,0,True,0.6518669801686121,0.6518669801686121,0.3481330198313879
doc_00910,corruption_sequence_v1,tfidf_logreg_v1,1,0.1,0,0,True,0.70046911908012,0.70046911908012,0.29953088091988006
doc_00910,corruption_sequence_v1,tfidf_logreg_v1,2,0.2,0,0,True,0.6778493858303749,0.6778493858303749,0.3221506141696251
doc_00910,corruption_sequence_v1,tfidf_logreg_v1,3,0.3,0,0,True,0.6083043961143841,0.6083043961143841,0.3916956038856159
doc_00910,corruption_sequence_v1,tfidf_logreg_v1,4,0.4,0,0,True,0.6953387454826154,0.6953387454826154,0.3046612545173845
doc_00910,corruption_sequence_v1,tfidf_logreg_v1,5,0.5,0,0,True,0.6269179642660614,0.6269179642660614,0.37308203573393856
doc_00073,corruption_sequence_v1,tfidf_logreg_v1,0,0.0,1,1,True,0.8486478555217598,0.1513521444782402,0.8486478555217598
doc_00073,corruption_sequence_v1,tfidf_logreg_v1,1,0.1,1,1,True,0.8502330294653447,0.14976697053465526,0.8502330294653447
doc_00073,corruption_sequence_v1,tfidf_logreg_v1,2,0.2,1,1,True,0.8281605031295226,0.1718394968704774,0.8281605031295226
doc_00073,corruption_sequence_v1,tfidf_logreg_v1,3,0.3,1,1,True,0.8622977046544986,0.13770229534550138,0.8622977046544986
doc_00073,corruption_sequence_v1,tfidf_logreg_v1,4,0.4,1,1,True,0.8547350773484153,0.14526492265158475,0.8547350773484153
doc_00073,corruption_sequence_v1,tfidf_logreg_v1,5,0.5,1,1,True,0.8198632545427723,0.1801367454572277,0.8198632545427723
doc_01469,corruption_sequence_v1,tfidf_logreg_v1,0,0.0,1,1,True,0.596263929732676,0.40373607026732405,0.596263929732676
doc_01469,corruption_sequence_v1,tfidf_logreg_v1,1,0.1,1,1,True,0.5558940583275597,0.44410594167244033,0.5558940583275597
doc_01469,corruption_sequence_v1,tfidf_logreg_v1,2,0.2,1,1,True,0.5715213224468063,0.4284786775531937,0.5715213224468063
doc_01469,corruption_sequence_v1,tfidf_logreg_v1,3,0.3,1,1,True,0.5892974761376503,0.41070252386234973,0.5892974761376503
doc_01469,corruption_sequence_v1,tfidf_logreg_v1,4,0.4,1,1,True,0.5533524607514061,0.4466475392485939,0.5533524607514061
doc_01469,corruption_sequence_v1,tfidf_logreg_v1,5,0.5,1,1,True,0.5311798690225393,0.46882013097746067,0.5311798690225393
doc_01529,corruption_sequence_v1,tfidf_logreg_v1,0,0.0,1,1,True,0.5918732272458362,0.40812677275416376,0.5918732272458362
doc_01529,corruption_sequence_v1,tfidf_logreg_v1,1,0.1,1,1,True,0.5726332332039183,0.42736676679608165,0.5726332332039183
doc_01529,corruption_sequence_v1,tfidf_logreg_v1,2,0.2,1,1,True,0.5940866553016046,0.40591334469839535,0.5940866553016046
doc_01529,corruption_sequence_v1,tfidf_logreg_v1,3,0.3,1,1,True,0.6396730263356892,0.36032697366431077,0.6396730263356892
doc_01529,corruption_sequence_v1,tfidf_logreg_v1,4,0.4,1,1,True,0.6384037426474918,0.3615962573525082,0.6384037426474918
doc_01529,corruption_sequence_v1,tfidf_logreg_v1,5,0.5,1,1,True,0.5832526368360823,0.4167473631639177,0.5832526368360823
doc_00957,corruption_sequence_v1,tfidf_logreg_v1,0,0.0,0,0,True,0.7512871532391404,0.7512871532391404,0.24871284676085958
doc_00957,corruption_sequence_v1,tfidf_logreg_v1,1,0.1,0,0,True,0.7423651288831097,0.7423651288831097,0.2576348711168904
doc_00957,corruption_sequence_v1,tfidf_logreg_v1,2,0.2,0,0,True,0.7383086757098483,0.7383086757098483,0.26169132429015174
doc_00957,corruption_sequence_v1,tfidf_logreg_v1,3,0.3,0,0,True,0.7455138715055587,0.7455138715055587,0.2544861284944413
doc_00957,corruption_sequence_v1,tfidf_logreg_v1,4,0.4,0,0,True,0.7040028655955699,0.7040028655955699,0.29599713440443015
doc_00957,corruption_sequence_v1,tfidf_logreg_v1,5,0.5,0,0,True,0.6714203087522337,0.6714203087522337,0.3285796912477663
doc_00823,corruption_sequence_v1,tfidf_logreg_v1,0,0.0,0,0,True,0.5900588113820661,0.5900588113820661,0.40994118861793394
doc_00823,corruption_sequence_v1,tfidf_logreg_v1,1,0.1,0,0,True,0.6022589769388327,0.6022589769388327,0.3977410230611673
doc_00823,corruption_sequence_v1,tfidf_logreg_v1,2,0.2,0,0,True,0.5955805368474418,0.5955805368474418,0.40441946315255817
doc_00823,corruption_sequence_v1,tfidf_logreg_v1,3,0.3,0,0,True,0.5706271631730169,0.5706271631730169,0.4293728368269832
doc_00823,corruption_sequence_v1,tfidf_logreg_v1,4,0.4,0,0,True,0.658376761333435,0.658376761333435,0.341623238666565
doc_00823,corruption_sequence_v1,tfidf_logreg_v1,5,0.5,0,0,True,0.613148902692908,0.613148902692908,0.38685109730709194
doc_00724,corruption_sequence_v1,tfidf_logreg_v1,0,0.0,0,0,True,0.5989904568107838,0.5989904568107838,0.40100954318921617
doc_00724,corruption_sequence_v1,tfidf_logreg_v1,1,0.1,0,0,True,0.5558440399331086,0.5558440399331086,0.4441559600668914
doc_00724,corruption_sequence_v1,tfidf_logreg_v1,2,0.2,0,0,True,0.5812167521570508,0.5812167521570508,0.4187832478429491
doc_00724,corruption_sequence_v1,tfidf_logreg_v1,3,0.3,0,0,True,0.573029036745599,0.573029036745599,0.426970963254401
doc_00724,corruption_sequence_v1,tfidf_logreg_v1,4,0.4,0,0,True,0.5657905916012449,0.5657905916012449,0.4342094083987551
doc_00724,corruption_sequence_v1,tfidf_logreg_v1,5,0.5,0,0,True,0.5958033326050083,0.5958033326050083,0.4041966673949917
doc_00633,corruption_sequence_v1,tfidf_logreg_v1,0,0.0,0,1,False,0.5855631498859712,0.5855631498859712,0.4144368501140288
doc_00633,corruption_sequence_v1,tfidf_logreg_v1,1,0.1,0,1,False,0.5414834519729997,0.5414834519729997,0.45851654802700026
doc_00633,corruption_sequence_v1,tfidf_logreg_v1,2,0.2,1,1,True,0.5130274034807791,0.48697259651922087,0.5130274034807791
doc_00633,corruption_sequence_v1,tfidf_logreg_v1,3,0.3,0,1,False,0.5858520669842145,0.5858520669842145,0.41414793301578545
doc_00633,corruption_sequence_v1,tfidf_logreg_v1,4,0.4,0,1,False,0.5746640139058408,0.5746640139058408,0.4253359860941593
doc_00633,corruption_sequence_v1,tfidf_logreg_v1,5,0.5,0,1,False,0.6265480057271262,0.6265480057271262,0.3734519942728738
doc_01084,corruption_sequence_v1,tfidf_logreg_v1,0,0.0,0,1,False,0.532513823196257,0.532513823196257,0.467486176803743
doc_01084,corruption_sequence_v1,tfidf_logreg_v1,1,0.1,0,1,False,0.5553081631786585,0.5553081631786585,0.4446918368213415
doc_01084,corruption_sequence_v1,tfidf_logreg_v1,2,0.2,0,1,False,0.5081310683872444,0.5081310683872444,0.49186893161275563
doc_01084,corruption_sequence_v1,tfidf_logreg_v1,3,0.3,1,1,True,0.5205017300164003,0.4794982699835997,0.5205017300164003
doc_01084,corruption_sequence_v1,tfidf_logreg_v1,4,0.4,0,1,False,0.5403298542674972,0.5403298542674972,0.4596701457325028
doc_01084,corruption_sequence_v1,tfidf_logreg_v1,5,0.5,0,1,False,0.5307808153059862,0.5307808153059862,0.4692191846940138
doc_00125,corruption_sequence_v1,tfidf_logreg_v1,0,0.0,1,1,True,0.6891120964321343,0.31088790356786566,0.6891120964321343
doc_00125,corruption_sequence_v1,tfidf_logreg_v1,1,0.1,1,1,True,0.6789230878678173,0.3210769121321827,0.6789230878678173
doc_00125,corruption_sequence_v1,tfidf_logreg_v1,2,0.2,1,1,True,0.6721716130061355,0.3278283869938645,0.6721716130061355
doc_00125,corruption_sequence_v1,tfidf_logreg_v1,3,0.3,1,1,True,0.6792223964071605,0.32077760359283947,0.6792223964071605
doc_00125,corruption_sequence_v1,tfidf_logreg_v1,4,0.4,1,1,True,0.6310955051872047,0.3689044948127953,0.6310955051872047
doc_00125,corruption_sequence_v1,tfidf_logreg_v1,5,0.5,1,1,True,0.5449932552811103,0.4550067447188897,0.5449932552811103
doc_01205,corruption_sequence_v1,tfidf_logreg_v1,0,0.0,1,1,True,0.8691674217285057,0.1308325782714943,0.8691674217285057
doc_01205,corruption_sequence_v1,tfidf_logreg_v1,1,0.1,1,1,True,0.852550362445272,0.14744963755472795,0.852550362445272
doc_01205,corruption_sequence_v1,tfidf_logreg_v1,2,0.2,1,1,True,0.808874613548985,0.19112538645101496,0.808874613548985
doc_01205,corruption_sequence_v1,tfidf_logreg_v1,3,0.3,1,1,True,0.8182905161047533,0.18170948389524666,0.8182905161047533
doc_01205,corruption_sequence_v1,tfidf_logreg_v1,4,0.4,1,1,True,0.8490896880045699,0.15091031199543015,0.8490896880045699
doc_01205,corruption_sequence_v1,tfidf_logreg_v1,5,0.5,1,1,True,0.8068206087912446,0.19317939120875538,0.8068206087912446
doc_00847,corruption_sequence_v1,tfidf_logreg_v1,0,0.0,0,0,True,0.6008580739361947,0.6008580739361947,0.3991419260638053
doc_00847,corruption_sequence_v1,tfidf_logreg_v1,1,0.1,0,0,True,0.5615863378073509,0.5615863378073509,0.43841366219264905
doc_00847,corruption_sequence_v1,tfidf_logreg_v1,2,0.2,0,0,True,0.5570727712153734,0.5570727712153734,0.4429272287846266
doc_00847,corruption_sequence_v1,tfidf_logreg_v1,3,0.3,0,0,True,0.5301358096206245,0.5301358096206245,0.46986419037937555
doc_00847,corruption_sequence_v1,tfidf_logreg_v1,4,0.4,0,0,True,0.5707515384913062,0.5707515384913062,0.4292484615086937
doc_00847,corruption_sequence_v1,tfidf_logreg_v1,5,0.5,0,0,True,0.5214340594287523,0.5214340594287523,0.4785659405712477
doc_01475,corruption_sequence_v1,tfidf_logreg_v1,0,0.0,0,1,False,0.5712164257486416,0.5712164257486416,0.42878357425135843
doc_01475,corruption_sequence_v1,tfidf_logreg_v1,1,0.1,0,1,False,0.5565886678677932,0.5565886678677932,0.44341133213220685
doc_01475,corruption_sequence_v1,tfidf_logreg_v1,2,0.2,0,1,False,0.5712327168162906,0.5712327168162906,0.4287672831837094
doc_01475,corruption_sequence_v1,tfidf_logreg_v1,3,0.3,0,1,False,0.527683489330461,0.527683489330461,0.47231651066953895
doc_01475,corruption_sequence_v1,tfidf_logreg_v1,4,0.4,0,1,False,0.6257415207034878,0.6257415207034878,0.3742584792965123
doc_01475,corruption_sequence_v1,tfidf_logreg_v1,5,0.5,0,1,False,0.5999138235394703,0.5999138235394703,0.40008617646052974
doc_00786,corruption_sequence_v1,tfidf_logreg_v1,0,0.0,1,1,True,0.8948011458591899,0.1051988541408101,0.8948011458591899
doc_00786,corruption_sequence_v1,tfidf_logreg_v1,1,0.1,1,1,True,0.8928214996807767,0.10717850031922327,0.8928214996807767
doc_00786,corruption_sequence_v1,tfidf_logreg_v1,2,0.2,1,1,True,0.8776346653806547,0.12236533461934529,0.8776346653806547
doc_00786,corruption_sequence_v1,tfidf_logreg_v1,3,0.3,1,1,True,0.8706296039705028,0.12937039602949718,0.8706296039705028
doc_00786,corruption_sequence_v1,tfidf_logreg_v1,4,0.4,1,1,True,0.8751688528162441,0.12483114718375588,0.8751688528162441
doc_00786,corruption_sequence_v1,tfidf_logreg_v1,5,0.5,1,1,True,0.8782387267358289,0.12176127326417108,0.8782387267358289
doc_00428,corruption_sequence_v1,tfidf_logreg_v1,0,0.0,0,0,True,0.5550843223310399,0.5550843223310399,0.4449156776689601
doc_00428,corruption_sequence_v1,tfidf_logreg_v1,1,0.1,0,0,True,0.5221963232840146,0.5221963232840146,0.4778036767159854
doc_00428,corruption_sequence_v1,tfidf_logreg_v1,2,0.2,0,0,True,0.5750500614446016,0.5750500614446016,0.4249499385553984
doc_00428,corruption_sequence_v1,tfidf_logreg_v1,3,0.3,0,0,True,0.5713015165522961,0.5713015165522961,0.4286984834477039
doc_00428,corruption_sequence_v1,tfidf_logreg_v1,4,0.4,0,0,True,0.6150779301947737,0.6150779301947737,0.38492206980522625
doc_00428,corruption_sequence_v1,tfidf_logreg_v1,5,0.5,0,0,True,0.625429462985434,0.625429462985434,0.37457053701456605
doc_01453,corruption_sequence_v1,tfidf_logreg_v1,0,0.0,0,1,False,0.5118905322781797,0.5118905322781797,0.48810946772182034
doc_01453,corruption_sequence_v1,tfidf_logreg_v1,1,0.1,0,1,False,0.5115238630908372,0.5115238630908372,0.4884761369091628
doc_01453,corruption_sequence_v1,tfidf_logreg_v1,2,0.2,1,1,True,0.5186100038890921,0.48138999611090794,0.5186100038890921
doc_01453,corruption_sequence_v1,tfidf_logreg_v1,3,0.3,1,1,True,0.5033657945507701,0.49663420544922987,0.5033657945507701
doc_01453,corruption_sequence_v1,tfidf_logreg_v1,4,0.4,0,1,False,0.5014082060210294,0.5014082060210294,0.49859179397897063
doc_01453,corruption_sequence_v1,tfidf_logreg_v1,5,0.5,0,1,False,0.5444408955739741,0.5444408955739741,0.45555910442602593
doc_01067,corruption_sequence_v1,tfidf_logreg_v1,0,0.0,0,0,True,0.5128811993997503,0.5128811993997503,0.4871188006002497
doc_01067,corruption_sequence_v1,tfidf_logreg_v1,1,0.1,0,0,True,0.5579149368906255,0.5579149368906255,0.4420850631093744
doc_01067,corruption_sequence_v1,tfidf_logreg_v1,2,0.2,0,0,True,0.5657180506316184,0.5657180506316184,0.43428194936838166
doc_01067,corruption_sequence_v1,tfidf_logreg_v1,3,0.3,0,0,True,0.5503645192291244,0.5503645192291244,0.4496354807708755
doc_01067,corruption_sequence_v1,tfidf_logreg_v1,4,0.4,0,0,True,0.5063343503068409,0.5063343503068409,0.49366564969315907
doc_01067,corruption_sequence_v1,tfidf_logreg_v1,5,0.5,0,0,True,0.5336830578043809,0.5336830578043809,0.46631694219561914
doc_01167,corruption_sequence_v1,tfidf_logreg_v1,0,0.0,1,0,False,0.5568832950603252,0.4431167049396748,0.5568832950603252
doc_01167,corruption_sequence_v1,tfidf_logreg_v1,1,0.1,1,0,False,0.5760581723377459,0.4239418276622541,0.5760581723377459
doc_01167,corruption_sequence_v1,tfidf_logreg_v1,2,0.2,1,0,False,0.5032336056795454,0.49676639432045455,0.5032336056795454
doc_01167,corruption_sequence_v1,tfidf_logreg_v1,3,0.3,1,0,False,0.5649061916115624,0.4350938083884376,0.5649061916115624
doc_01167,corruption_sequence_v1,tfidf_logreg_v1,4,0.4,0,0,True,0.507338763362182,0.507338763362182,0.492661236637818
doc_01167,corruption_sequence_v1,tfidf_logreg_v1,5,0.5,0,0,True,0.5246659880181316,0.5246659880181316,0.4753340119818684
doc_01443,corruption_sequence_v1,tfidf_logreg_v1,0,0.0,1,1,True,0.843848708699217,0.15615129130078298,0.843848708699217
doc_01443,corruption_sequence_v1,tfidf_logreg_v1,1,0.1,1,1,True,0.823996207963594,0.17600379203640604,0.823996207963594
doc_01443,corruption_sequence_v1,tfidf_logreg_v1,2,0.2,1,1,True,0.8051748319283689,0.19482516807163108,0.8051748319283689
doc_01443,corruption_sequence_v1,tfidf_logreg_v1,3,0.3,1,1,True,0.8286580357926395,0.17134196420736048,0.8286580357926395
doc_01443,corruption_sequence_v1,tfidf_logreg_v1,4,0.4,1,1,True,0.7907098350943406,0.20929016490565944,0.7907098350943406
doc_01443,corruption_sequence_v1,tfidf_logreg_v1,5,0.5,1,1,True,0.740031677485349,0.25996832251465096,0.740031677485349
doc_00469,corruption_sequence_v1,tfidf_logreg_v1,0,0.0,1,1,True,0.764712576094862,0.23528742390513802,0.764712576094862
doc_00469,corruption_sequence_v1,tfidf_logreg_v1,1,0.1,1,1,True,0.7024225734840864,0.29757742651591357,0.7024225734840864
doc_00469,corruption_sequence_v1,tfidf_logreg_v1,2,0.2,1,1,True,0.7552302050277051,0.2447697949722949,0.7552302050277051
doc_00469,corruption_sequence_v1,tfidf_logreg_v1,3,0.3,1,1,True,0.7050429638261319,0.29495703617386815,0.7050429638261319
doc_00469,corruption_sequence_v1,tfidf_logreg_v1,4,0.4,1,1,True,0.7361611749997794,0.2638388250002206,0.7361611749997794
doc_00469,corruption_sequence_v1,tfidf_logreg_v1,5,0.5,1,1,True,0.7007479887835546,0.2992520112164454,0.7007479887835546
doc_00565,corruption_sequence_v1,tfidf_logreg_v1,0,0.0,0,0,True,0.6179771994605266,0.6179771994605266,0.38202280053947335
doc_00565,corruption_sequence_v1,tfidf_logreg_v1,1,0.1,0,0,True,0.6179771994605266,0.6179771994605266,0.38202280053947335
doc_00565,corruption_sequence_v1,tfidf_logreg_v1,2,0.2,0,0,True,0.6179771994605266,0.6179771994605266,0.38202280053947335
doc_00565,corruption_sequence_v1,tfidf_logreg_v1,3,0.3,0,0,True,0.6179771994605266,0.6179771994605266,0.38202280053947335
doc_00565,corruption_sequence_v1,tfidf_logreg_v1,4,0.4,0,0,True,0.6179771994605266,0.6179771994605266,0.38202280053947335
doc_00565,corruption_sequence_v1,tfidf_logreg_v1,5,0.5,0,0,True,0.6179771994605266,0.6179771994605266,0.38202280053947335
doc_00869,corruption_sequence_v1,tfidf_logreg_v1,0,0.0,0,0,True,0.7563202429660033,0.7563202429660033,0.2436797570339967
doc_00869,corruption_sequence_v1,tfidf_logreg_v1,1,0.1,0,0,True,0.7139394709869724,0.7139394709869724,0.28606052901302753
doc_00869,corruption_sequence_v1,tfidf_logreg_v1,2,0.2,0,0,True,0.6877074063214479,0.6877074063214479,0.3122925936785521
doc_00869,corruption_sequence_v1,tfidf_logreg_v1,3,0.3,0,0,True,0.7344496330549971,0.7344496330549971,0.2655503669450029
doc_00869,corruption_sequence_v1,tfidf_logreg_v1,4,0.4,0,0,True,0.7588356270325063,0.7588356270325063,0.2411643729674937
doc_00869,corruption_sequence_v1,tfidf_logreg_v1,5,0.5,0,0,True,0.7584005415761529,0.7584005415761529,0.24159945842384709
doc_00519,corruption_sequence_v1,tfidf_logreg_v1,0,0.0,1,0,False,0.550146714756159,0.44985328524384105,0.550146714756159
doc_00519,corruption_sequence_v1,tfidf_logreg_v1,1,0.1,1,0,False,0.5269670529860958,0.4730329470139042,0.5269670529860958
doc_00519,corruption_sequence_v1,tfidf_logreg_v1,2,0.2,1,0,False,0.5554677000466819,0.4445322999533181,0.5554677000466819
doc_00519,corruption_sequence_v1,tfidf_logreg_v1,3,0.3,1,0,False,0.5228024593814945,0.4771975406185055,0.5228024593814945
doc_00519,corruption_sequence_v1,tfidf_logreg_v1,4,0.4,1,0,False,0.5214225204985431,0.4785774795014569,0.5214225204985431
doc_00519,corruption_sequence_v1,tfidf_logreg_v1,5,0.5,1,0,False,0.5673400964202261,0.4326599035797739,0.5673400964202261
doc_01092,corruption_sequence_v1,tfidf_logreg_v1,0,0.0,1,0,False,0.5653032309197223,0.43469676908027766,0.5653032309197223
doc_01092,corruption_sequence_v1,tfidf_logreg_v1,1,0.1,1,0,False,0.5865618910054546,0.41343810899454536,0.5865618910054546
doc_01092,corruption_sequence_v1,tfidf_logreg_v1,2,0.2,1,0,False,0.5819735837752407,0.41802641622475933,0.5819735837752407
doc_01092,corruption_sequence_v1,tfidf_logreg_v1,3,0.3,1,0,False,0.5905692767418711,0.4094307232581289,0.5905692767418711
doc_01092,corruption_sequence_v1,tfidf_logreg_v1,4,0.4,1,0,False,0.5653726628516285,0.43462733714837154,0.5653726628516285
doc_01092,corruption_sequence_v1,tfidf_logreg_v1,5,0.5,1,0,False,0.5640130339081911,0.43598696609180887,0.5640130339081911
doc_00874,corruption_sequence_v1,tfidf_logreg_v1,0,0.0,1,1,True,0.73374519472909,0.26625480527091006,0.73374519472909
doc_00874,corruption_sequence_v1,tfidf_logreg_v1,1,0.1,1,1,True,0.7169666842206257,0.2830333157793743,0.7169666842206257
doc_00874,corruption_sequence_v1,tfidf_logreg_v1,2,0.2,1,1,True,0.6645935850919271,0.3354064149080729,0.6645935850919271
doc_00874,corruption_sequence_v1,tfidf_logreg_v1,3,0.3,1,1,True,0.7202465898958152,0.27975341010418475,0.7202465898958152
doc_00874,corruption_sequence_v1,tfidf_logreg_v1,4,0.4,1,1,True,0.698674655149271,0.30132534485072904,0.698674655149271
doc_00874,corruption_sequence_v1,tfidf_logreg_v1,5,0.5,1,1,True,0.6589035593933015,0.3410964406066985,0.6589035593933015
doc_00554,corruption_sequence_v1,tfidf_logreg_v1,0,0.0,1,1,True,0.8573104149012434,0.14268958509875662,0.8573104149012434
doc_00554,corruption_sequence_v1,tfidf_logreg_v1,1,0.1,1,1,True,0.8617943671208573,0.13820563287914267,0.8617943671208573
doc_00554,corruption_sequence_v1,tfidf_logreg_v1,2,0.2,1,1,True,0.8574824040482079,0.14251759595179214,0.8574824040482079
doc_00554,corruption_sequence_v1,tfidf_logreg_v1,3,0.3,1,1,True,0.8383038414184348,0.16169615858156516,0.8383038414184348
doc_00554,corruption_sequence_v1,tfidf_logreg_v1,4,0.4,1,1,True,0.8201588289602726,0.1798411710397274,0.8201588289602726
doc_00554,corruption_sequence_v1,tfidf_logreg_v1,5,0.5,1,1,True,0.7876381170790521,0.21236188292094793,0.7876381170790521
doc_01114,corruption_sequence_v1,tfidf_logreg_v1,0,0.0,0,0,True,0.6283246838303884,0.6283246838303884,0.3716753161696116
doc_01114,corruption_sequence_v1,tfidf_logreg_v1,1,0.1,0,0,True,0.6047135674547492,0.6047135674547492,0.3952864325452508
doc_01114,corruption_sequence_v1,tfidf_logreg_v1,2,0.2,0,0,True,0.5766719631331175,0.5766719631331175,0.4233280368668825
doc_01114,corruption_sequence_v1,tfidf_logreg_v1,3,0.3,0,0,True,0.6050501760890203,0.6050501760890203,0.3949498239109796
doc_01114,corruption_sequence_v1,tfidf_logreg_v1,4,0.4,0,0,True,0.6980115554190556,0.6980115554190556,0.3019884445809444
doc_01114,corruption_sequence_v1,tfidf_logreg_v1,5,0.5,0,0,True,0.5617465619828887,0.5617465619828887,0.4382534380171112
doc_00570,corruption_sequence_v1,tfidf_logreg_v1,0,0.0,1,1,True,0.9070651360035982,0.09293486399640183,0.9070651360035982
doc_00570,corruption_sequence_v1,tfidf_logreg_v1,1,0.1,1,1,True,0.8923813614459739,0.10761863855402609,0.8923813614459739
doc_00570,corruption_sequence_v1,tfidf_logreg_v1,2,0.2,1,1,True,0.8873385173532342,0.11266148264676579,0.8873385173532342
doc_00570,corruption_sequence_v1,tfidf_logreg_v1,3,0.3,1,1,True,0.8937302732864741,0.10626972671352586,0.8937302732864741
doc_00570,corruption_sequence_v1,tfidf_logreg_v1,4,0.4,1,1,True,0.8752606891888237,0.12473931081117628,0.8752606891888237
doc_00570,corruption_sequence_v1,tfidf_logreg_v1,5,0.5,1,1,True,0.8714799907023868,0.1285200092976132,0.8714799907023868
doc_00936,corruption_sequence_v1,tfidf_logreg_v1,0,0.0,1,1,True,0.5361170425322666,0.46388295746773345,0.5361170425322666
doc_00936,corruption_sequence_v1,tfidf_logreg_v1,1,0.1,1,1,True,0.5696209641316712,0.4303790358683288,0.5696209641316712
doc_00936,corruption_sequence_v1,tfidf_logreg_v1,2,0.2,1,1,True,0.5655642410071152,0.4344357589928848,0.5655642410071152
doc_00936,corruption_sequence_v1,tfidf_logreg_v1,3,0.3,1,1,True,0.52061110058075,0.47938889941925,0.52061110058075
doc_00936,corruption_sequence_v1,tfidf_logreg_v1,4,0.4,1,1,True,0.5597937496652223,0.44020625033477767,0.5597937496652223
doc_00936,corruption_sequence_v1,tfidf_logreg_v1,5,0.5,1,1,True,0.5109089404341753,0.48909105956582466,0.5109089404341753
doc_00023,corruption_sequence_v1,tfidf_logreg_v1,0,0.0,1,1,True,0.5708229321335544,0.4291770678664456,0.5708229321335544
doc_00023,corruption_sequence_v1,tfidf_logreg_v1,1,0.1,1,1,True,0.617327640052118,0.38267235994788196,0.617327640052118
doc_00023,corruption_sequence_v1,tfidf_logreg_v1,2,0.2,1,1,True,0.5693641192970068,0.4306358807029932,0.5693641192970068
doc_00023,corruption_sequence_v1,tfidf_logreg_v1,3,0.3,0,1,False,0.5191263572395912,0.5191263572395912,0.4808736427604088
doc_00023,corruption_sequence_v1,tfidf_logreg_v1,4,0.4,1,1,True,0.5306037179944779,0.4693962820055221,0.5306037179944779
doc_00023,corruption_sequence_v1,tfidf_logreg_v1,5,0.5,1,1,True,0.5048107089252767,0.4951892910747233,0.5048107089252767
doc_01131,corruption_sequence_v1,tfidf_logreg_v1,0,0.0,0,0,True,0.5643548889130252,0.5643548889130252,0.43564511108697485
doc_01131,corruption_sequence_v1,tfidf_logreg_v1,1,0.1,0,0,True,0.6151201445091022,0.6151201445091022,0.38487985549089776
doc_01131,corruption_sequence_v1,tfidf_logreg_v1,2,0.2,0,0,True,0.637064159891279,0.637064159891279,0.36293584010872104
doc_01131,corruption_sequence_v1,tfidf_logreg_v1,3,0.3,0,0,True,0.563353934012875,0.563353934012875,0.436646065987125
doc_01131,corruption_sequence_v1,tfidf_logreg_v1,4,0.4,0,0,True,0.5605100167764605,0.5605100167764605,0.43948998322353955
doc_01131,corruption_sequence_v1,tfidf_logreg_v1,5,0.5,0,0,True,0.6238472420790075,0.6238472420790075,0.37615275792099245
doc_01685,corruption_sequence_v1,tfidf_logreg_v1,0,0.0,1,1,True,0.6709849754366827,0.3290150245633173,0.6709849754366827
doc_01685,corruption_sequence_v1,tfidf_logreg_v1,1,0.1,1,1,True,0.6069532333878002,0.39304676661219984,0.6069532333878002
doc_01685,corruption_sequence_v1,tfidf_logreg_v1,2,0.2,1,1,True,0.5752567817002646,0.4247432182997354,0.5752567817002646
doc_01685,corruption_sequence_v1,tfidf_logreg_v1,3,0.3,1,1,True,0.5684599881071773,0.43154001189282265,0.5684599881071773
doc_01685,corruption_sequence_v1,tfidf_logreg_v1,4,0.4,1,1,True,0.6063723498253268,0.39362765017467316,0.6063723498253268
doc_01685,corruption_sequence_v1,tfidf_logreg_v1,5,0.5,1,1,True,0.5056467037190304,0.4943532962809696,0.5056467037190304
doc_00568,corruption_sequence_v1,tfidf_logreg_v1,0,0.0,1,0,False,0.83076699347438,0.16923300652562,0.83076699347438
doc_00568,corruption_sequence_v1,tfidf_logreg_v1,1,0.1,1,0,False,0.8251767527654439,0.1748232472345561,0.8251767527654439
doc_00568,corruption_sequence_v1,tfidf_logreg_v1,2,0.2,1,0,False,0.8302355172412027,0.1697644827587973,0.8302355172412027
doc_00568,corruption_sequence_v1,tfidf_logreg_v1,3,0.3,1,0,False,0.789311121830091,0.210688878169909,0.789311121830091
doc_00568,corruption_sequence_v1,tfidf_logreg_v1,4,0.4,1,0,False,0.7776364636934904,0.22236353630650962,0.7776364636934904
doc_00568,corruption_sequence_v1,tfidf_logreg_v1,5,0.5,1,0,False,0.8096147582778647,0.19038524172213533,0.8096147582778647
doc_00198,corruption_sequence_v1,tfidf_logreg_v1,0,0.0,0,0,True,0.6972298276676443,0.6972298276676443,0.30277017233235576
doc_00198,corruption_sequence_v1,tfidf_logreg_v1,1,0.1,0,0,True,0.6701147449676579,0.6701147449676579,0.3298852550323421
doc_00198,corruption_sequence_v1,tfidf_logreg_v1,2,0.2,0,0,True,0.6794141239536338,0.6794141239536338,0.3205858760463663
doc_00198,corruption_sequence_v1,tfidf_logreg_v1,3,0.3,0,0,True,0.6941165475274067,0.6941165475274067,0.30588345247259335
doc_00198,corruption_sequence_v1,tfidf_logreg_v1,4,0.4,0,0,True,0.6905896822013421,0.6905896822013421,0.3094103177986579
doc_00198,corruption_sequence_v1,tfidf_logreg_v1,5,0.5,0,0,True,0.6780666694747819,0.6780666694747819,0.3219333305252181
doc_00178,corruption_sequence_v1,tfidf_logreg_v1,0,0.0,1,1,True,0.9157774202110996,0.08422257978890035,0.9157774202110996
doc_00178,corruption_sequence_v1,tfidf_logreg_v1,1,0.1,1,1,True,0.913102679903293,0.08689732009670703,0.913102679903293
doc_00178,corruption_sequence_v1,tfidf_logreg_v1,2,0.2,1,1,True,0.9128840356796448,0.08711596432035518,0.9128840356796448
doc_00178,corruption_sequence_v1,tfidf_logreg_v1,3,0.3,1,1,True,0.8934313248765786,0.10656867512342139,0.8934313248765786
doc_00178,corruption_sequence_v1,tfidf_logreg_v1,4,0.4,1,1,True,0.884796640344551,0.11520335965544903,0.884796640344551
doc_00178,corruption_sequence_v1,tfidf_logreg_v1,5,0.5,1,1,True,0.8584344851959639,0.14156551480403612,0.8584344851959639
doc_01085,corruption_sequence_v1,tfidf_logreg_v1,0,0.0,1,1,True,0.8980362507949751,0.10196374920502493,0.8980362507949751
doc_01085,corruption_sequence_v1,tfidf_logreg_v1,1,0.1,1,1,True,0.8892569070504606,0.11074309294953943,0.8892569070504606
doc_01085,corruption_sequence_v1,tfidf_logreg_v1,2,0.2,1,1,True,0.880477999896308,0.11952200010369196,0.880477999896308
doc_01085,corruption_sequence_v1,tfidf_logreg_v1,3,0.3,1,1,True,0.8573799131493949,0.14262008685060512,0.8573799131493949
doc_01085,corruption_sequence_v1,tfidf_logreg_v1,4,0.4,1,1,True,0.877957084690047,0.12204291530995304,0.877957084690047
doc_01085,corruption_sequence_v1,tfidf_logreg_v1,5,0.5,1,1,True,0.8784234353432008,0.12157656465679922,0.8784234353432008
doc_01591,corruption_sequence_v1,tfidf_logreg_v1,0,0.0,0,0,True,0.5919319314020448,0.5919319314020448,0.40806806859795525
doc_01591,corruption_sequence_v1,tfidf_logreg_v1,1,0.1,0,0,True,0.6106455839473401,0.6106455839473401,0.38935441605265986
doc_01591,corruption_sequence_v1,tfidf_logreg_v1,2,0.2,0,0,True,0.6082034048073132,0.6082034048073132,0.39179659519268684
doc_01591,corruption_sequence_v1,tfidf_logreg_v1,3,0.3,0,0,True,0.6346349052602754,0.6346349052602754,0.36536509473972456
doc_01591,corruption_sequence_v1,tfidf_logreg_v1,4,0.4,0,0,True,0.6001196452199462,0.6001196452199462,0.39988035478005374
doc_01591,corruption_sequence_v1,tfidf_logreg_v1,5,0.5,0,0,True,0.5757670674939699,0.5757670674939699,0.42423293250603006
doc_01309,corruption_sequence_v1,tfidf_logreg_v1,0,0.0,1,1,True,0.5854190454249159,0.41458095457508415,0.5854190454249159
doc_01309,corruption_sequence_v1,tfidf_logreg_v1,1,0.1,1,1,True,0.6550096731610202,0.3449903268389798,0.6550096731610202
doc_01309,corruption_sequence_v1,tfidf_logreg_v1,2,0.2,1,1,True,0.5276478384543418,0.4723521615456582,0.5276478384543418
doc_01309,corruption_sequence_v1,tfidf_logreg_v1,3,0.3,1,1,True,0.604303305587869,0.39569669441213096,0.604303305587869
doc_01309,corruption_sequence_v1,tfidf_logreg_v1,4,0.4,1,1,True,0.5229956821579019,0.47700431784209807,0.5229956821579019
doc_01309,corruption_sequence_v1,tfidf_logreg_v1,5,0.5,1,1,True,0.6361082867158839,0.36389171328411607,0.6361082867158839
doc_01330,corruption_sequence_v1,tfidf_logreg_v1,0,0.0,1,1,True,0.5744028993547765,0.4255971006452235,0.5744028993547765
doc_01330,corruption_sequence_v1,tfidf_logreg_v1,1,0.1,1,1,True,0.5279757577119337,0.4720242422880663,0.5279757577119337
doc_01330,corruption_sequence_v1,tfidf_logreg_v1,2,0.2,1,1,True,0.5608701178763222,0.43912988212367776,0.5608701178763222
doc_01330,corruption_sequence_v1,tfidf_logreg_v1,3,0.3,0,1,False,0.5087474582163044,0.5087474582163044,0.4912525417836956
doc_01330,corruption_sequence_v1,tfidf_logreg_v1,4,0.4,1,1,True,0.5737588378773654,0.42624116212263463,0.5737588378773654
doc_01330,corruption_sequence_v1,tfidf_logreg_v1,5,0.5,0,1,False,0.5667678445870872,0.5667678445870872,0.4332321554129128
doc_01201,corruption_sequence_v1,tfidf_logreg_v1,0,0.0,0,0,True,0.5487620364945182,0.5487620364945182,0.45123796350548184
doc_01201,corruption_sequence_v1,tfidf_logreg_v1,1,0.1,0,0,True,0.5677612434371616,0.5677612434371616,0.4322387565628384
doc_01201,corruption_sequence_v1,tfidf_logreg_v1,2,0.2,0,0,True,0.5336126313911411,0.5336126313911411,0.4663873686088588
doc_01201,corruption_sequence_v1,tfidf_logreg_v1,3,0.3,0,0,True,0.618514695657037,0.618514695657037,0.381485304342963
doc_01201,corruption_sequence_v1,tfidf_logreg_v1,4,0.4,0,0,True,0.5915987644995554,0.5915987644995554,0.4084012355004446
doc_01201,corruption_sequence_v1,tfidf_logreg_v1,5,0.5,0,0,True,0.5922265044886357,0.5922265044886357,0.4077734955113643
doc_01336,corruption_sequence_v1,tfidf_logreg_v1,0,0.0,0,0,True,0.5858192117344438,0.5858192117344438,0.4141807882655562
doc_01336,corruption_sequence_v1,tfidf_logreg_v1,1,0.1,0,0,True,0.5452924299029667,0.5452924299029667,0.4547075700970333
doc_01336,corruption_sequence_v1,tfidf_logreg_v1,2,0.2,0,0,True,0.5344971070312234,0.5344971070312234,0.4655028929687766
doc_01336,corruption_sequence_v1,tfidf_logreg_v1,3,0.3,0,0,True,0.5727884391062342,0.5727884391062342,0.4272115608937658
doc_01336,corruption_sequence_v1,tfidf_logreg_v1,4,0.4,0,0,True,0.5834500042785057,0.5834500042785057,0.4165499957214943
doc_01336,corruption_sequence_v1,tfidf_logreg_v1,5,0.5,0,0,True,0.6546200158814134,0.6546200158814134,0.3453799841185866
doc_01169,corruption_sequence_v1,tfidf_logreg_v1,0,0.0,1,1,True,0.5255888098819681,0.4744111901180319,0.5255888098819681
doc_01169,corruption_sequence_v1,tfidf_logreg_v1,1,0.1,0,1,False,0.5208850569985777,0.5208850569985777,0.4791149430014223
doc_01169,corruption_sequence_v1,tfidf_logreg_v1,2,0.2,0,1,False,0.5440324769052902,0.5440324769052902,0.4559675230947097
doc_01169,corruption_sequence_v1,tfidf_logreg_v1,3,0.3,0,1,False,0.569416557323996,0.569416557323996,0.430583442676004
doc_01169,corruption_sequence_v1,tfidf_logreg_v1,4,0.4,0,1,False,0.5747132470573726,0.5747132470573726,0.42528675294262736
doc_01169,corruption_sequence_v1,tfidf_logreg_v1,5,0.5,0,1,False,0.5962132479052016,0.5962132479052016,0.4037867520947985
doc_01283,corruption_sequence_v1,tfidf_logreg_v1,0,0.0,1,1,True,0.9092662706598419,0.09073372934015811,0.9092662706598419
doc_01283,corruption_sequence_v1,tfidf_logreg_v1,1,0.1,1,1,True,0.9117424326402395,0.08825756735976054,0.9117424326402395
doc_01283,corruption_sequence_v1,tfidf_logreg_v1,2,0.2,1,1,True,0.8959475771707205,0.10405242282927951,0.8959475771707205
doc_01283,corruption_sequence_v1,tfidf_logreg_v1,3,0.3,1,1,True,0.8962150694921123,0.10378493050788773,0.8962150694921123
doc_01283,corruption_sequence_v1,tfidf_logreg_v1,4,0.4,1,1,True,0.8968742517042902,0.10312574829570975,0.8968742517042902
doc_01283,corruption_sequence_v1,tfidf_logreg_v1,5,0.5,1,1,True,0.8766334356914076,0.12336656430859239,0.8766334356914076
doc_00879,corruption_sequence_v1,tfidf_logreg_v1,0,0.0,1,0,False,0.5005554973857016,0.4994445026142984,0.5005554973857016
doc_00879,corruption_sequence_v1,tfidf_logreg_v1,1,0.1,1,0,False,0.5148556430209371,0.4851443569790629,0.5148556430209371
doc_00879,corruption_sequence_v1,tfidf_logreg_v1,2,0.2,0,0,True,0.5172013005219245,0.5172013005219245,0.48279869947807547
doc_00879,corruption_sequence_v1,tfidf_logreg_v1,3,0.3,1,0,False,0.5301011341209261,0.4698988658790739,0.5301011341209261
doc_00879,corruption_sequence_v1,tfidf_logreg_v1,4,0.4,1,0,False,0.5390220446713269,0.46097795532867314,0.5390220446713269
doc_00879,corruption_sequence_v1,tfidf_logreg_v1,5,0.5,1,0,False,0.5622024034999857,0.43779759650001426,0.5622024034999857
doc_01176,corruption_sequence_v1,tfidf_logreg_v1,0,0.0,1,1,True,0.7182707995485957,0.28172920045140426,0.7182707995485957
doc_01176,corruption_sequence_v1,tfidf_logreg_v1,1,0.1,1,1,True,0.7316759641542948,0.2683240358457052,0.7316759641542948
doc_01176,corruption_sequence_v1,tfidf_logreg_v1,2,0.2,1,1,True,0.7090018821154188,0.2909981178845812,0.7090018821154188
doc_01176,corruption_sequence_v1,tfidf_logreg_v1,3,0.3,1,1,True,0.6701874977367578,0.3298125022632422,0.6701874977367578
doc_01176,corruption_sequence_v1,tfidf_logreg_v1,4,0.4,1,1,True,0.7105454794191678,0.2894545205808322,0.7105454794191678
doc_01176,corruption_sequence_v1,tfidf_logreg_v1,5,0.5,1,1,True,0.7044818199604435,0.29551818003955654,0.7044818199604435
doc_01080,corruption_sequence_v1,tfidf_logreg_v1,0,0.0,1,1,True,0.6655707839073928,0.33442921609260723,0.6655707839073928
doc_01080,corruption_sequence_v1,tfidf_logreg_v1,1,0.1,1,1,True,0.7182919289595917,0.2817080710404083,0.7182919289595917
doc_01080,corruption_sequence_v1,tfidf_logreg_v1,2,0.2,1,1,True,0.6609742411579064,0.3390257588420936,0.6609742411579064
doc_01080,corruption_sequence_v1,tfidf_logreg_v1,3,0.3,1,1,True,0.7152926312716887,0.28470736872831126,0.7152926312716887
doc_01080,corruption_sequence_v1,tfidf_logreg_v1,4,0.4,1,1,True,0.6793629631332997,0.3206370368667003,0.6793629631332997
doc_01080,corruption_sequence_v1,tfidf_logreg_v1,5,0.5,1,1,True,0.6173271971986641,0.38267280280133587,0.6173271971986641
doc_01300,corruption_sequence_v1,tfidf_logreg_v1,0,0.0,1,1,True,0.515640533074114,0.48435946692588605,0.515640533074114
doc_01300,corruption_sequence_v1,tfidf_logreg_v1,1,0.1,0,1,False,0.5172922295434292,0.5172922295434292,0.48270777045657076
doc_01300,corruption_sequence_v1,tfidf_logreg_v1,2,0.2,0,1,False,0.5269448194277877,0.5269448194277877,0.4730551805722123
doc_01300,corruption_sequence_v1,tfidf_logreg_v1,3,0.3,1,1,True,0.520550833336408,0.47944916666359205,0.520550833336408
doc_01300,corruption_sequence_v1,tfidf_logreg_v1,4,0.4,0,1,False,0.5587772944145075,0.5587772944145075,0.4412227055854925
doc_01300,corruption_sequence_v1,tfidf_logreg_v1,5,0.5,0,1,False,0.5394058556322567,0.5394058556322567,0.4605941443677432
doc_00899,corruption_sequence_v1,tfidf_logreg_v1,0,0.0,0,0,True,0.5717928327401249,0.5717928327401249,0.428207167259875
doc_00899,corruption_sequence_v1,tfidf_logreg_v1,1,0.1,0,0,True,0.5519507394692322,0.5519507394692322,0.4480492605307677
doc_00899,corruption_sequence_v1,tfidf_logreg_v1,2,0.2,0,0,True,0.5961705243511779,0.5961705243511779,0.4038294756488221
doc_00899,corruption_sequence_v1,tfidf_logreg_v1,3,0.3,0,0,True,0.586139965820508,0.586139965820508,0.413860034179492
doc_00899,corruption_sequence_v1,tfidf_logreg_v1,4,0.4,0,0,True,0.5721107164105339,0.5721107164105339,0.4278892835894661
doc_00899,corruption_sequence_v1,tfidf_logreg_v1,5,0.5,0,0,True,0.573310648653599,0.573310648653599,0.4266893513464009
doc_00490,corruption_sequence_v1,tfidf_logreg_v1,0,0.0,1,1,True,0.7719578984389549,0.2280421015610451,0.7719578984389549
doc_00490,corruption_sequence_v1,tfidf_logreg_v1,1,0.1,1,1,True,0.7682015519634918,0.23179844803650818,0.7682015519634918
doc_00490,corruption_sequence_v1,tfidf_logreg_v1,2,0.2,1,1,True,0.772268456819872,0.227731543180128,0.772268456819872
doc_00490,corruption_sequence_v1,tfidf_logreg_v1,3,0.3,1,1,True,0.7222936340993615,0.27770636590063846,0.7222936340993615
doc_00490,corruption_sequence_v1,tfidf_logreg_v1,4,0.4,1,1,True,0.7360103127389219,0.2639896872610781,0.7360103127389219
doc_00490,corruption_sequence_v1,tfidf_logreg_v1,5,0.5,1,1,True,0.6654370958334147,0.3345629041665853,0.6654370958334147
doc_00045,corruption_sequence_v1,tfidf_logreg_v1,0,0.0,1,1,True,0.7998144066442932,0.20018559335570685,0.7998144066442932
doc_00045,corruption_sequence_v1,tfidf_logreg_v1,1,0.1,1,1,True,0.779821190295173,0.22017880970482695,0.779821190295173
doc_00045,corruption_sequence_v1,tfidf_logreg_v1,2,0.2,1,1,True,0.7992481885307428,0.20075181146925725,0.7992481885307428
doc_00045,corruption_sequence_v1,tfidf_logreg_v1,3,0.3,1,1,True,0.7642538737546877,0.23574612624531233,0.7642538737546877
doc_00045,corruption_sequence_v1,tfidf_logreg_v1,4,0.4,1,1,True,0.7849245218035891,0.21507547819641093,0.7849245218035891
doc_00045,corruption_sequence_v1,tfidf_logreg_v1,5,0.5,1,1,True,0.7593034762739584,0.24069652372604156,0.7593034762739584
doc_01524,corruption_sequence_v1,tfidf_logreg_v1,0,0.0,0,0,True,0.6531949580229606,0.6531949580229606,0.34680504197703943
doc_01524,corruption_sequence_v1,tfidf_logreg_v1,1,0.1,0,0,True,0.6017891363988542,0.6017891363988542,0.39821086360114577
doc_01524,corruption_sequence_v1,tfidf_logreg_v1,2,0.2,0,0,True,0.5872886784963802,0.5872886784963802,0.41271132150361983
doc_01524,corruption_sequence_v1,tfidf_logreg_v1,3,0.3,0,0,True,0.657887156859273,0.657887156859273,0.342112843140727
doc_01524,corruption_sequence_v1,tfidf_logreg_v1,4,0.4,0,0,True,0.5253364433247032,0.5253364433247032,0.47466355667529675
doc_01524,corruption_sequence_v1,tfidf_logreg_v1,5,0.5,0,0,True,0.684218958813585,0.684218958813585,0.3157810411864151
doc_00960,corruption_sequence_v1,tfidf_logreg_v1,0,0.0,1,1,True,0.614926210201246,0.38507378979875395,0.614926210201246
doc_00960,corruption_sequence_v1,tfidf_logreg_v1,1,0.1,1,1,True,0.5527467687836445,0.4472532312163555,0.5527467687836445
doc_00960,corruption_sequence_v1,tfidf_logreg_v1,2,0.2,1,1,True,0.5548738763010432,0.44512612369895677,0.5548738763010432
doc_00960,corruption_sequence_v1,tfidf_logreg_v1,3,0.3,1,1,True,0.5679498473955219,0.4320501526044781,0.5679498473955219
doc_00960,corruption_sequence_v1,tfidf_logreg_v1,4,0.4,1,1,True,0.6188392275539655,0.3811607724460345,0.6188392275539655
doc_00960,corruption_sequence_v1,tfidf_logreg_v1,5,0.5,1,1,True,0.5338492434700619,0.4661507565299381,0.5338492434700619
doc_00084,corruption_sequence_v1,tfidf_logreg_v1,0,0.0,1,0,False,0.5757280717903295,0.4242719282096705,0.5757280717903295
doc_00084,corruption_sequence_v1,tfidf_logreg_v1,1,0.1,1,0,False,0.5195847390226661,0.4804152609773339,0.5195847390226661
doc_00084,corruption_sequence_v1,tfidf_logreg_v1,2,0.2,1,0,False,0.5316202187661844,0.46837978123381563,0.5316202187661844
doc_00084,corruption_sequence_v1,tfidf_logreg_v1,3,0.3,0,0,True,0.5269940047037776,0.5269940047037776,0.47300599529622245
doc_00084,corruption_sequence_v1,tfidf_logreg_v1,4,0.4,1,0,False,0.6036017587595508,0.3963982412404492,0.6036017587595508
doc_00084,corruption_sequence_v1,tfidf_logreg_v1,5,0.5,1,0,False,0.5696711576719258,0.4303288423280742,0.5696711576719258
doc_00845,corruption_sequence_v1,tfidf_logreg_v1,0,0.0,1,1,True,0.5823542400129892,0.4176457599870108,0.5823542400129892
doc_00845,corruption_sequence_v1,tfidf_logreg_v1,1,0.1,1,1,True,0.5686499189127059,0.4313500810872941,0.5686499189127059
doc_00845,corruption_sequence_v1,tfidf_logreg_v1,2,0.2,1,1,True,0.5642118061703791,0.43578819382962086,0.5642118061703791
doc_00845,corruption_sequence_v1,tfidf_logreg_v1,3,0.3,1,1,True,0.5358168288893626,0.46418317111063745,0.5358168288893626
doc_00845,corruption_sequence_v1,tfidf_logreg_v1,4,0.4,1,1,True,0.5346017131706162,0.4653982868293838,0.5346017131706162
doc_00845,corruption_sequence_v1,tfidf_logreg_v1,5,0.5,1,1,True,0.5358713964891346,0.4641286035108654,0.5358713964891346
doc_00984,corruption_sequence_v1,tfidf_logreg_v1,0,0.0,0,1,False,0.6739827046918441,0.6739827046918441,0.3260172953081559
doc_00984,corruption_sequence_v1,tfidf_logreg_v1,1,0.1,0,1,False,0.6476117584263834,0.6476117584263834,0.35238824157361653
doc_00984,corruption_sequence_v1,tfidf_logreg_v1,2,0.2,0,1,False,0.6676427117343018,0.6676427117343018,0.33235728826569816
doc_00984,corruption_sequence_v1,tfidf_logreg_v1,3,0.3,0,1,False,0.5895355734381251,0.5895355734381251,0.4104644265618748
doc_00984,corruption_sequence_v1,tfidf_logreg_v1,4,0.4,0,1,False,0.5680305129178951,0.5680305129178951,0.431969487082105
doc_00984,corruption_sequence_v1,tfidf_logreg_v1,5,0.5,0,1,False,0.5953931263720851,0.5953931263720851,0.40460687362791486
doc_00003,corruption_sequence_v1,tfidf_logreg_v1,0,0.0,1,1,True,0.8244632080783949,0.1755367919216051,0.8244632080783949
doc_00003,corruption_sequence_v1,tfidf_logreg_v1,1,0.1,1,1,True,0.8248640976627585,0.17513590233724152,0.8248640976627585
doc_00003,corruption_sequence_v1,tfidf_logreg_v1,2,0.2,1,1,True,0.8083631906724301,0.19163680932756988,0.8083631906724301
doc_00003,corruption_sequence_v1,tfidf_logreg_v1,3,0.3,1,1,True,0.7283881738228568,0.2716118261771432,0.7283881738228568
doc_00003,corruption_sequence_v1,tfidf_logreg_v1,4,0.4,1,1,True,0.7757544424513021,0.2242455575486979,0.7757544424513021
doc_00003,corruption_sequence_v1,tfidf_logreg_v1,5,0.5,1,1,True,0.7408602667184137,0.25913973328158635,0.7408602667184137
doc_00509,corruption_sequence_v1,tfidf_logreg_v1,0,0.0,1,1,True,0.7607904936148224,0.23920950638517757,0.7607904936148224
doc_00509,corruption_sequence_v1,tfidf_logreg_v1,1,0.1,1,1,True,0.7734339770843062,0.22656602291569383,0.7734339770843062
doc_00509,corruption_sequence_v1,tfidf_logreg_v1,2,0.2,1,1,True,0.7753462095913891,0.2246537904086109,0.7753462095913891
doc_00509,corruption_sequence_v1,tfidf_logreg_v1,3,0.3,1,1,True,0.7229943664479036,0.2770056335520964,0.7229943664479036
doc_00509,corruption_sequence_v1,tfidf_logreg_v1,4,0.4,1,1,True,0.718810159728268,0.281189840271732,0.718810159728268
doc_00509,corruption_sequence_v1,tfidf_logreg_v1,5,0.5,1,1,True,0.6884228990090907,0.3115771009909093,0.6884228990090907
doc_00169,corruption_sequence_v1,tfidf_logreg_v1,0,0.0,1,1,True,0.837736467619374,0.16226353238062596,0.837736467619374
doc_00169,corruption_sequence_v1,tfidf_logreg_v1,1,0.1,1,1,True,0.8168280938013938,0.18317190619860624,0.8168280938013938
doc_00169,corruption_sequence_v1,tfidf_logreg_v1,2,0.2,1,1,True,0.8068440819240598,0.19315591807594024,0.8068440819240598
doc_00169,corruption_sequence_v1,tfidf_logreg_v1,3,0.3,1,1,True,0.8110268441259498,0.18897315587405017,0.8110268441259498
doc_00169,corruption_sequence_v1,tfidf_logreg_v1,4,0.4,1,1,True,0.7947997157579962,0.20520028424200376,0.7947997157579962
doc_00169,corruption_sequence_v1,tfidf_logreg_v1,5,0.5,1,1,True,0.7909777617850037,0.20902223821499633,0.7909777617850037
doc_00679,corruption_sequence_v1,tfidf_logreg_v1,0,0.0,0,0,True,0.6768432817502623,0.6768432817502623,0.3231567182497377
doc_00679,corruption_sequence_v1,tfidf_logreg_v1,1,0.1,0,0,True,0.7024912290264804,0.7024912290264804,0.29750877097351963
doc_00679,corruption_sequence_v1,tfidf_logreg_v1,2,0.2,0,0,True,0.6851371727093702,0.6851371727093702,0.3148628272906298
doc_00679,corruption_sequence_v1,tfidf_logreg_v1,3,0.3,0,0,True,0.6329915391991349,0.6329915391991349,0.36700846080086513
doc_00679,corruption_sequence_v1,tfidf_logreg_v1,4,0.4,0,0,True,0.6783937302688696,0.6783937302688696,0.3216062697311304
doc_00679,corruption_sequence_v1,tfidf_logreg_v1,5,0.5,0,0,True,0.6750715925823767,0.6750715925823767,0.3249284074176233
doc_00389,corruption_sequence_v1,tfidf_logreg_v1,0,0.0,1,1,True,0.7320024486244523,0.2679975513755477,0.7320024486244523
doc_00389,corruption_sequence_v1,tfidf_logreg_v1,1,0.1,1,1,True,0.6916174509274855,0.3083825490725145,0.6916174509274855
doc_00389,corruption_sequence_v1,tfidf_logreg_v1,2,0.2,1,1,True,0.6650650899611641,0.3349349100388359,0.6650650899611641
doc_00389,corruption_sequence_v1,tfidf_logreg_v1,3,0.3,1,1,True,0.6621537116984301,0.33784628830156993,0.6621537116984301
doc_00389,corruption_sequence_v1,tfidf_logreg_v1,4,0.4,1,1,True,0.5729186660256061,0.42708133397439385,0.5729186660256061
doc_00389,corruption_sequence_v1,tfidf_logreg_v1,5,0.5,1,1,True,0.5461039494179456,0.4538960505820544,0.5461039494179456
doc_01514,corruption_sequence_v1,tfidf_logreg_v1,0,0.0,1,1,True,0.6609613847278138,0.33903861527218615,0.6609613847278138
doc_01514,corruption_sequence_v1,tfidf_logreg_v1,1,0.1,1,1,True,0.6431371118872659,0.35686288811273414,0.6431371118872659
doc_01514,corruption_sequence_v1,tfidf_logreg_v1,2,0.2,1,1,True,0.6627893580533827,0.3372106419466173,0.6627893580533827
doc_01514,corruption_sequence_v1,tfidf_logreg_v1,3,0.3,1,1,True,0.6062103516230221,0.39378964837697794,0.6062103516230221
doc_01514,corruption_sequence_v1,tfidf_logreg_v1,4,0.4,1,1,True,0.6338996995447458,0.3661003004552542,0.6338996995447458
doc_01514,corruption_sequence_v1,tfidf_logreg_v1,5,0.5,1,1,True,0.6100144498957336,0.3899855501042664,0.6100144498957336
doc_00839,corruption_sequence_v1,tfidf_logreg_v1,0,0.0,0,0,True,0.5970773256262238,0.5970773256262238,0.4029226743737761
doc_00839,corruption_sequence_v1,tfidf_logreg_v1,1,0.1,0,0,True,0.5829291571932651,0.5829291571932651,0.41707084280673484
doc_00839,corruption_sequence_v1,tfidf_logreg_v1,2,0.2,0,0,True,0.5806406154307313,0.5806406154307313,0.4193593845692687
doc_00839,corruption_sequence_v1,tfidf_logreg_v1,3,0.3,0,0,True,0.6178084213416442,0.6178084213416442,0.38219157865835585
doc_00839,corruption_sequence_v1,tfidf_logreg_v1,4,0.4,0,0,True,0.6399111009487849,0.6399111009487849,0.3600888990512151
doc_00839,corruption_sequence_v1,tfidf_logreg_v1,5,0.5,0,0,True,0.54288221834266,0.54288221834266,0.45711778165733996
doc_01328,corruption_sequence_v1,tfidf_logreg_v1,0,0.0,0,0,True,0.629577565804311,0.629577565804311,0.37042243419568893
doc_01328,corruption_sequence_v1,tfidf_logreg_v1,1,0.1,0,0,True,0.5995652732185792,0.5995652732185792,0.4004347267814208
doc_01328,corruption_sequence_v1,tfidf_logreg_v1,2,0.2,0,0,True,0.5463049947980003,0.5463049947980003,0.4536950052019996
doc_01328,corruption_sequence_v1,tfidf_logreg_v1,3,0.3,0,0,True,0.5501005726547887,0.5501005726547887,0.4498994273452113
doc_01328,corruption_sequence_v1,tfidf_logreg_v1,4,0.4,0,0,True,0.6156189061986914,0.6156189061986914,0.3843810938013086
doc_01328,corruption_sequence_v1,tfidf_logreg_v1,5,0.5,0,0,True,0.5665494031471143,0.5665494031471143,0.43345059685288573
doc_00222,corruption_sequence_v1,tfidf_logreg_v1,0,0.0,1,0,False,0.5487397572640951,0.4512602427359049,0.5487397572640951
doc_00222,corruption_sequence_v1,tfidf_logreg_v1,1,0.1,1,0,False,0.5705355926661996,0.4294644073338004,0.5705355926661996
doc_00222,corruption_sequence_v1,tfidf_logreg_v1,2,0.2,1,0,False,0.5521527917439372,0.44784720825606283,0.5521527917439372
doc_00222,corruption_sequence_v1,tfidf_logreg_v1,3,0.3,1,0,False,0.5441788855333342,0.45582111446666584,0.5441788855333342
doc_00222,corruption_sequence_v1,tfidf_logreg_v1,4,0.4,1,0,False,0.5703111346715061,0.42968886532849393,0.5703111346715061
doc_00222,corruption_sequence_v1,tfidf_logreg_v1,5,0.5,0,0,True,0.5146947636478904,0.5146947636478904,0.48530523635210965
doc_01161,corruption_sequence_v1,tfidf_logreg_v1,0,0.0,1,1,True,0.8955118275776537,0.10448817242234631,0.8955118275776537
doc_01161,corruption_sequence_v1,tfidf_logreg_v1,1,0.1,1,1,True,0.901868755492418,0.09813124450758204,0.901868755492418
doc_01161,corruption_sequence_v1,tfidf_logreg_v1,2,0.2,1,1,True,0.878847213770145,0.12115278622985504,0.878847213770145
doc_01161,corruption_sequence_v1,tfidf_logreg_v1,3,0.3,1,1,True,0.881590677757524,0.11840932224247602,0.881590677757524
doc_01161,corruption_sequence_v1,tfidf_logreg_v1,4,0.4,1,1,True,0.8480055218760757,0.1519944781239243,0.8480055218760757
doc_01161,corruption_sequence_v1,tfidf_logreg_v1,5,0.5,1,1,True,0.8622837413474025,0.1377162586525975,0.8622837413474025
doc_00948,corruption_sequence_v1,tfidf_logreg_v1,0,0.0,1,1,True,0.5791026441910753,0.42089735580892473,0.5791026441910753
doc_00948,corruption_sequence_v1,tfidf_logreg_v1,1,0.1,1,1,True,0.5783227587436368,0.4216772412563632,0.5783227587436368
doc_00948,corruption_sequence_v1,tfidf_logreg_v1,2,0.2,1,1,True,0.6169875409561053,0.3830124590438947,0.6169875409561053
doc_00948,corruption_sequence_v1,tfidf_logreg_v1,3,0.3,1,1,True,0.5858400165228765,0.41415998347712346,0.5858400165228765
doc_00948,corruption_sequence_v1,tfidf_logreg_v1,4,0.4,1,1,True,0.5959517347731712,0.4040482652268288,0.5959517347731712
doc_00948,corruption_sequence_v1,tfidf_logreg_v1,5,0.5,0,1,False,0.5660000063870736,0.5660000063870736,0.43399999361292635
doc_00088,corruption_sequence_v1,tfidf_logreg_v1,0,0.0,1,1,True,0.6327359535220419,0.3672640464779581,0.6327359535220419
doc_00088,corruption_sequence_v1,tfidf_logreg_v1,1,0.1,1,1,True,0.6047129443859448,0.3952870556140552,0.6047129443859448
doc_00088,corruption_sequence_v1,tfidf_logreg_v1,2,0.2,1,1,True,0.6016087801788903,0.3983912198211097,0.6016087801788903
doc_00088,corruption_sequence_v1,tfidf_logreg_v1,3,0.3,1,1,True,0.5910430692610458,0.4089569307389542,0.5910430692610458
doc_00088,corruption_sequence_v1,tfidf_logreg_v1,4,0.4,1,1,True,0.6555677132449114,0.34443228675508863,0.6555677132449114
doc_00088,corruption_sequence_v1,tfidf_logreg_v1,5,0.5,1,1,True,0.584254977891882,0.41574502210811803,0.584254977891882
doc_01381,corruption_sequence_v1,tfidf_logreg_v1,0,0.0,1,0,False,0.5837941052910035,0.4162058947089965,0.5837941052910035
doc_01381,corruption_sequence_v1,tfidf_logreg_v1,1,0.1,1,0,False,0.5844336098485868,0.41556639015141317,0.5844336098485868
doc_01381,corruption_sequence_v1,tfidf_logreg_v1,2,0.2,1,0,False,0.5848917947494875,0.4151082052505125,0.5848917947494875
doc_01381,corruption_sequence_v1,tfidf_logreg_v1,3,0.3,1,0,False,0.6309970114754584,0.3690029885245416,0.6309970114754584
doc_01381,corruption_sequence_v1,tfidf_logreg_v1,4,0.4,1,0,False,0.571425672866166,0.42857432713383403,0.571425672866166
doc_01381,corruption_sequence_v1,tfidf_logreg_v1,5,0.5,1,0,False,0.5435151246515194,0.4564848753484806,0.5435151246515194
doc_00147,corruption_sequence_v1,tfidf_logreg_v1,0,0.0,1,1,True,0.6383033712927896,0.3616966287072104,0.6383033712927896
doc_00147,corruption_sequence_v1,tfidf_logreg_v1,1,0.1,1,1,True,0.6400705747884018,0.3599294252115982,0.6400705747884018
doc_00147,corruption_sequence_v1,tfidf_logreg_v1,2,0.2,1,1,True,0.6823356977098246,0.3176643022901754,0.6823356977098246
doc_00147,corruption_sequence_v1,tfidf_logreg_v1,3,0.3,1,1,True,0.5999938965390401,0.4000061034609599,0.5999938965390401
doc_00147,corruption_sequence_v1,tfidf_logreg_v1,4,0.4,1,1,True,0.5349709018128932,0.4650290981871068,0.5349709018128932
doc_00147,corruption_sequence_v1,tfidf_logreg_v1,5,0.5,1,1,True,0.5392740272938547,0.46072597270614535,0.5392740272938547
doc_01376,corruption_sequence_v1,tfidf_logreg_v1,0,0.0,1,1,True,0.7488791643549558,0.25112083564504417,0.7488791643549558
doc_01376,corruption_sequence_v1,tfidf_logreg_v1,1,0.1,1,1,True,0.7784559769142153,0.2215440230857847,0.7784559769142153
doc_01376,corruption_sequence_v1,tfidf_logreg_v1,2,0.2,1,1,True,0.7538538489485153,0.24614615105148474,0.7538538489485153
doc_01376,corruption_sequence_v1,tfidf_logreg_v1,3,0.3,1,1,True,0.7508171541805237,0.24918284581947625,0.7508171541805237
doc_01376,corruption_sequence_v1,tfidf_logreg_v1,4,0.4,1,1,True,0.6715079767510355,0.32849202324896454,0.6715079767510355
doc_01376,corruption_sequence_v1,tfidf_logreg_v1,5,0.5,1,1,True,0.6380313328782818,0.36196866712171816,0.6380313328782818
doc_01540,corruption_sequence_v1,tfidf_logreg_v1,0,0.0,0,0,True,0.6347802915901131,0.6347802915901131,0.3652197084098869
doc_01540,corruption_sequence_v1,tfidf_logreg_v1,1,0.1,0,0,True,0.6223862295484948,0.6223862295484948,0.3776137704515053
doc_01540,corruption_sequence_v1,tfidf_logreg_v1,2,0.2,0,0,True,0.603642883156557,0.603642883156557,0.39635711684344305
doc_01540,corruption_sequence_v1,tfidf_logreg_v1,3,0.3,0,0,True,0.5019590061818264,0.5019590061818264,0.4980409938181735
doc_01540,corruption_sequence_v1,tfidf_logreg_v1,4,0.4,0,0,True,0.5778407060683128,0.5778407060683128,0.4221592939316872
doc_01540,corruption_sequence_v1,tfidf_logreg_v1,5,0.5,0,0,True,0.6298106353579354,0.6298106353579354,0.3701893646420646
doc_01468,corruption_sequence_v1,tfidf_logreg_v1,0,0.0,1,1,True,0.6547105311372765,0.3452894688627235,0.6547105311372765
doc_01468,corruption_sequence_v1,tfidf_logreg_v1,1,0.1,1,1,True,0.5924930605428617,0.40750693945713834,0.5924930605428617
doc_01468,corruption_sequence_v1,tfidf_logreg_v1,2,0.2,1,1,True,0.6139015091739128,0.38609849082608716,0.6139015091739128
doc_01468,corruption_sequence_v1,tfidf_logreg_v1,3,0.3,1,1,True,0.532807588922572,0.46719241107742804,0.532807588922572
doc_01468,corruption_sequence_v1,tfidf_logreg_v1,4,0.4,1,1,True,0.6527933697039154,0.34720663029608456,0.6527933697039154
doc_01468,corruption_sequence_v1,tfidf_logreg_v1,5,0.5,0,1,False,0.5141917455526022,0.5141917455526022,0.4858082544473978
doc_00553,corruption_sequence_v1,tfidf_logreg_v1,0,0.0,1,1,True,0.8693567739714965,0.13064322602850353,0.8693567739714965
doc_00553,corruption_sequence_v1,tfidf_logreg_v1,1,0.1,1,1,True,0.871630568825037,0.12836943117496302,0.871630568825037
doc_00553,corruption_sequence_v1,tfidf_logreg_v1,2,0.2,1,1,True,0.8641424261932928,0.13585757380670715,0.8641424261932928
doc_00553,corruption_sequence_v1,tfidf_logreg_v1,3,0.3,1,1,True,0.8252223463906613,0.17477765360933872,0.8252223463906613
doc_00553,corruption_sequence_v1,tfidf_logreg_v1,4,0.4,1,1,True,0.814355034799231,0.185644965200769,0.814355034799231
doc_00553,corruption_sequence_v1,tfidf_logreg_v1,5,0.5,1,1,True,0.7970735214519351,0.2029264785480649,0.7970735214519351
doc_00794,corruption_sequence_v1,tfidf_logreg_v1,0,0.0,1,1,True,0.6426393586113618,0.3573606413886382,0.6426393586113618
doc_00794,corruption_sequence_v1,tfidf_logreg_v1,1,0.1,1,1,True,0.6262500763842395,0.37374992361576054,0.6262500763842395
doc_00794,corruption_sequence_v1,tfidf_logreg_v1,2,0.2,1,1,True,0.5845470662721605,0.41545293372783954,0.5845470662721605
doc_00794,corruption_sequence_v1,tfidf_logreg_v1,3,0.3,1,1,True,0.6540251884059043,0.3459748115940957,0.6540251884059043
doc_00794,corruption_sequence_v1,tfidf_logreg_v1,4,0.4,1,1,True,0.6292387149310668,0.37076128506893324,0.6292387149310668
doc_00794,corruption_sequence_v1,tfidf_logreg_v1,5,0.5,1,1,True,0.5307321060535436,0.4692678939464564,0.5307321060535436
doc_00342,corruption_sequence_v1,tfidf_logreg_v1,0,0.0,1,0,False,0.5805533922784595,0.4194466077215405,0.5805533922784595
doc_00342,corruption_sequence_v1,tfidf_logreg_v1,1,0.1,1,0,False,0.6204904735680004,0.37950952643199964,0.6204904735680004
doc_00342,corruption_sequence_v1,tfidf_logreg_v1,2,0.2,1,0,False,0.5623776848061014,0.4376223151938986,0.5623776848061014
doc_00342,corruption_sequence_v1,tfidf_logreg_v1,3,0.3,1,0,False,0.6033492568674915,0.3966507431325085,0.6033492568674915
doc_00342,corruption_sequence_v1,tfidf_logreg_v1,4,0.4,1,0,False,0.5022874147292544,0.4977125852707456,0.5022874147292544
doc_00342,corruption_sequence_v1,tfidf_logreg_v1,5,0.5,0,0,True,0.5406413198464382,0.5406413198464382,0.45935868015356185
doc_01607,corruption_sequence_v1,tfidf_logreg_v1,0,0.0,0,0,True,0.6939259416821453,0.6939259416821453,0.30607405831785467
doc_01607,corruption_sequence_v1,tfidf_logreg_v1,1,0.1,0,0,True,0.671004561802263,0.671004561802263,0.328995438197737
doc_01607,corruption_sequence_v1,tfidf_logreg_v1,2,0.2,0,0,True,0.6987309321175903,0.6987309321175903,0.3012690678824097
doc_01607,corruption_sequence_v1,tfidf_logreg_v1,3,0.3,0,0,True,0.7378151825196853,0.7378151825196853,0.2621848174803147
doc_01607,corruption_sequence_v1,tfidf_logreg_v1,4,0.4,0,0,True,0.6884166405626331,0.6884166405626331,0.3115833594373669
doc_01607,corruption_sequence_v1,tfidf_logreg_v1,5,0.5,0,0,True,0.6719159188974135,0.6719159188974135,0.3280840811025864
doc_00072,corruption_sequence_v1,tfidf_logreg_v1,0,0.0,0,0,True,0.5502650361501725,0.5502650361501725,0.4497349638498275
doc_00072,corruption_sequence_v1,tfidf_logreg_v1,1,0.1,0,0,True,0.5029576790249213,0.5029576790249213,0.4970423209750788
doc_00072,corruption_sequence_v1,tfidf_logreg_v1,2,0.2,1,0,False,0.5092665720580225,0.4907334279419775,0.5092665720580225
doc_00072,corruption_sequence_v1,tfidf_logreg_v1,3,0.3,0,0,True,0.533029027238578,0.533029027238578,0.4669709727614219
doc_00072,corruption_sequence_v1,tfidf_logreg_v1,4,0.4,0,0,True,0.5175033746668566,0.5175033746668566,0.4824966253331434
doc_00072,corruption_sequence_v1,tfidf_logreg_v1,5,0.5,0,0,True,0.6023797803908043,0.6023797803908043,0.3976202196091957
doc_01008,corruption_sequence_v1,tfidf_logreg_v1,0,0.0,1,1,True,0.6956797751546772,0.30432022484532284,0.6956797751546772
doc_01008,corruption_sequence_v1,tfidf_logreg_v1,1,0.1,1,1,True,0.6796564332040971,0.3203435667959029,0.6796564332040971
doc_01008,corruption_sequence_v1,tfidf_logreg_v1,2,0.2,1,1,True,0.6588745499019425,0.3411254500980575,0.6588745499019425
doc_01008,corruption_sequence_v1,tfidf_logreg_v1,3,0.3,1,1,True,0.6473397639574584,0.3526602360425416,0.6473397639574584
doc_01008,corruption_sequence_v1,tfidf_logreg_v1,4,0.4,1,1,True,0.6635933536923013,0.3364066463076987,0.6635933536923013
doc_01008,corruption_sequence_v1,tfidf_logreg_v1,5,0.5,1,1,True,0.5991024124913363,0.40089758750866367,0.5991024124913363
doc_00290,corruption_sequence_v1,tfidf_logreg_v1,0,0.0,1,0,False,0.7686349157475665,0.23136508425243352,0.7686349157475665
doc_00290,corruption_sequence_v1,tfidf_logreg_v1,1,0.1,1,0,False,0.7742594451334258,0.22574055486657418,0.7742594451334258
doc_00290,corruption_sequence_v1,tfidf_logreg_v1,2,0.2,1,0,False,0.7758214960984257,0.22417850390157434,0.7758214960984257
doc_00290,corruption_sequence_v1,tfidf_logreg_v1,3,0.3,1,0,False,0.7739107984989205,0.22608920150107947,0.7739107984989205
doc_00290,corruption_sequence_v1,tfidf_logreg_v1,4,0.4,1,0,False,0.6815905210728522,0.31840947892714777,0.6815905210728522
doc_00290,corruption_sequence_v1,tfidf_logreg_v1,5,0.5,1,0,False,0.6649282879331968,0.3350717120668032,0.6649282879331968
doc_00075,corruption_sequence_v1,tfidf_logreg_v1,0,0.0,0,0,True,0.8060134317385645,0.8060134317385645,0.1939865682614355
doc_00075,corruption_sequence_v1,tfidf_logreg_v1,1,0.1,0,0,True,0.7484202939836033,0.7484202939836033,0.2515797060163966
doc_00075,corruption_sequence_v1,tfidf_logreg_v1,2,0.2,0,0,True,0.7899585914204825,0.7899585914204825,0.21004140857951742
doc_00075,corruption_sequence_v1,tfidf_logreg_v1,3,0.3,0,0,True,0.8091187460380942,0.8091187460380942,0.19088125396190575
doc_00075,corruption_sequence_v1,tfidf_logreg_v1,4,0.4,0,0,True,0.7595687078671683,0.7595687078671683,0.24043129213283165
doc_00075,corruption_sequence_v1,tfidf_logreg_v1,5,0.5,0,0,True,0.8606388820711643,0.8606388820711643,0.1393611179288357
doc_00545,corruption_sequence_v1,tfidf_logreg_v1,0,0.0,1,0,False,0.5106456643893651,0.4893543356106349,0.5106456643893651
doc_00545,corruption_sequence_v1,tfidf_logreg_v1,1,0.1,0,0,True,0.5338752620418596,0.5338752620418596,0.4661247379581403
doc_00545,corruption_sequence_v1,tfidf_logreg_v1,2,0.2,0,0,True,0.5114170434531494,0.5114170434531494,0.4885829565468506
doc_00545,corruption_sequence_v1,tfidf_logreg_v1,3,0.3,0,0,True,0.5218729264972619,0.5218729264972619,0.47812707350273814
doc_00545,corruption_sequence_v1,tfidf_logreg_v1,4,0.4,0,0,True,0.5258244309600246,0.5258244309600246,0.4741755690399753
doc_00545,corruption_sequence_v1,tfidf_logreg_v1,5,0.5,1,0,False,0.5286086737315993,0.47139132626840075,0.5286086737315993
doc_00410,corruption_sequence_v1,tfidf_logreg_v1,0,0.0,1,1,True,0.6018197169033467,0.3981802830966533,0.6018197169033467
doc_00410,corruption_sequence_v1,tfidf_logreg_v1,1,0.1,1,1,True,0.6497590227816131,0.3502409772183869,0.6497590227816131
doc_00410,corruption_sequence_v1,tfidf_logreg_v1,2,0.2,1,1,True,0.5934047960175898,0.4065952039824102,0.5934047960175898
doc_00410,corruption_sequence_v1,tfidf_logreg_v1,3,0.3,1,1,True,0.6432177624299068,0.3567822375700932,0.6432177624299068
doc_00410,corruption_sequence_v1,tfidf_logreg_v1,4,0.4,1,1,True,0.6373302564671629,0.3626697435328371,0.6373302564671629
doc_00410,corruption_sequence_v1,tfidf_logreg_v1,5,0.5,1,1,True,0.5219691924128369,0.4780308075871631,0.5219691924128369
doc_00262,corruption_sequence_v1,tfidf_logreg_v1,0,0.0,1,1,True,0.6744174575504133,0.32558254244958673,0.6744174575504133
doc_00262,corruption_sequence_v1,tfidf_logreg_v1,1,0.1,1,1,True,0.6807588321039318,0.31924116789606816,0.6807588321039318
doc_00262,corruption_sequence_v1,tfidf_logreg_v1,2,0.2,1,1,True,0.699256752256525,0.30074324774347505,0.699256752256525
doc_00262,corruption_sequence_v1,tfidf_logreg_v1,3,0.3,1,1,True,0.655375558492413,0.344624441507587,0.655375558492413
doc_00262,corruption_sequence_v1,tfidf_logreg_v1,4,0.4,1,1,True,0.7197045389949844,0.28029546100501557,0.7197045389949844
doc_00262,corruption_sequence_v1,tfidf_logreg_v1,5,0.5,1,1,True,0.6157127792452332,0.38428722075476685,0.6157127792452332
doc_00012,corruption_sequence_v1,tfidf_logreg_v1,0,0.0,1,1,True,0.5636058653418335,0.43639413465816645,0.5636058653418335
doc_00012,corruption_sequence_v1,tfidf_logreg_v1,1,0.1,1,1,True,0.546106840932256,0.45389315906774397,0.546106840932256
doc_00012,corruption_sequence_v1,tfidf_logreg_v1,2,0.2,1,1,True,0.5216240758921742,0.4783759241078258,0.5216240758921742
doc_00012,corruption_sequence_v1,tfidf_logreg_v1,3,0.3,1,1,True,0.5496455127581824,0.4503544872418176,0.5496455127581824
doc_00012,corruption_sequence_v1,tfidf_logreg_v1,4,0.4,1,1,True,0.5368927014612506,0.46310729853874943,0.5368927014612506
doc_00012,corruption_sequence_v1,tfidf_logreg_v1,5,0.5,1,1,True,0.5214392289656237,0.47856077103437633,0.5214392289656237
doc_01249,corruption_sequence_v1,tfidf_logreg_v1,0,0.0,1,1,True,0.8572173713018089,0.14278262869819114,0.8572173713018089
doc_01249,corruption_sequence_v1,tfidf_logreg_v1,1,0.1,1,1,True,0.8966981086000931,0.10330189139990686,0.8966981086000931
doc_01249,corruption_sequence_v1,tfidf_logreg_v1,2,0.2,1,1,True,0.8065282030351387,0.19347179696486128,0.8065282030351387
doc_01249,corruption_sequence_v1,tfidf_logreg_v1,3,0.3,1,1,True,0.8314276754370865,0.1685723245629135,0.8314276754370865
doc_01249,corruption_sequence_v1,tfidf_logreg_v1,4,0.4,1,1,True,0.8340314422519552,0.16596855774804475,0.8340314422519552
doc_01249,corruption_sequence_v1,tfidf_logreg_v1,5,0.5,1,1,True,0.786715462710409,0.21328453728959096,0.786715462710409
doc_01684,corruption_sequence_v1,tfidf_logreg_v1,0,0.0,1,1,True,0.6791630828496594,0.3208369171503406,0.6791630828496594
doc_01684,corruption_sequence_v1,tfidf_logreg_v1,1,0.1,1,1,True,0.6918516258260597,0.30814837417394025,0.6918516258260597
doc_01684,corruption_sequence_v1,tfidf_logreg_v1,2,0.2,1,1,True,0.6415440154282488,0.3584559845717512,0.6415440154282488
doc_01684,corruption_sequence_v1,tfidf_logreg_v1,3,0.3,1,1,True,0.6640001773930857,0.3359998226069143,0.6640001773930857
doc_01684,corruption_sequence_v1,tfidf_logreg_v1,4,0.4,1,1,True,0.665258404552596,0.334741595447404,0.665258404552596
doc_01684,corruption_sequence_v1,tfidf_logreg_v1,5,0.5,1,1,True,0.6371870351300833,0.36281296486991665,0.6371870351300833
doc_01039,corruption_sequence_v1,tfidf_logreg_v1,0,0.0,1,1,True,0.55553075162697,0.44446924837303003,0.55553075162697
doc_01039,corruption_sequence_v1,tfidf_logreg_v1,1,0.1,1,1,True,0.5924740156970798,0.4075259843029202,0.5924740156970798
doc_01039,corruption_sequence_v1,tfidf_logreg_v1,2,0.2,1,1,True,0.5961701170960634,0.4038298829039366,0.5961701170960634
doc_01039,corruption_sequence_v1,tfidf_logreg_v1,3,0.3,1,1,True,0.5775322127296365,0.4224677872703635,0.5775322127296365
doc_01039,corruption_sequence_v1,tfidf_logreg_v1,4,0.4,1,1,True,0.5160762840847474,0.48392371591525263,0.5160762840847474
doc_01039,corruption_sequence_v1,tfidf_logreg_v1,5,0.5,1,1,True,0.5478075721350325,0.4521924278649675,0.5478075721350325
doc_00889,corruption_sequence_v1,tfidf_logreg_v1,0,0.0,0,0,True,0.5337433238489141,0.5337433238489141,0.4662566761510859
doc_00889,corruption_sequence_v1,tfidf_logreg_v1,1,0.1,0,0,True,0.5662994949600806,0.5662994949600806,0.43370050503991936
doc_00889,corruption_sequence_v1,tfidf_logreg_v1,2,0.2,0,0,True,0.528613301267418,0.528613301267418,0.471386698732582
doc_00889,corruption_sequence_v1,tfidf_logreg_v1,3,0.3,0,0,True,0.6496281826860331,0.6496281826860331,0.35037181731396694
doc_00889,corruption_sequence_v1,tfidf_logreg_v1,4,0.4,0,0,True,0.5820715383368592,0.5820715383368592,0.4179284616631408
doc_00889,corruption_sequence_v1,tfidf_logreg_v1,5,0.5,0,0,True,0.5111133893065344,0.5111133893065344,0.4888866106934656
doc_00547,corruption_sequence_v1,tfidf_logreg_v1,0,0.0,0,0,True,0.7036889901079959,0.7036889901079959,0.29631100989200415
doc_00547,corruption_sequence_v1,tfidf_logreg_v1,1,0.1,0,0,True,0.660319962565097,0.660319962565097,0.33968003743490305
doc_00547,corruption_sequence_v1,tfidf_logreg_v1,2,0.2,0,0,True,0.6804524473422455,0.6804524473422455,0.3195475526577545
doc_00547,corruption_sequence_v1,tfidf_logreg_v1,3,0.3,0,0,True,0.6911946899881722,0.6911946899881722,0.3088053100118277
doc_00547,corruption_sequence_v1,tfidf_logreg_v1,4,0.4,0,0,True,0.6840246607656641,0.6840246607656641,0.3159753392343358
doc_00547,corruption_sequence_v1,tfidf_logreg_v1,5,0.5,0,0,True,0.6457589416370667,0.6457589416370667,0.3542410583629333
doc_00588,corruption_sequence_v1,tfidf_logreg_v1,0,0.0,1,1,True,0.5419357332754658,0.45806426672453415,0.5419357332754658
doc_00588,corruption_sequence_v1,tfidf_logreg_v1,1,0.1,1,1,True,0.5577791411401639,0.4422208588598361,0.5577791411401639
doc_00588,corruption_sequence_v1,tfidf_logreg_v1,2,0.2,1,1,True,0.5271000048125252,0.47289999518747483,0.5271000048125252
doc_00588,corruption_sequence_v1,tfidf_logreg_v1,3,0.3,1,1,True,0.5017015404249954,0.4982984595750046,0.5017015404249954
doc_00588,corruption_sequence_v1,tfidf_logreg_v1,4,0.4,1,1,True,0.540777881712131,0.45922211828786896,0.540777881712131
doc_00588,corruption_sequence_v1,tfidf_logreg_v1,5,0.5,1,1,True,0.5757331014849616,0.4242668985150384,0.5757331014849616
doc_00629,corruption_sequence_v1,tfidf_logreg_v1,0,0.0,0,0,True,0.6823409556854818,0.6823409556854818,0.31765904431451825
doc_00629,corruption_sequence_v1,tfidf_logreg_v1,1,0.1,0,0,True,0.6619496537860584,0.6619496537860584,0.3380503462139416
doc_00629,corruption_sequence_v1,tfidf_logreg_v1,2,0.2,0,0,True,0.6649523424152126,0.6649523424152126,0.3350476575847874
doc_00629,corruption_sequence_v1,tfidf_logreg_v1,3,0.3,0,0,True,0.7113232880940163,0.7113232880940163,0.2886767119059837
doc_00629,corruption_sequence_v1,tfidf_logreg_v1,4,0.4,0,0,True,0.6577467008730278,0.6577467008730278,0.34225329912697217
doc_00629,corruption_sequence_v1,tfidf_logreg_v1,5,0.5,0,0,True,0.7120840168063063,0.7120840168063063,0.28791598319369377
doc_00429,corruption_sequence_v1,tfidf_logreg_v1,0,0.0,1,1,True,0.6683623220309195,0.3316376779690805,0.6683623220309195
doc_00429,corruption_sequence_v1,tfidf_logreg_v1,1,0.1,1,1,True,0.6470865239549254,0.3529134760450746,0.6470865239549254
doc_00429,corruption_sequence_v1,tfidf_logreg_v1,2,0.2,1,1,True,0.6375754397138041,0.36242456028619585,0.6375754397138041
doc_00429,corruption_sequence_v1,tfidf_logreg_v1,3,0.3,1,1,True,0.5908091527683157,0.4091908472316843,0.5908091527683157
doc_00429,corruption_sequence_v1,tfidf_logreg_v1,4,0.4,1,1,True,0.5844514652714785,0.4155485347285215,0.5844514652714785
doc_00429,corruption_sequence_v1,tfidf_logreg_v1,5,0.5,1,1,True,0.6813342852848784,0.3186657147151216,0.6813342852848784
doc_00226,corruption_sequence_v1,tfidf_logreg_v1,0,0.0,1,1,True,0.6262041357929472,0.3737958642070528,0.6262041357929472
doc_00226,corruption_sequence_v1,tfidf_logreg_v1,1,0.1,1,1,True,0.6741194842368935,0.3258805157631065,0.6741194842368935
doc_00226,corruption_sequence_v1,tfidf_logreg_v1,2,0.2,1,1,True,0.6357712675391873,0.36422873246081267,0.6357712675391873
doc_00226,corruption_sequence_v1,tfidf_logreg_v1,3,0.3,1,1,True,0.6670312615720929,0.3329687384279071,0.6670312615720929
doc_00226,corruption_sequence_v1,tfidf_logreg_v1,4,0.4,1,1,True,0.5892509708250455,0.4107490291749545,0.5892509708250455
doc_00226,corruption_sequence_v1,tfidf_logreg_v1,5,0.5,1,1,True,0.6333934937379653,0.3666065062620347,0.6333934937379653
doc_01310,corruption_sequence_v1,tfidf_logreg_v1,0,0.0,1,1,True,0.7317962281251926,0.2682037718748074,0.7317962281251926
doc_01310,corruption_sequence_v1,tfidf_logreg_v1,1,0.1,1,1,True,0.7271883956063867,0.2728116043936133,0.7271883956063867
doc_01310,corruption_sequence_v1,tfidf_logreg_v1,2,0.2,1,1,True,0.710072581265432,0.28992741873456795,0.710072581265432
doc_01310,corruption_sequence_v1,tfidf_logreg_v1,3,0.3,1,1,True,0.7373554203734518,0.2626445796265482,0.7373554203734518
doc_01310,corruption_sequence_v1,tfidf_logreg_v1,4,0.4,1,1,True,0.6817005286794597,0.31829947132054026,0.6817005286794597
doc_01310,corruption_sequence_v1,tfidf_logreg_v1,5,0.5,1,1,True,0.6862151239568252,0.31378487604317484,0.6862151239568252
doc_01280,corruption_sequence_v1,tfidf_logreg_v1,0,0.0,0,0,True,0.8888936901547161,0.8888936901547161,0.1111063098452839
doc_01280,corruption_sequence_v1,tfidf_logreg_v1,1,0.1,0,0,True,0.7710772256536372,0.7710772256536372,0.22892277434636277
doc_01280,corruption_sequence_v1,tfidf_logreg_v1,2,0.2,0,0,True,0.7782920483093034,0.7782920483093034,0.22170795169069657
doc_01280,corruption_sequence_v1,tfidf_logreg_v1,3,0.3,0,0,True,0.6823283496806343,0.6823283496806343,0.3176716503193658
doc_01280,corruption_sequence_v1,tfidf_logreg_v1,4,0.4,0,0,True,0.8424339710401686,0.8424339710401686,0.1575660289598314
doc_01280,corruption_sequence_v1,tfidf_logreg_v1,5,0.5,0,0,True,0.6506583978327326,0.6506583978327326,0.3493416021672674
doc_01562,corruption_sequence_v1,tfidf_logreg_v1,0,0.0,0,0,True,0.5546611139796602,0.5546611139796602,0.4453388860203397
doc_01562,corruption_sequence_v1,tfidf_logreg_v1,1,0.1,0,0,True,0.5400272331662097,0.5400272331662097,0.45997276683379035
doc_01562,corruption_sequence_v1,tfidf_logreg_v1,2,0.2,0,0,True,0.5232667466948946,0.5232667466948946,0.47673325330510546
doc_01562,corruption_sequence_v1,tfidf_logreg_v1,3,0.3,0,0,True,0.5476300479690941,0.5476300479690941,0.45236995203090596
doc_01562,corruption_sequence_v1,tfidf_logreg_v1,4,0.4,0,0,True,0.516562188023397,0.516562188023397,0.4834378119766029
doc_01562,corruption_sequence_v1,tfidf_logreg_v1,5,0.5,0,0,True,0.5551992398801675,0.5551992398801675,0.44480076011983255
doc_00143,corruption_sequence_v1,tfidf_logreg_v1,0,0.0,0,1,False,0.50777387858307,0.50777387858307,0.49222612141693
doc_00143,corruption_sequence_v1,tfidf_logreg_v1,1,0.1,0,1,False,0.5206523303028749,0.5206523303028749,0.47934766969712506
doc_00143,corruption_sequence_v1,tfidf_logreg_v1,2,0.2,0,1,False,0.5408769413133978,0.5408769413133978,0.45912305868660214
doc_00143,corruption_sequence_v1,tfidf_logreg_v1,3,0.3,0,1,False,0.5089442267074833,0.5089442267074833,0.49105577329251665
doc_00143,corruption_sequence_v1,tfidf_logreg_v1,4,0.4,0,1,False,0.5291466000552095,0.5291466000552095,0.4708533999447905
doc_00143,corruption_sequence_v1,tfidf_logreg_v1,5,0.5,0,1,False,0.5467786434053297,0.5467786434053297,0.4532213565946704
doc_01433,corruption_sequence_v1,tfidf_logreg_v1,0,0.0,0,0,True,0.6548620325453218,0.6548620325453218,0.3451379674546781
doc_01433,corruption_sequence_v1,tfidf_logreg_v1,1,0.1,0,0,True,0.6670870406796923,0.6670870406796923,0.33291295932030773
doc_01433,corruption_sequence_v1,tfidf_logreg_v1,2,0.2,0,0,True,0.6920644199369417,0.6920644199369417,0.3079355800630584
doc_01433,corruption_sequence_v1,tfidf_logreg_v1,3,0.3,0,0,True,0.6783791111371741,0.6783791111371741,0.3216208888628259
doc_01433,corruption_sequence_v1,tfidf_logreg_v1,4,0.4,0,0,True,0.6604042887009678,0.6604042887009678,0.33959571129903215
doc_01433,corruption_sequence_v1,tfidf_logreg_v1,5,0.5,0,0,True,0.5768957220827013,0.5768957220827013,0.42310427791729865
doc_01019,corruption_sequence_v1,tfidf_logreg_v1,0,0.0,1,0,False,0.5054292326387356,0.4945707673612644,0.5054292326387356
doc_01019,corruption_sequence_v1,tfidf_logreg_v1,1,0.1,1,0,False,0.5513713466623555,0.44862865333764446,0.5513713466623555
doc_01019,corruption_sequence_v1,tfidf_logreg_v1,2,0.2,1,0,False,0.5739734810640064,0.42602651893599364,0.5739734810640064
doc_01019,corruption_sequence_v1,tfidf_logreg_v1,3,0.3,1,0,False,0.5082249319919172,0.4917750680080828,0.5082249319919172
doc_01019,corruption_sequence_v1,tfidf_logreg_v1,4,0.4,0,0,True,0.513385940250892,0.513385940250892,0.486614059749108
doc_01019,corruption_sequence_v1,tfidf_logreg_v1,5,0.5,1,0,False,0.5399913581257133,0.4600086418742867,0.5399913581257133
doc_00087,corruption_sequence_v1,tfidf_logreg_v1,0,0.0,1,1,True,0.7753916493637819,0.2246083506362181,0.7753916493637819
doc_00087,corruption_sequence_v1,tfidf_logreg_v1,1,0.1,1,1,True,0.7582213657406337,0.2417786342593663,0.7582213657406337
doc_00087,corruption_sequence_v1,tfidf_logreg_v1,2,0.2,1,1,True,0.7157745585208212,0.28422544147917883,0.7157745585208212
doc_00087,corruption_sequence_v1,tfidf_logreg_v1,3,0.3,1,1,True,0.7485622273168934,0.25143777268310663,0.7485622273168934
doc_00087,corruption_sequence_v1,tfidf_logreg_v1,4,0.4,1,1,True,0.7146617412466335,0.2853382587533665,0.7146617412466335
doc_00087,corruption_sequence_v1,tfidf_logreg_v1,5,0.5,1,1,True,0.6756405958326445,0.32435940416735554,0.6756405958326445
doc_01741,corruption_sequence_v1,tfidf_logreg_v1,0,0.0,1,1,True,0.6608867417144114,0.3391132582855886,0.6608867417144114
doc_01741,corruption_sequence_v1,tfidf_logreg_v1,1,0.1,1,1,True,0.6589077950012499,0.34109220499875015,0.6589077950012499
doc_01741,corruption_sequence_v1,tfidf_logreg_v1,2,0.2,1,1,True,0.6748893277327626,0.32511067226723744,0.6748893277327626
doc_01741,corruption_sequence_v1,tfidf_logreg_v1,3,0.3,1,1,True,0.6541872232001216,0.34581277679987843,0.6541872232001216
doc_01741,corruption_sequence_v1,tfidf_logreg_v1,4,0.4,1,1,True,0.6245329399901881,0.3754670600098119,0.6245329399901881
doc_01741,corruption_sequence_v1,tfidf_logreg_v1,5,0.5,1,1,True,0.6107944491105805,0.38920555088941955,0.6107944491105805
doc_00175,corruption_sequence_v1,tfidf_logreg_v1,0,0.0,0,0,True,0.7038299008270472,0.7038299008270472,0.2961700991729528
doc_00175,corruption_sequence_v1,tfidf_logreg_v1,1,0.1,0,0,True,0.6768990851777189,0.6768990851777189,0.3231009148222811
doc_00175,corruption_sequence_v1,tfidf_logreg_v1,2,0.2,0,0,True,0.6949981626620942,0.6949981626620942,0.3050018373379057
doc_00175,corruption_sequence_v1,tfidf_logreg_v1,3,0.3,0,0,True,0.6461910545483904,0.6461910545483904,0.3538089454516096
doc_00175,corruption_sequence_v1,tfidf_logreg_v1,4,0.4,0,0,True,0.6873641728333659,0.6873641728333659,0.3126358271666341
doc_00175,corruption_sequence_v1,tfidf_logreg_v1,5,0.5,0,0,True,0.7190973375176479,0.7190973375176479,0.280902662482352
doc_01262,corruption_sequence_v1,tfidf_logreg_v1,0,0.0,1,0,False,0.5016552149753967,0.49834478502460333,0.5016552149753967
doc_01262,corruption_sequence_v1,tfidf_logreg_v1,1,0.1,1,0,False,0.5047739505420304,0.49522604945796955,0.5047739505420304
doc_01262,corruption_sequence_v1,tfidf_logreg_v1,2,0.2,1,0,False,0.5216741353284607,0.47832586467153926,0.5216741353284607
doc_01262,corruption_sequence_v1,tfidf_logreg_v1,3,0.3,0,0,True,0.5134657538033938,0.5134657538033938,0.4865342461966063
doc_01262,corruption_sequence_v1,tfidf_logreg_v1,4,0.4,0,0,True,0.5314054894211107,0.5314054894211107,0.46859451057888934
doc_01262,corruption_sequence_v1,tfidf_logreg_v1,5,0.5,0,0,True,0.5003131707313386,0.5003131707313386,0.4996868292686614
doc_00515,corruption_sequence_v1,tfidf_logreg_v1,0,0.0,0,1,False,0.5938453530733008,0.5938453530733008,0.4061546469266992
doc_00515,corruption_sequence_v1,tfidf_logreg_v1,1,0.1,0,1,False,0.6084281579958728,0.6084281579958728,0.39157184200412715
doc_00515,corruption_sequence_v1,tfidf_logreg_v1,2,0.2,0,1,False,0.563086513697505,0.563086513697505,0.43691348630249505
doc_00515,corruption_sequence_v1,tfidf_logreg_v1,3,0.3,0,1,False,0.6022767191067238,0.6022767191067238,0.39772328089327624
doc_00515,corruption_sequence_v1,tfidf_logreg_v1,4,0.4,0,1,False,0.538093669591577,0.538093669591577,0.46190633040842294
doc_00515,corruption_sequence_v1,tfidf_logreg_v1,5,0.5,0,1,False,0.6452974381271299,0.6452974381271299,0.35470256187287
doc_01661,corruption_sequence_v1,tfidf_logreg_v1,0,0.0,1,1,True,0.7365900453775462,0.26340995462245376,0.7365900453775462
doc_01661,corruption_sequence_v1,tfidf_logreg_v1,1,0.1,1,1,True,0.740917507148501,0.259082492851499,0.740917507148501
doc_01661,corruption_sequence_v1,tfidf_logreg_v1,2,0.2,1,1,True,0.7762557873408259,0.2237442126591741,0.7762557873408259
doc_01661,corruption_sequence_v1,tfidf_logreg_v1,3,0.3,1,1,True,0.7462972665444418,0.25370273345555816,0.7462972665444418
doc_01661,corruption_sequence_v1,tfidf_logreg_v1,4,0.4,1,1,True,0.7265422193087901,0.27345778069120985,0.7265422193087901
doc_01661,corruption_sequence_v1,tfidf_logreg_v1,5,0.5,1,1,True,0.6538265777631661,0.3461734222368339,0.6538265777631661
doc_00258,corruption_sequence_v1,tfidf_logreg_v1,0,0.0,1,1,True,0.6605770053055229,0.3394229946944771,0.6605770053055229
doc_00258,corruption_sequence_v1,tfidf_logreg_v1,1,0.1,1,1,True,0.7192771222782754,0.28072287772172455,0.7192771222782754
doc_00258,corruption_sequence_v1,tfidf_logreg_v1,2,0.2,1,1,True,0.6733142829526255,0.3266857170473745,0.6733142829526255
doc_00258,corruption_sequence_v1,tfidf_logreg_v1,3,0.3,1,1,True,0.5388185472035701,0.46118145279642986,0.5388185472035701
doc_00258,corruption_sequence_v1,tfidf_logreg_v1,4,0.4,1,1,True,0.588374927737089,0.411625072262911,0.588374927737089
doc_00258,corruption_sequence_v1,tfidf_logreg_v1,5,0.5,1,1,True,0.5588459753892031,0.4411540246107969,0.5588459753892031
doc_00006,corruption_sequence_v1,tfidf_logreg_v1,0,0.0,1,1,True,0.7708624123473325,0.22913758765266745,0.7708624123473325
doc_00006,corruption_sequence_v1,tfidf_logreg_v1,1,0.1,1,1,True,0.7774508761305414,0.22254912386945858,0.7774508761305414
doc_00006,corruption_sequence_v1,tfidf_logreg_v1,2,0.2,1,1,True,0.7494141134217918,0.25058588657820824,0.7494141134217918
doc_00006,corruption_sequence_v1,tfidf_logreg_v1,3,0.3,1,1,True,0.7635251640338205,0.23647483596617946,0.7635251640338205
doc_00006,corruption_sequence_v1,tfidf_logreg_v1,4,0.4,1,1,True,0.7887608075170777,0.21123919248292233,0.7887608075170777
doc_00006,corruption_sequence_v1,tfidf_logreg_v1,5,0.5,1,1,True,0.6647856212754667,0.3352143787245333,0.6647856212754667
doc_00640,corruption_sequence_v1,tfidf_logreg_v1,0,0.0,0,0,True,0.7157604319998413,0.7157604319998413,0.2842395680001587
doc_00640,corruption_sequence_v1,tfidf_logreg_v1,1,0.1,0,0,True,0.6592919602690863,0.6592919602690863,0.34070803973091374
doc_00640,corruption_sequence_v1,tfidf_logreg_v1,2,0.2,0,0,True,0.644541129499058,0.644541129499058,0.3554588705009421
doc_00640,corruption_sequence_v1,tfidf_logreg_v1,3,0.3,0,0,True,0.5947719331307748,0.5947719331307748,0.40522806686922525
doc_00640,corruption_sequence_v1,tfidf_logreg_v1,4,0.4,0,0,True,0.6070086747577574,0.6070086747577574,0.39299132524224256
doc_00640,corruption_sequence_v1,tfidf_logreg_v1,5,0.5,0,0,True,0.5993973289752224,0.5993973289752224,0.4006026710247776
doc_00559,corruption_sequence_v1,tfidf_logreg_v1,0,0.0,1,1,True,0.7283400013424274,0.2716599986575726,0.7283400013424274
doc_00559,corruption_sequence_v1,tfidf_logreg_v1,1,0.1,1,1,True,0.7187531874722596,0.2812468125277404,0.7187531874722596
doc_00559,corruption_sequence_v1,tfidf_logreg_v1,2,0.2,1,1,True,0.7590354420611863,0.24096455793881366,0.7590354420611863
doc_00559,corruption_sequence_v1,tfidf_logreg_v1,3,0.3,1,1,True,0.6702954156924065,0.32970458430759353,0.6702954156924065
doc_00559,corruption_sequence_v1,tfidf_logreg_v1,4,0.4,1,1,True,0.7011065090239844,0.2988934909760156,0.7011065090239844
doc_00559,corruption_sequence_v1,tfidf_logreg_v1,5,0.5,1,1,True,0.6912536642300929,0.30874633576990707,0.6912536642300929
doc_00996,corruption_sequence_v1,tfidf_logreg_v1,0,0.0,1,1,True,0.6289990439901552,0.37100095600984484,0.6289990439901552
doc_00996,corruption_sequence_v1,tfidf_logreg_v1,1,0.1,1,1,True,0.594992517513015,0.40500748248698504,0.594992517513015
doc_00996,corruption_sequence_v1,tfidf_logreg_v1,2,0.2,1,1,True,0.6210216611334867,0.37897833886651333,0.6210216611334867
doc_00996,corruption_sequence_v1,tfidf_logreg_v1,3,0.3,1,1,True,0.6212921558354365,0.3787078441645635,0.6212921558354365
doc_00996,corruption_sequence_v1,tfidf_logreg_v1,4,0.4,1,1,True,0.5352819677833307,0.4647180322166693,0.5352819677833307
doc_00996,corruption_sequence_v1,tfidf_logreg_v1,5,0.5,1,1,True,0.5626481358008469,0.43735186419915306,0.5626481358008469
doc_00872,corruption_sequence_v1,tfidf_logreg_v1,0,0.0,0,0,True,0.5461146309026181,0.5461146309026181,0.4538853690973819
doc_00872,corruption_sequence_v1,tfidf_logreg_v1,1,0.1,0,0,True,0.58311890077439,0.58311890077439,0.41688109922561006
doc_00872,corruption_sequence_v1,tfidf_logreg_v1,2,0.2,0,0,True,0.5128875909026315,0.5128875909026315,0.4871124090973685
doc_00872,corruption_sequence_v1,tfidf_logreg_v1,3,0.3,0,0,True,0.6290171959531998,0.6290171959531998,0.37098280404680023
doc_00872,corruption_sequence_v1,tfidf_logreg_v1,4,0.4,0,0,True,0.5806005096849942,0.5806005096849942,0.4193994903150058
doc_00872,corruption_sequence_v1,tfidf_logreg_v1,5,0.5,0,0,True,0.6145340363042868,0.6145340363042868,0.3854659636957132
doc_01363,corruption_sequence_v1,tfidf_logreg_v1,0,0.0,1,1,True,0.6464994957563346,0.3535005042436654,0.6464994957563346
doc_01363,corruption_sequence_v1,tfidf_logreg_v1,1,0.1,1,1,True,0.6404526659020692,0.3595473340979308,0.6404526659020692
doc_01363,corruption_sequence_v1,tfidf_logreg_v1,2,0.2,1,1,True,0.6364737019415875,0.3635262980584125,0.6364737019415875
doc_01363,corruption_sequence_v1,tfidf_logreg_v1,3,0.3,1,1,True,0.6280472608328829,0.37195273916711713,0.6280472608328829
doc_01363,corruption_sequence_v1,tfidf_logreg_v1,4,0.4,1,1,True,0.6701838823644859,0.3298161176355141,0.6701838823644859
doc_01363,corruption_sequence_v1,tfidf_logreg_v1,5,0.5,0,1,False,0.5235016919131912,0.5235016919131912,0.4764983080868088
doc_01374,corruption_sequence_v1,tfidf_logreg_v1,0,0.0,1,0,False,0.5170106161076946,0.4829893838923054,0.5170106161076946
doc_01374,corruption_sequence_v1,tfidf_logreg_v1,1,0.1,1,0,False,0.5858635911272404,0.4141364088727596,0.5858635911272404
doc_01374,corruption_sequence_v1,tfidf_logreg_v1,2,0.2,1,0,False,0.586110611685157,0.413889388314843,0.586110611685157
doc_01374,corruption_sequence_v1,tfidf_logreg_v1,3,0.3,1,0,False,0.5785185068476258,0.42148149315237415,0.5785185068476258
doc_01374,corruption_sequence_v1,tfidf_logreg_v1,4,0.4,1,0,False,0.585738433180534,0.414261566819466,0.585738433180534
doc_01374,corruption_sequence_v1,tfidf_logreg_v1,5,0.5,0,0,True,0.5076526905415647,0.5076526905415647,0.4923473094584353
doc_00566,corruption_sequence_v1,tfidf_logreg_v1,0,0.0,0,0,True,0.6717248183670941,0.6717248183670941,0.328275181632906
doc_00566,corruption_sequence_v1,tfidf_logreg_v1,1,0.1,0,0,True,0.678294580082506,0.678294580082506,0.321705419917494
doc_00566,corruption_sequence_v1,tfidf_logreg_v1,2,0.2,0,0,True,0.6738427662056078,0.6738427662056078,0.3261572337943922
doc_00566,corruption_sequence_v1,tfidf_logreg_v1,3,0.3,0,0,True,0.6353591896697788,0.6353591896697788,0.3646408103302213
doc_00566,corruption_sequence_v1,tfidf_logreg_v1,4,0.4,0,0,True,0.5954831885168861,0.5954831885168861,0.4045168114831139
doc_00566,corruption_sequence_v1,tfidf_logreg_v1,5,0.5,0,0,True,0.6302067971738018,0.6302067971738018,0.3697932028261982
doc_00796,corruption_sequence_v1,tfidf_logreg_v1,0,0.0,0,1,False,0.5590970967831508,0.5590970967831508,0.4409029032168493
doc_00796,corruption_sequence_v1,tfidf_logreg_v1,1,0.1,0,1,False,0.559740969842912,0.559740969842912,0.440259030157088
doc_00796,corruption_sequence_v1,tfidf_logreg_v1,2,0.2,1,1,True,0.5607168195350466,0.4392831804649534,0.5607168195350466
doc_00796,corruption_sequence_v1,tfidf_logreg_v1,3,0.3,1,1,True,0.5288312920642514,0.4711687079357486,0.5288312920642514
doc_00796,corruption_sequence_v1,tfidf_logreg_v1,4,0.4,1,1,True,0.5468824906206857,0.4531175093793143,0.5468824906206857
doc_00796,corruption_sequence_v1,tfidf_logreg_v1,5,0.5,1,1,True,0.5725339003096152,0.42746609969038485,0.5725339003096152
doc_00719,corruption_sequence_v1,tfidf_logreg_v1,0,0.0,1,1,True,0.5684760151368464,0.4315239848631536,0.5684760151368464
doc_00719,corruption_sequence_v1,tfidf_logreg_v1,1,0.1,1,1,True,0.568622611294363,0.431377388705637,0.568622611294363
doc_00719,corruption_sequence_v1,tfidf_logreg_v1,2,0.2,1,1,True,0.6090920048866674,0.39090799511333263,0.6090920048866674
doc_00719,corruption_sequence_v1,tfidf_logreg_v1,3,0.3,1,1,True,0.5300794429428839,0.4699205570571161,0.5300794429428839
doc_00719,corruption_sequence_v1,tfidf_logreg_v1,4,0.4,1,1,True,0.5654959660212269,0.43450403397877313,0.5654959660212269
doc_00719,corruption_sequence_v1,tfidf_logreg_v1,5,0.5,0,1,False,0.6097169212476182,0.6097169212476182,0.3902830787523818
doc_00104,corruption_sequence_v1,tfidf_logreg_v1,0,0.0,1,1,True,0.6053462692150279,0.3946537307849721,0.6053462692150279
doc_00104,corruption_sequence_v1,tfidf_logreg_v1,1,0.1,1,1,True,0.5705918370716487,0.42940816292835127,0.5705918370716487
doc_00104,corruption_sequence_v1,tfidf_logreg_v1,2,0.2,1,1,True,0.6092900430545893,0.39070995694541066,0.6092900430545893
doc_00104,corruption_sequence_v1,tfidf_logreg_v1,3,0.3,1,1,True,0.5462401959545734,0.4537598040454266,0.5462401959545734
doc_00104,corruption_sequence_v1,tfidf_logreg_v1,4,0.4,1,1,True,0.5193650474553894,0.48063495254461064,0.5193650474553894
doc_00104,corruption_sequence_v1,tfidf_logreg_v1,5,0.5,1,1,True,0.6007308437930176,0.39926915620698245,0.6007308437930176
doc_00700,corruption_sequence_v1,tfidf_logreg_v1,0,0.0,0,1,False,0.6130007343132184,0.6130007343132184,0.3869992656867816
doc_00700,corruption_sequence_v1,tfidf_logreg_v1,1,0.1,0,1,False,0.6362613561937888,0.6362613561937888,0.36373864380621124
doc_00700,corruption_sequence_v1,tfidf_logreg_v1,2,0.2,0,1,False,0.6421972670476953,0.6421972670476953,0.3578027329523047
doc_00700,corruption_sequence_v1,tfidf_logreg_v1,3,0.3,0,1,False,0.6556727407315435,0.6556727407315435,0.34432725926845653
doc_00700,corruption_sequence_v1,tfidf_logreg_v1,4,0.4,0,1,False,0.6348428111172584,0.6348428111172584,0.3651571888827417
doc_00700,corruption_sequence_v1,tfidf_logreg_v1,5,0.5,0,1,False,0.6687158953714667,0.6687158953714667,0.3312841046285333
doc_01030,corruption_sequence_v1,tfidf_logreg_v1,0,0.0,1,1,True,0.73891158546536,0.26108841453464005,0.73891158546536
doc_01030,corruption_sequence_v1,tfidf_logreg_v1,1,0.1,1,1,True,0.7073429809947086,0.2926570190052914,0.7073429809947086
doc_01030,corruption_sequence_v1,tfidf_logreg_v1,2,0.2,1,1,True,0.6779029967428974,0.32209700325710255,0.6779029967428974
doc_01030,corruption_sequence_v1,tfidf_logreg_v1,3,0.3,1,1,True,0.6829399111200949,0.3170600888799051,0.6829399111200949
doc_01030,corruption_sequence_v1,tfidf_logreg_v1,4,0.4,1,1,True,0.5848932701465352,0.41510672985346475,0.5848932701465352
doc_01030,corruption_sequence_v1,tfidf_logreg_v1,5,0.5,1,1,True,0.6857222742740006,0.31427772572599944,0.6857222742740006
doc_01256,corruption_sequence_v1,tfidf_logreg_v1,0,0.0,0,0,True,0.6321125281495297,0.6321125281495297,0.3678874718504703
doc_01256,corruption_sequence_v1,tfidf_logreg_v1,1,0.1,0,0,True,0.6103856426994899,0.6103856426994899,0.3896143573005101
doc_01256,corruption_sequence_v1,tfidf_logreg_v1,2,0.2,0,0,True,0.6404187754249857,0.6404187754249857,0.35958122457501435
doc_01256,corruption_sequence_v1,tfidf_logreg_v1,3,0.3,0,0,True,0.6373321796455422,0.6373321796455422,0.36266782035445777
doc_01256,corruption_sequence_v1,tfidf_logreg_v1,4,0.4,0,0,True,0.5825619194006727,0.5825619194006727,0.4174380805993273
doc_01256,corruption_sequence_v1,tfidf_logreg_v1,5,0.5,0,0,True,0.5979855612798501,0.5979855612798501,0.4020144387201498
doc_00343,corruption_sequence_v1,tfidf_logreg_v1,0,0.0,1,0,False,0.643435770600267,0.356564229399733,0.643435770600267
doc_00343,corruption_sequence_v1,tfidf_logreg_v1,1,0.1,1,0,False,0.651713969502591,0.348286030497409,0.651713969502591
doc_00343,corruption_sequence_v1,tfidf_logreg_v1,2,0.2,1,0,False,0.6551752947162296,0.3448247052837704,0.6551752947162296
doc_00343,corruption_sequence_v1,tfidf_logreg_v1,3,0.3,1,0,False,0.6579942879737407,0.3420057120262593,0.6579942879737407
doc_00343,corruption_sequence_v1,tfidf_logreg_v1,4,0.4,1,0,False,0.6388191019297255,0.36118089807027454,0.6388191019297255
doc_00343,corruption_sequence_v1,tfidf_logreg_v1,5,0.5,1,0,False,0.678228248676925,0.321771751323075,0.678228248676925
doc_01629,corruption_sequence_v1,tfidf_logreg_v1,0,0.0,0,1,False,0.5160415875504103,0.5160415875504103,0.4839584124495897
doc_01629,corruption_sequence_v1,tfidf_logreg_v1,1,0.1,1,1,True,0.528012872816372,0.471987127183628,0.528012872816372
doc_01629,corruption_sequence_v1,tfidf_logreg_v1,2,0.2,1,1,True,0.5366256266623696,0.46337437333763043,0.5366256266623696
doc_01629,corruption_sequence_v1,tfidf_logreg_v1,3,0.3,0,1,False,0.5099875318739235,0.5099875318739235,0.4900124681260764
doc_01629,corruption_sequence_v1,tfidf_logreg_v1,4,0.4,1,1,True,0.5046218557271953,0.4953781442728047,0.5046218557271953
doc_01629,corruption_sequence_v1,tfidf_logreg_v1,5,0.5,1,1,True,0.5123418401041343,0.4876581598958657,0.5123418401041343
doc_00908,corruption_sequence_v1,tfidf_logreg_v1,0,0.0,1,1,True,0.5339613482889357,0.4660386517110643,0.5339613482889357
doc_00908,corruption_sequence_v1,tfidf_logreg_v1,1,0.1,1,1,True,0.5018164893275994,0.49818351067240063,0.5018164893275994
doc_00908,corruption_sequence_v1,tfidf_logreg_v1,2,0.2,0,1,False,0.503816012859776,0.503816012859776,0.496183987140224
doc_00908,corruption_sequence_v1,tfidf_logreg_v1,3,0.3,0,1,False,0.5392251328185111,0.5392251328185111,0.4607748671814889
doc_00908,corruption_sequence_v1,tfidf_logreg_v1,4,0.4,1,1,True,0.5654770674709515,0.4345229325290485,0.5654770674709515
doc_00908,corruption_sequence_v1,tfidf_logreg_v1,5,0.5,0,1,False,0.5960199583475391,0.5960199583475391,0.40398004165246093
doc_00962,corruption_sequence_v1,tfidf_logreg_v1,0,0.0,1,1,True,0.7943674352100937,0.20563256478990632,0.7943674352100937
doc_00962,corruption_sequence_v1,tfidf_logreg_v1,1,0.1,1,1,True,0.7848623507334815,0.21513764926651846,0.7848623507334815
doc_00962,corruption_sequence_v1,tfidf_logreg_v1,2,0.2,1,1,True,0.7637531147812953,0.23624688521870474,0.7637531147812953
doc_00962,corruption_sequence_v1,tfidf_logreg_v1,3,0.3,1,1,True,0.7661312634620584,0.2338687365379416,0.7661312634620584
doc_00962,corruption_sequence_v1,tfidf_logreg_v1,4,0.4,1,1,True,0.7588592380365705,0.24114076196342948,0.7588592380365705
doc_00962,corruption_sequence_v1,tfidf_logreg_v1,5,0.5,1,1,True,0.7041505237950896,0.2958494762049104,0.7041505237950896
doc_00325,corruption_sequence_v1,tfidf_logreg_v1,0,0.0,0,0,True,0.7527008066805626,0.7527008066805626,0.24729919331943737
doc_00325,corruption_sequence_v1,tfidf_logreg_v1,1,0.1,0,0,True,0.7050616141977626,0.7050616141977626,0.29493838580223747
doc_00325,corruption_sequence_v1,tfidf_logreg_v1,2,0.2,0,0,True,0.7256515397352288,0.7256515397352288,0.2743484602647713
doc_00325,corruption_sequence_v1,tfidf_logreg_v1,3,0.3,0,0,True,0.6691469213111307,0.6691469213111307,0.3308530786888693
doc_00325,corruption_sequence_v1,tfidf_logreg_v1,4,0.4,0,0,True,0.6947099592123869,0.6947099592123869,0.3052900407876132
doc_00325,corruption_sequence_v1,tfidf_logreg_v1,5,0.5,0,0,True,0.6431855547279569,0.6431855547279569,0.3568144452720431
doc_00850,corruption_sequence_v1,tfidf_logreg_v1,0,0.0,0,0,True,0.5686099777943432,0.5686099777943432,0.43139002220565675
doc_00850,corruption_sequence_v1,tfidf_logreg_v1,1,0.1,0,0,True,0.5336963578642462,0.5336963578642462,0.46630364213575376
doc_00850,corruption_sequence_v1,tfidf_logreg_v1,2,0.2,0,0,True,0.5872866467912276,0.5872866467912276,0.41271335320877245
doc_00850,corruption_sequence_v1,tfidf_logreg_v1,3,0.3,0,0,True,0.5591301401228984,0.5591301401228984,0.4408698598771016
doc_00850,corruption_sequence_v1,tfidf_logreg_v1,4,0.4,1,0,False,0.5093569912514189,0.49064300874858113,0.5093569912514189
doc_00850,corruption_sequence_v1,tfidf_logreg_v1,5,0.5,0,0,True,0.5659641196389622,0.5659641196389622,0.43403588036103785
doc_00898,corruption_sequence_v1,tfidf_logreg_v1,0,0.0,1,0,False,0.5250856312603498,0.4749143687396502,0.5250856312603498
doc_00898,corruption_sequence_v1,tfidf_logreg_v1,1,0.1,1,0,False,0.5071128718528708,0.4928871281471292,0.5071128718528708
doc_00898,corruption_sequence_v1,tfidf_logreg_v1,2,0.2,1,0,False,0.5240120093988573,0.4759879906011427,0.5240120093988573
doc_00898,corruption_sequence_v1,tfidf_logreg_v1,3,0.3,0,0,True,0.5318418561403524,0.5318418561403524,0.4681581438596476
doc_00898,corruption_sequence_v1,tfidf_logreg_v1,4,0.4,1,0,False,0.5973497535839242,0.40265024641607583,0.5973497535839242
doc_00898,corruption_sequence_v1,tfidf_logreg_v1,5,0.5,1,0,False,0.5042925193735296,0.4957074806264704,0.5042925193735296
doc_00111,corruption_sequence_v1,tfidf_logreg_v1,0,0.0,1,1,True,0.7266161106679307,0.27338388933206925,0.7266161106679307
doc_00111,corruption_sequence_v1,tfidf_logreg_v1,1,0.1,1,1,True,0.6978760556525846,0.3021239443474154,0.6978760556525846
doc_00111,corruption_sequence_v1,tfidf_logreg_v1,2,0.2,1,1,True,0.6889393090804321,0.3110606909195679,0.6889393090804321
doc_00111,corruption_sequence_v1,tfidf_logreg_v1,3,0.3,1,1,True,0.6452268307785651,0.35477316922143487,0.6452268307785651
doc_00111,corruption_sequence_v1,tfidf_logreg_v1,4,0.4,1,1,True,0.6621398884325299,0.3378601115674701,0.6621398884325299
doc_00111,corruption_sequence_v1,tfidf_logreg_v1,5,0.5,1,1,True,0.7173747058209554,0.2826252941790446,0.7173747058209554
doc_00270,corruption_sequence_v1,tfidf_logreg_v1,0,0.0,0,1,False,0.5424786371675263,0.5424786371675263,0.45752136283247363
doc_00270,corruption_sequence_v1,tfidf_logreg_v1,1,0.1,0,1,False,0.5650343905097616,0.5650343905097616,0.43496560949023844
doc_00270,corruption_sequence_v1,tfidf_logreg_v1,2,0.2,0,1,False,0.5614401869224521,0.5614401869224521,0.4385598130775478
doc_00270,corruption_sequence_v1,tfidf_logreg_v1,3,0.3,0,1,False,0.5794247657615075,0.5794247657615075,0.4205752342384926
doc_00270,corruption_sequence_v1,tfidf_logreg_v1,4,0.4,1,1,True,0.5013598828719653,0.4986401171280347,0.5013598828719653
doc_00270,corruption_sequence_v1,tfidf_logreg_v1,5,0.5,0,1,False,0.5806324826028038,0.5806324826028038,0.41936751739719624
doc_00345,corruption_sequence_v1,tfidf_logreg_v1,0,0.0,0,0,True,0.5103961374350363,0.5103961374350363,0.48960386256496374
doc_00345,corruption_sequence_v1,tfidf_logreg_v1,1,0.1,0,0,True,0.5377033716194349,0.5377033716194349,0.46229662838056507
doc_00345,corruption_sequence_v1,tfidf_logreg_v1,2,0.2,0,0,True,0.5467452326839147,0.5467452326839147,0.45325476731608527
doc_00345,corruption_sequence_v1,tfidf_logreg_v1,3,0.3,0,0,True,0.5943207179907315,0.5943207179907315,0.40567928200926856
doc_00345,corruption_sequence_v1,tfidf_logreg_v1,4,0.4,1,0,False,0.5176701246222399,0.48232987537776006,0.5176701246222399
doc_00345,corruption_sequence_v1,tfidf_logreg_v1,5,0.5,0,0,True,0.5473776178521571,0.5473776178521571,0.4526223821478429
doc_01630,corruption_sequence_v1,tfidf_logreg_v1,0,0.0,1,1,True,0.6104043513656447,0.38959564863435525,0.6104043513656447
doc_01630,corruption_sequence_v1,tfidf_logreg_v1,1,0.1,1,1,True,0.6073438365119471,0.3926561634880529,0.6073438365119471
doc_01630,corruption_sequence_v1,tfidf_logreg_v1,2,0.2,1,1,True,0.6166321672839741,0.3833678327160259,0.6166321672839741
doc_01630,corruption_sequence_v1,tfidf_logreg_v1,3,0.3,1,1,True,0.6038502610483751,0.39614973895162486,0.6038502610483751
doc_01630,corruption_sequence_v1,tfidf_logreg_v1,4,0.4,1,1,True,0.5006075660667714,0.49939243393322863,0.5006075660667714
doc_01630,corruption_sequence_v1,tfidf_logreg_v1,5,0.5,1,1,True,0.5680208610076408,0.4319791389923592,0.5680208610076408
doc_01208,corruption_sequence_v1,tfidf_logreg_v1,0,0.0,1,1,True,0.7997824779297605,0.20021752207023946,0.7997824779297605
doc_01208,corruption_sequence_v1,tfidf_logreg_v1,1,0.1,1,1,True,0.7865893200757414,0.21341067992425855,0.7865893200757414
doc_01208,corruption_sequence_v1,tfidf_logreg_v1,2,0.2,1,1,True,0.7673828585493989,0.23261714145060108,0.7673828585493989
doc_01208,corruption_sequence_v1,tfidf_logreg_v1,3,0.3,1,1,True,0.780410570406498,0.21958942959350203,0.780410570406498
doc_01208,corruption_sequence_v1,tfidf_logreg_v1,4,0.4,1,1,True,0.7610266953778331,0.23897330462216693,0.7610266953778331
doc_01208,corruption_sequence_v1,tfidf_logreg_v1,5,0.5,1,1,True,0.7787801796101409,0.2212198203898591,0.7787801796101409
doc_00717,corruption_sequence_v1,tfidf_logreg_v1,0,0.0,1,1,True,0.8031786577656431,0.19682134223435688,0.8031786577656431
doc_00717,corruption_sequence_v1,tfidf_logreg_v1,1,0.1,1,1,True,0.8090846237405551,0.19091537625944488,0.8090846237405551
doc_00717,corruption_sequence_v1,tfidf_logreg_v1,2,0.2,1,1,True,0.8045790130272876,0.19542098697271237,0.8045790130272876
doc_00717,corruption_sequence_v1,tfidf_logreg_v1,3,0.3,1,1,True,0.8351395106675,0.16486048933249997,0.8351395106675
doc_00717,corruption_sequence_v1,tfidf_logreg_v1,4,0.4,1,1,True,0.767361927166465,0.232638072833535,0.767361927166465
doc_00717,corruption_sequence_v1,tfidf_logreg_v1,5,0.5,1,1,True,0.7815806810485295,0.2184193189514705,0.7815806810485295
doc_00602,corruption_sequence_v1,tfidf_logreg_v1,0,0.0,1,0,False,0.6063561652918041,0.39364383470819586,0.6063561652918041
doc_00602,corruption_sequence_v1,tfidf_logreg_v1,1,0.1,1,0,False,0.596380441351721,0.40361955864827903,0.596380441351721
doc_00602,corruption_sequence_v1,tfidf_logreg_v1,2,0.2,1,0,False,0.5415637328953716,0.45843626710462837,0.5415637328953716
doc_00602,corruption_sequence_v1,tfidf_logreg_v1,3,0.3,1,0,False,0.5427982827773946,0.4572017172226054,0.5427982827773946
doc_00602,corruption_sequence_v1,tfidf_logreg_v1,4,0.4,1,0,False,0.6091941893056529,0.39080581069434706,0.6091941893056529
doc_00602,corruption_sequence_v1,tfidf_logreg_v1,5,0.5,1,0,False,0.6302626306734661,0.3697373693265339,0.6302626306734661
doc_00737,corruption_sequence_v1,tfidf_logreg_v1,0,0.0,1,1,True,0.584545051929591,0.41545494807040895,0.584545051929591
doc_00737,corruption_sequence_v1,tfidf_logreg_v1,1,0.1,1,1,True,0.5971780292635568,0.4028219707364432,0.5971780292635568
doc_00737,corruption_sequence_v1,tfidf_logreg_v1,2,0.2,1,1,True,0.5940012309718616,0.40599876902813836,0.5940012309718616
doc_00737,corruption_sequence_v1,tfidf_logreg_v1,3,0.3,1,1,True,0.5997537998099705,0.40024620019002954,0.5997537998099705
doc_00737,corruption_sequence_v1,tfidf_logreg_v1,4,0.4,1,1,True,0.5348910488671955,0.4651089511328045,0.5348910488671955
doc_00737,corruption_sequence_v1,tfidf_logreg_v1,5,0.5,1,1,True,0.5673716924433743,0.43262830755662574,0.5673716924433743
doc_00614,corruption_sequence_v1,tfidf_logreg_v1,0,0.0,1,1,True,0.6808841423695249,0.3191158576304751,0.6808841423695249
doc_00614,corruption_sequence_v1,tfidf_logreg_v1,1,0.1,1,1,True,0.653508613397002,0.34649138660299805,0.653508613397002
doc_00614,corruption_sequence_v1,tfidf_logreg_v1,2,0.2,1,1,True,0.667171829908172,0.33282817009182797,0.667171829908172
doc_00614,corruption_sequence_v1,tfidf_logreg_v1,3,0.3,1,1,True,0.5972693488439904,0.4027306511560096,0.5972693488439904
doc_00614,corruption_sequence_v1,tfidf_logreg_v1,4,0.4,1,1,True,0.6194525981235849,0.3805474018764151,0.6194525981235849
doc_00614,corruption_sequence_v1,tfidf_logreg_v1,5,0.5,1,1,True,0.5368315790782408,0.46316842092175925,0.5368315790782408
doc_00741,corruption_sequence_v1,tfidf_logreg_v1,0,0.0,0,0,True,0.6790513668523569,0.6790513668523569,0.3209486331476431
doc_00741,corruption_sequence_v1,tfidf_logreg_v1,1,0.1,0,0,True,0.6206178725495859,0.6206178725495859,0.37938212745041405
doc_00741,corruption_sequence_v1,tfidf_logreg_v1,2,0.2,0,0,True,0.6222423289879271,0.6222423289879271,0.37775767101207297
doc_00741,corruption_sequence_v1,tfidf_logreg_v1,3,0.3,0,0,True,0.6208575715868672,0.6208575715868672,0.3791424284131329
doc_00741,corruption_sequence_v1,tfidf_logreg_v1,4,0.4,0,0,True,0.6518665299935045,0.6518665299935045,0.3481334700064955
doc_00741,corruption_sequence_v1,tfidf_logreg_v1,5,0.5,0,0,True,0.6004491296905206,0.6004491296905206,0.3995508703094795
doc_00621,corruption_sequence_v1,tfidf_logreg_v1,0,0.0,1,0,False,0.6279176191222415,0.37208238087775847,0.6279176191222415
doc_00621,corruption_sequence_v1,tfidf_logreg_v1,1,0.1,1,0,False,0.6035752987776309,0.39642470122236906,0.6035752987776309
doc_00621,corruption_sequence_v1,tfidf_logreg_v1,2,0.2,1,0,False,0.6084171471587395,0.3915828528412605,0.6084171471587395
doc_00621,corruption_sequence_v1,tfidf_logreg_v1,3,0.3,1,0,False,0.5698049382581218,0.43019506174187816,0.5698049382581218
doc_00621,corruption_sequence_v1,tfidf_logreg_v1,4,0.4,1,0,False,0.585592536604888,0.41440746339511203,0.585592536604888
doc_00621,corruption_sequence_v1,tfidf_logreg_v1,5,0.5,1,0,False,0.5886411222424455,0.41135887775755453,0.5886411222424455
doc_00704,corruption_sequence_v1,tfidf_logreg_v1,0,0.0,0,0,True,0.5403979623713769,0.5403979623713769,0.45960203762862306
doc_00704,corruption_sequence_v1,tfidf_logreg_v1,1,0.1,0,0,True,0.5276090169680316,0.5276090169680316,0.4723909830319683
doc_00704,corruption_sequence_v1,tfidf_logreg_v1,2,0.2,1,0,False,0.5433634782919291,0.4566365217080709,0.5433634782919291
doc_00704,corruption_sequence_v1,tfidf_logreg_v1,3,0.3,0,0,True,0.5248473681961494,0.5248473681961494,0.47515263180385064
doc_00704,corruption_sequence_v1,tfidf_logreg_v1,4,0.4,1,0,False,0.5489189068400115,0.45108109315998846,0.5489189068400115
doc_00704,corruption_sequence_v1,tfidf_logreg_v1,5,0.5,0,0,True,0.5340816596810553,0.5340816596810553,0.46591834031894475
doc_00926,corruption_sequence_v1,tfidf_logreg_v1,0,0.0,1,1,True,0.8082329431529482,0.19176705684705175,0.8082329431529482
doc_00926,corruption_sequence_v1,tfidf_logreg_v1,1,0.1,1,1,True,0.7793985663882752,0.2206014336117248,0.7793985663882752
doc_00926,corruption_sequence_v1,tfidf_logreg_v1,2,0.2,1,1,True,0.775162366113693,0.22483763388630695,0.775162366113693
doc_00926,corruption_sequence_v1,tfidf_logreg_v1,3,0.3,1,1,True,0.7696592085616902,0.23034079143830977,0.7696592085616902
doc_00926,corruption_sequence_v1,tfidf_logreg_v1,4,0.4,1,1,True,0.762759857624442,0.23724014237555802,0.762759857624442
doc_00926,corruption_sequence_v1,tfidf_logreg_v1,5,0.5,1,1,True,0.7547005242865894,0.2452994757134106,0.7547005242865894
doc_00520,corruption_sequence_v1,tfidf_logreg_v1,0,0.0,0,1,False,0.575298356724977,0.575298356724977,0.424701643275023
doc_00520,corruption_sequence_v1,tfidf_logreg_v1,1,0.1,0,1,False,0.5476540492069991,0.5476540492069991,0.4523459507930009
doc_00520,corruption_sequence_v1,tfidf_logreg_v1,2,0.2,0,1,False,0.592522589632886,0.592522589632886,0.40747741036711405
doc_00520,corruption_sequence_v1,tfidf_logreg_v1,3,0.3,0,1,False,0.5458221376825558,0.5458221376825558,0.4541778623174442
doc_00520,corruption_sequence_v1,tfidf_logreg_v1,4,0.4,0,1,False,0.5872507164961189,0.5872507164961189,0.412749283503881
doc_00520,corruption_sequence_v1,tfidf_logreg_v1,5,0.5,0,1,False,0.5262727470342264,0.5262727470342264,0.47372725296577356
doc_01481,corruption_sequence_v1,tfidf_logreg_v1,0,0.0,0,0,True,0.7164500827359859,0.7164500827359859,0.2835499172640141
doc_01481,corruption_sequence_v1,tfidf_logreg_v1,1,0.1,0,0,True,0.6383110917890061,0.6383110917890061,0.36168890821099386
doc_01481,corruption_sequence_v1,tfidf_logreg_v1,2,0.2,0,0,True,0.6262824744063821,0.6262824744063821,0.3737175255936179
doc_01481,corruption_sequence_v1,tfidf_logreg_v1,3,0.3,0,0,True,0.6921921337768827,0.6921921337768827,0.3078078662231173
doc_01481,corruption_sequence_v1,tfidf_logreg_v1,4,0.4,0,0,True,0.7181027282016084,0.7181027282016084,0.28189727179839164
doc_01481,corruption_sequence_v1,tfidf_logreg_v1,5,0.5,0,0,True,0.665736156726058,0.665736156726058,0.33426384327394193
doc_01236,corruption_sequence_v1,tfidf_logreg_v1,0,0.0,0,0,True,0.6917164508516129,0.6917164508516129,0.3082835491483871
doc_01236,corruption_sequence_v1,tfidf_logreg_v1,1,0.1,0,0,True,0.5508870697174726,0.5508870697174726,0.4491129302825274
doc_01236,corruption_sequence_v1,tfidf_logreg_v1,2,0.2,0,0,True,0.616165124119747,0.616165124119747,0.383834875880253
doc_01236,corruption_sequence_v1,tfidf_logreg_v1,3,0.3,0,0,True,0.6123278138621,0.6123278138621,0.38767218613789994
doc_01236,corruption_sequence_v1,tfidf_logreg_v1,4,0.4,0,0,True,0.6336280669588761,0.6336280669588761,0.3663719330411239
doc_01236,corruption_sequence_v1,tfidf_logreg_v1,5,0.5,0,0,True,0.5947960246389385,0.5947960246389385,0.40520397536106145
doc_01700,corruption_sequence_v1,tfidf_logreg_v1,0,0.0,1,1,True,0.6338388558145066,0.3661611441854934,0.6338388558145066
doc_01700,corruption_sequence_v1,tfidf_logreg_v1,1,0.1,1,1,True,0.6816796281204391,0.31832037187956086,0.6816796281204391
doc_01700,corruption_sequence_v1,tfidf_logreg_v1,2,0.2,1,1,True,0.6334001257457432,0.3665998742542568,0.6334001257457432
doc_01700,corruption_sequence_v1,tfidf_logreg_v1,3,0.3,1,1,True,0.6118457538487464,0.3881542461512536,0.6118457538487464
doc_01700,corruption_sequence_v1,tfidf_logreg_v1,4,0.4,1,1,True,0.616888636277724,0.38311136372227605,0.616888636277724
doc_01700,corruption_sequence_v1,tfidf_logreg_v1,5,0.5,1,1,True,0.5672306718435915,0.43276932815640845,0.5672306718435915
doc_00647,corruption_sequence_v1,tfidf_logreg_v1,0,0.0,1,1,True,0.7421748538816664,0.2578251461183336,0.7421748538816664
doc_00647,corruption_sequence_v1,tfidf_logreg_v1,1,0.1,1,1,True,0.7354741082387933,0.26452589176120667,0.7354741082387933
doc_00647,corruption_sequence_v1,tfidf_logreg_v1,2,0.2,1,1,True,0.7329849217616186,0.26701507823838144,0.7329849217616186
doc_00647,corruption_sequence_v1,tfidf_logreg_v1,3,0.3,1,1,True,0.6634151140372905,0.3365848859627095,0.6634151140372905
doc_00647,corruption_sequence_v1,tfidf_logreg_v1,4,0.4,1,1,True,0.6839989586949297,0.31600104130507034,0.6839989586949297
doc_00647,corruption_sequence_v1,tfidf_logreg_v1,5,0.5,1,1,True,0.630796610116618,0.36920338988338197,0.630796610116618
doc_00214,corruption_sequence_v1,tfidf_logreg_v1,0,0.0,1,1,True,0.8066291435868933,0.1933708564131067,0.8066291435868933
doc_00214,corruption_sequence_v1,tfidf_logreg_v1,1,0.1,1,1,True,0.7548695920541795,0.24513040794582053,0.7548695920541795
doc_00214,corruption_sequence_v1,tfidf_logreg_v1,2,0.2,1,1,True,0.7968231510031654,0.20317684899683464,0.7968231510031654
doc_00214,corruption_sequence_v1,tfidf_logreg_v1,3,0.3,1,1,True,0.7568552506312118,0.24314474936878816,0.7568552506312118
doc_00214,corruption_sequence_v1,tfidf_logreg_v1,4,0.4,1,1,True,0.7249491431894912,0.2750508568105088,0.7249491431894912
doc_00214,corruption_sequence_v1,tfidf_logreg_v1,5,0.5,1,1,True,0.6465879856253086,0.3534120143746914,0.6465879856253086
doc_00776,corruption_sequence_v1,tfidf_logreg_v1,0,0.0,0,0,True,0.521414251515334,0.521414251515334,0.47858574848466595
doc_00776,corruption_sequence_v1,tfidf_logreg_v1,1,0.1,0,0,True,0.5226148249630864,0.5226148249630864,0.47738517503691363
doc_00776,corruption_sequence_v1,tfidf_logreg_v1,2,0.2,0,0,True,0.50283010811319,0.50283010811319,0.49716989188681004
doc_00776,corruption_sequence_v1,tfidf_logreg_v1,3,0.3,0,0,True,0.5200835480260317,0.5200835480260317,0.4799164519739682
doc_00776,corruption_sequence_v1,tfidf_logreg_v1,4,0.4,0,0,True,0.5214261861827862,0.5214261861827862,0.4785738138172137
doc_00776,corruption_sequence_v1,tfidf_logreg_v1,5,0.5,0,0,True,0.6125765675654327,0.6125765675654327,0.38742343243456734
doc_00008,corruption_sequence_v1,tfidf_logreg_v1,0,0.0,0,0,True,0.5357093799049449,0.5357093799049449,0.46429062009505506
doc_00008,corruption_sequence_v1,tfidf_logreg_v1,1,0.1,0,0,True,0.5038011223029815,0.5038011223029815,0.4961988776970185
doc_00008,corruption_sequence_v1,tfidf_logreg_v1,2,0.2,0,0,True,0.5370928516883625,0.5370928516883625,0.4629071483116375
doc_00008,corruption_sequence_v1,tfidf_logreg_v1,3,0.3,0,0,True,0.5807746024990851,0.5807746024990851,0.4192253975009149
doc_00008,corruption_sequence_v1,tfidf_logreg_v1,4,0.4,0,0,True,0.5603477818361358,0.5603477818361358,0.4396522181638642
doc_00008,corruption_sequence_v1,tfidf_logreg_v1,5,0.5,0,0,True,0.5848764538946892,0.5848764538946892,0.41512354610531077
doc_01449,corruption_sequence_v1,tfidf_logreg_v1,0,0.0,0,1,False,0.5353367741929175,0.5353367741929175,0.4646632258070825
doc_01449,corruption_sequence_v1,tfidf_logreg_v1,1,0.1,0,1,False,0.5271738716861779,0.5271738716861779,0.4728261283138221
doc_01449,corruption_sequence_v1,tfidf_logreg_v1,2,0.2,0,1,False,0.5085054858473186,0.5085054858473186,0.49149451415268136
doc_01449,corruption_sequence_v1,tfidf_logreg_v1,3,0.3,0,1,False,0.52098974690779,0.52098974690779,0.47901025309220996
doc_01449,corruption_sequence_v1,tfidf_logreg_v1,4,0.4,0,1,False,0.5241334856447891,0.5241334856447891,0.4758665143552109
doc_01449,corruption_sequence_v1,tfidf_logreg_v1,5,0.5,0,1,False,0.5789626230467422,0.5789626230467422,0.42103737695325777
doc_00395,corruption_sequence_v1,tfidf_logreg_v1,0,0.0,1,1,True,0.6630502112056502,0.3369497887943498,0.6630502112056502
doc_00395,corruption_sequence_v1,tfidf_logreg_v1,1,0.1,1,1,True,0.6667114131437765,0.33328858685622353,0.6667114131437765
doc_00395,corruption_sequence_v1,tfidf_logreg_v1,2,0.2,1,1,True,0.6404521684903081,0.35954783150969194,0.6404521684903081
doc_00395,corruption_sequence_v1,tfidf_logreg_v1,3,0.3,1,1,True,0.6542008493305578,0.3457991506694422,0.6542008493305578
doc_00395,corruption_sequence_v1,tfidf_logreg_v1,4,0.4,1,1,True,0.6068665743461041,0.39313342565389586,0.6068665743461041
doc_00395,corruption_sequence_v1,tfidf_logreg_v1,5,0.5,1,1,True,0.6415925910441215,0.3584074089558785,0.6415925910441215
doc_01426,corruption_sequence_v1,tfidf_logreg_v1,0,0.0,1,1,True,0.7531883237567665,0.24681167624323352,0.7531883237567665
doc_01426,corruption_sequence_v1,tfidf_logreg_v1,1,0.1,1,1,True,0.7416684357850052,0.2583315642149948,0.7416684357850052
doc_01426,corruption_sequence_v1,tfidf_logreg_v1,2,0.2,1,1,True,0.7588380038125584,0.2411619961874416,0.7588380038125584
doc_01426,corruption_sequence_v1,tfidf_logreg_v1,3,0.3,1,1,True,0.7346023636365062,0.2653976363634938,0.7346023636365062
doc_01426,corruption_sequence_v1,tfidf_logreg_v1,4,0.4,1,1,True,0.7350018962576702,0.2649981037423298,0.7350018962576702
doc_01426,corruption_sequence_v1,tfidf_logreg_v1,5,0.5,1,1,True,0.6677000199421053,0.33229998005789474,0.6677000199421053
doc_00473,corruption_sequence_v1,tfidf_logreg_v1,0,0.0,1,0,False,0.5641228927746469,0.4358771072253531,0.5641228927746469
doc_00473,corruption_sequence_v1,tfidf_logreg_v1,1,0.1,1,0,False,0.5987628230415359,0.40123717695846406,0.5987628230415359
doc_00473,corruption_sequence_v1,tfidf_logreg_v1,2,0.2,1,0,False,0.5817714654936246,0.4182285345063754,0.5817714654936246
doc_00473,corruption_sequence_v1,tfidf_logreg_v1,3,0.3,1,0,False,0.5266162996392012,0.4733837003607988,0.5266162996392012
doc_00473,corruption_sequence_v1,tfidf_logreg_v1,4,0.4,1,0,False,0.5688009209153191,0.4311990790846809,0.5688009209153191
doc_00473,corruption_sequence_v1,tfidf_logreg_v1,5,0.5,1,0,False,0.6176910956487243,0.38230890435127574,0.6176910956487243
doc_01250,corruption_sequence_v1,tfidf_logreg_v1,0,0.0,1,0,False,0.6073686271458707,0.3926313728541293,0.6073686271458707
doc_01250,corruption_sequence_v1,tfidf_logreg_v1,1,0.1,1,0,False,0.6199990637023105,0.3800009362976895,0.6199990637023105
doc_01250,corruption_sequence_v1,tfidf_logreg_v1,2,0.2,1,0,False,0.6285174823760385,0.37148251762396145,0.6285174823760385
doc_01250,corruption_sequence_v1,tfidf_logreg_v1,3,0.3,1,0,False,0.6098066442905642,0.3901933557094358,0.6098066442905642
doc_01250,corruption_sequence_v1,tfidf_logreg_v1,4,0.4,1,0,False,0.5593133176847614,0.44068668231523855,0.5593133176847614
doc_01250,corruption_sequence_v1,tfidf_logreg_v1,5,0.5,1,0,False,0.6128501076980465,0.3871498923019535,0.6128501076980465
doc_00762,corruption_sequence_v1,tfidf_logreg_v1,0,0.0,1,1,True,0.6822400053370586,0.31775999466294136,0.6822400053370586
doc_00762,corruption_sequence_v1,tfidf_logreg_v1,1,0.1,1,1,True,0.653030257552696,0.34696974244730405,0.653030257552696
doc_00762,corruption_sequence_v1,tfidf_logreg_v1,2,0.2,1,1,True,0.6678256794496986,0.3321743205503014,0.6678256794496986
doc_00762,corruption_sequence_v1,tfidf_logreg_v1,3,0.3,1,1,True,0.6697717921655044,0.3302282078344956,0.6697717921655044
doc_00762,corruption_sequence_v1,tfidf_logreg_v1,4,0.4,1,1,True,0.593572161314147,0.40642783868585297,0.593572161314147
doc_00762,corruption_sequence_v1,tfidf_logreg_v1,5,0.5,1,1,True,0.5982815693700669,0.40171843062993307,0.5982815693700669
doc_00371,corruption_sequence_v1,tfidf_logreg_v1,0,0.0,1,1,True,0.6404503712179113,0.35954962878208874,0.6404503712179113
doc_00371,corruption_sequence_v1,tfidf_logreg_v1,1,0.1,1,1,True,0.6533434495928961,0.34665655040710386,0.6533434495928961
doc_00371,corruption_sequence_v1,tfidf_logreg_v1,2,0.2,1,1,True,0.6577430150518063,0.3422569849481937,0.6577430150518063
doc_00371,corruption_sequence_v1,tfidf_logreg_v1,3,0.3,1,1,True,0.6123628335651963,0.3876371664348037,0.6123628335651963
doc_00371,corruption_sequence_v1,tfidf_logreg_v1,4,0.4,1,1,True,0.6667056536736944,0.3332943463263056,0.6667056536736944
doc_00371,corruption_sequence_v1,tfidf_logreg_v1,5,0.5,1,1,True,0.6617110602480978,0.3382889397519022,0.6617110602480978
doc_00843,corruption_sequence_v1,tfidf_logreg_v1,0,0.0,1,1,True,0.6726011227962899,0.3273988772037101,0.6726011227962899
doc_00843,corruption_sequence_v1,tfidf_logreg_v1,1,0.1,1,1,True,0.6210838958132456,0.37891610418675437,0.6210838958132456
doc_00843,corruption_sequence_v1,tfidf_logreg_v1,2,0.2,1,1,True,0.6441909075366672,0.3558090924633328,0.6441909075366672
doc_00843,corruption_sequence_v1,tfidf_logreg_v1,3,0.3,1,1,True,0.6877135945025457,0.31228640549745434,0.6877135945025457
doc_00843,corruption_sequence_v1,tfidf_logreg_v1,4,0.4,1,1,True,0.5277941650718699,0.47220583492813006,0.5277941650718699
doc_00843,corruption_sequence_v1,tfidf_logreg_v1,5,0.5,0,1,False,0.5029328803979092,0.5029328803979092,0.4970671196020909
doc_00965,corruption_sequence_v1,tfidf_logreg_v1,0,0.0,1,1,True,0.7506133340555736,0.24938666594442638,0.7506133340555736
doc_00965,corruption_sequence_v1,tfidf_logreg_v1,1,0.1,1,1,True,0.7554934619009994,0.24450653809900058,0.7554934619009994
doc_00965,corruption_sequence_v1,tfidf_logreg_v1,2,0.2,1,1,True,0.7366510084024744,0.26334899159752556,0.7366510084024744
doc_00965,corruption_sequence_v1,tfidf_logreg_v1,3,0.3,1,1,True,0.7625623472385338,0.23743765276146622,0.7625623472385338
doc_00965,corruption_sequence_v1,tfidf_logreg_v1,4,0.4,1,1,True,0.7461129134929061,0.2538870865070939,0.7461129134929061
doc_00965,corruption_sequence_v1,tfidf_logreg_v1,5,0.5,1,1,True,0.7216558139323244,0.27834418606767564,0.7216558139323244
doc_01143,corruption_sequence_v1,tfidf_logreg_v1,0,0.0,1,1,True,0.6023586336109648,0.39764136638903524,0.6023586336109648
doc_01143,corruption_sequence_v1,tfidf_logreg_v1,1,0.1,1,1,True,0.5868124018616072,0.4131875981383928,0.5868124018616072
doc_01143,corruption_sequence_v1,tfidf_logreg_v1,2,0.2,1,1,True,0.6253073956434307,0.37469260435656926,0.6253073956434307
doc_01143,corruption_sequence_v1,tfidf_logreg_v1,3,0.3,1,1,True,0.5779206658392101,0.4220793341607899,0.5779206658392101
doc_01143,corruption_sequence_v1,tfidf_logreg_v1,4,0.4,1,1,True,0.5451721717605382,0.4548278282394618,0.5451721717605382
doc_01143,corruption_sequence_v1,tfidf_logreg_v1,5,0.5,1,1,True,0.5423201596385512,0.4576798403614488,0.5423201596385512
doc_00656,corruption_sequence_v1,tfidf_logreg_v1,0,0.0,1,1,True,0.6581262907574553,0.3418737092425447,0.6581262907574553
doc_00656,corruption_sequence_v1,tfidf_logreg_v1,1,0.1,1,1,True,0.6197367820817639,0.38026321791823614,0.6197367820817639
doc_00656,corruption_sequence_v1,tfidf_logreg_v1,2,0.2,1,1,True,0.6353264412540075,0.3646735587459925,0.6353264412540075
doc_00656,corruption_sequence_v1,tfidf_logreg_v1,3,0.3,1,1,True,0.6220610971540061,0.37793890284599385,0.6220610971540061
doc_00656,corruption_sequence_v1,tfidf_logreg_v1,4,0.4,1,1,True,0.6871536435546536,0.3128463564453464,0.6871536435546536
doc_00656,corruption_sequence_v1,tfidf_logreg_v1,5,0.5,1,1,True,0.606579399463451,0.39342060053654904,0.606579399463451
doc_01438,corruption_sequence_v1,tfidf_logreg_v1,0,0.0,0,0,True,0.7343097920989201,0.7343097920989201,0.2656902079010799
doc_01438,corruption_sequence_v1,tfidf_logreg_v1,1,0.1,0,0,True,0.7107799130401251,0.7107799130401251,0.28922008695987494
doc_01438,corruption_sequence_v1,tfidf_logreg_v1,2,0.2,0,0,True,0.6632024238405703,0.6632024238405703,0.3367975761594298
doc_01438,corruption_sequence_v1,tfidf_logreg_v1,3,0.3,0,0,True,0.7249834711131828,0.7249834711131828,0.2750165288868171
doc_01438,corruption_sequence_v1,tfidf_logreg_v1,4,0.4,0,0,True,0.6768197042372763,0.6768197042372763,0.3231802957627237
doc_01438,corruption_sequence_v1,tfidf_logreg_v1,5,0.5,0,0,True,0.6455628340781977,0.6455628340781977,0.3544371659218023
doc_01633,corruption_sequence_v1,tfidf_logreg_v1,0,0.0,0,1,False,0.5192392380556459,0.5192392380556459,0.4807607619443541
doc_01633,corruption_sequence_v1,tfidf_logreg_v1,1,0.1,0,1,False,0.5796629800605664,0.5796629800605664,0.42033701993943356
doc_01633,corruption_sequence_v1,tfidf_logreg_v1,2,0.2,0,1,False,0.5257129579923543,0.5257129579923543,0.4742870420076457
doc_01633,corruption_sequence_v1,tfidf_logreg_v1,3,0.3,0,1,False,0.5753708332373463,0.5753708332373463,0.4246291667626537
doc_01633,corruption_sequence_v1,tfidf_logreg_v1,4,0.4,0,1,False,0.5656483517246388,0.5656483517246388,0.4343516482753612
doc_01633,corruption_sequence_v1,tfidf_logreg_v1,5,0.5,0,1,False,0.506656728262189,0.506656728262189,0.493343271737811
doc_00623,corruption_sequence_v1,tfidf_logreg_v1,0,0.0,0,0,True,0.5971912474523537,0.5971912474523537,0.40280875254764625
doc_00623,corruption_sequence_v1,tfidf_logreg_v1,1,0.1,1,0,False,0.5215643567606527,0.4784356432393473,0.5215643567606527
doc_00623,corruption_sequence_v1,tfidf_logreg_v1,2,0.2,0,0,True,0.5218211259671658,0.5218211259671658,0.4781788740328342
doc_00623,corruption_sequence_v1,tfidf_logreg_v1,3,0.3,0,0,True,0.5691779887390107,0.5691779887390107,0.4308220112609893
doc_00623,corruption_sequence_v1,tfidf_logreg_v1,4,0.4,0,0,True,0.5155458825051343,0.5155458825051343,0.48445411749486567
doc_00623,corruption_sequence_v1,tfidf_logreg_v1,5,0.5,0,0,True,0.5776769389149677,0.5776769389149677,0.42232306108503226
doc_00174,corruption_sequence_v1,tfidf_logreg_v1,0,0.0,1,1,True,0.5555260549818529,0.4444739450181471,0.5555260549818529
doc_00174,corruption_sequence_v1,tfidf_logreg_v1,1,0.1,1,1,True,0.5732851129710693,0.4267148870289307,0.5732851129710693
doc_00174,corruption_sequence_v1,tfidf_logreg_v1,2,0.2,1,1,True,0.5309649594546363,0.4690350405453637,0.5309649594546363
doc_00174,corruption_sequence_v1,tfidf_logreg_v1,3,0.3,1,1,True,0.5196160946270577,0.4803839053729423,0.5196160946270577
doc_00174,corruption_sequence_v1,tfidf_logreg_v1,4,0.4,1,1,True,0.6676116439364779,0.33238835606352213,0.6676116439364779
doc_00174,corruption_sequence_v1,tfidf_logreg_v1,5,0.5,0,1,False,0.530908128867093,0.530908128867093,0.46909187113290696
doc_01496,corruption_sequence_v1,tfidf_logreg_v1,0,0.0,1,0,False,0.6117592853199777,0.3882407146800223,0.6117592853199777
doc_01496,corruption_sequence_v1,tfidf_logreg_v1,1,0.1,1,0,False,0.5972541726758812,0.4027458273241188,0.5972541726758812
doc_01496,corruption_sequence_v1,tfidf_logreg_v1,2,0.2,1,0,False,0.6252685952979877,0.37473140470201227,0.6252685952979877
doc_01496,corruption_sequence_v1,tfidf_logreg_v1,3,0.3,1,0,False,0.6052163018620406,0.39478369813795944,0.6052163018620406
doc_01496,corruption_sequence_v1,tfidf_logreg_v1,4,0.4,1,0,False,0.5823232427688619,0.41767675723113806,0.5823232427688619
doc_01496,corruption_sequence_v1,tfidf_logreg_v1,5,0.5,1,0,False,0.5766864108421849,0.42331358915781514,0.5766864108421849
doc_00782,corruption_sequence_v1,tfidf_logreg_v1,0,0.0,1,1,True,0.8997011176345372,0.1002988823654628,0.8997011176345372
doc_00782,corruption_sequence_v1,tfidf_logreg_v1,1,0.1,1,1,True,0.8914059494354444,0.10859405056455562,0.8914059494354444
doc_00782,corruption_sequence_v1,tfidf_logreg_v1,2,0.2,1,1,True,0.894966167833721,0.10503383216627904,0.894966167833721
doc_00782,corruption_sequence_v1,tfidf_logreg_v1,3,0.3,1,1,True,0.8727481242276128,0.12725187577238717,0.8727481242276128
doc_00782,corruption_sequence_v1,tfidf_logreg_v1,4,0.4,1,1,True,0.8708159310447033,0.12918406895529666,0.8708159310447033
doc_00782,corruption_sequence_v1,tfidf_logreg_v1,5,0.5,1,1,True,0.8499604671372758,0.1500395328627242,0.8499604671372758
doc_01627,corruption_sequence_v1,tfidf_logreg_v1,0,0.0,1,1,True,0.7155820439173144,0.2844179560826856,0.7155820439173144
doc_01627,corruption_sequence_v1,tfidf_logreg_v1,1,0.1,1,1,True,0.7173966570902716,0.28260334290972844,0.7173966570902716
doc_01627,corruption_sequence_v1,tfidf_logreg_v1,2,0.2,1,1,True,0.7296486448252917,0.2703513551747083,0.7296486448252917
doc_01627,corruption_sequence_v1,tfidf_logreg_v1,3,0.3,1,1,True,0.684030317561241,0.315969682438759,0.684030317561241
doc_01627,corruption_sequence_v1,tfidf_logreg_v1,4,0.4,1,1,True,0.7128996168565906,0.28710038314340935,0.7128996168565906
doc_01627,corruption_sequence_v1,tfidf_logreg_v1,5,0.5,1,1,True,0.6627209006608916,0.3372790993391084,0.6627209006608916
doc_01355,corruption_sequence_v1,tfidf_logreg_v1,0,0.0,1,0,False,0.5906893029682453,0.4093106970317547,0.5906893029682453
doc_01355,corruption_sequence_v1,tfidf_logreg_v1,1,0.1,1,0,False,0.6352929510290668,0.3647070489709332,0.6352929510290668
doc_01355,corruption_sequence_v1,tfidf_logreg_v1,2,0.2,1,0,False,0.6153173370420659,0.3846826629579341,0.6153173370420659
doc_01355,corruption_sequence_v1,tfidf_logreg_v1,3,0.3,1,0,False,0.6375264125670892,0.3624735874329108,0.6375264125670892
doc_01355,corruption_sequence_v1,tfidf_logreg_v1,4,0.4,1,0,False,0.5538448598561329,0.44615514014386715,0.5538448598561329
doc_01355,corruption_sequence_v1,tfidf_logreg_v1,5,0.5,1,0,False,0.573430573670783,0.426569426329217,0.573430573670783
doc_00591,corruption_sequence_v1,tfidf_logreg_v1,0,0.0,0,0,True,0.799982488812513,0.799982488812513,0.20001751118748703
doc_00591,corruption_sequence_v1,tfidf_logreg_v1,1,0.1,0,0,True,0.7524615686240294,0.7524615686240294,0.24753843137597067
doc_00591,corruption_sequence_v1,tfidf_logreg_v1,2,0.2,0,0,True,0.7749071430725253,0.7749071430725253,0.22509285692747472
doc_00591,corruption_sequence_v1,tfidf_logreg_v1,3,0.3,0,0,True,0.7731070893901724,0.7731070893901724,0.22689291060982764
doc_00591,corruption_sequence_v1,tfidf_logreg_v1,4,0.4,0,0,True,0.7859403280705453,0.7859403280705453,0.2140596719294547
doc_00591,corruption_sequence_v1,tfidf_logreg_v1,5,0.5,0,0,True,0.7501980389916003,0.7501980389916003,0.2498019610083997
doc_00799,corruption_sequence_v1,tfidf_logreg_v1,0,0.0,1,1,True,0.6934309124822515,0.3065690875177485,0.6934309124822515
doc_00799,corruption_sequence_v1,tfidf_logreg_v1,1,0.1,1,1,True,0.6882607934515979,0.31173920654840215,0.6882607934515979
doc_00799,corruption_sequence_v1,tfidf_logreg_v1,2,0.2,1,1,True,0.6640802513347608,0.3359197486652392,0.6640802513347608
doc_00799,corruption_sequence_v1,tfidf_logreg_v1,3,0.3,1,1,True,0.6076669585684312,0.3923330414315688,0.6076669585684312
doc_00799,corruption_sequence_v1,tfidf_logreg_v1,4,0.4,1,1,True,0.6403851411353677,0.3596148588646323,0.6403851411353677
doc_00799,corruption_sequence_v1,tfidf_logreg_v1,5,0.5,1,1,True,0.6700110716031511,0.3299889283968489,0.6700110716031511
doc_00712,corruption_sequence_v1,tfidf_logreg_v1,0,0.0,1,0,False,0.5774591480568413,0.4225408519431587,0.5774591480568413
doc_00712,corruption_sequence_v1,tfidf_logreg_v1,1,0.1,1,0,False,0.5374146654388815,0.4625853345611185,0.5374146654388815
doc_00712,corruption_sequence_v1,tfidf_logreg_v1,2,0.2,1,0,False,0.5443258169059306,0.4556741830940694,0.5443258169059306
doc_00712,corruption_sequence_v1,tfidf_logreg_v1,3,0.3,0,0,True,0.5459117667170981,0.5459117667170981,0.4540882332829019
doc_00712,corruption_sequence_v1,tfidf_logreg_v1,4,0.4,1,0,False,0.536607293447403,0.463392706552597,0.536607293447403
doc_00712,corruption_sequence_v1,tfidf_logreg_v1,5,0.5,1,0,False,0.5667647829598677,0.43323521704013235,0.5667647829598677
doc_01162,corruption_sequence_v1,tfidf_logreg_v1,0,0.0,0,0,True,0.68312255487996,0.68312255487996,0.31687744512004
doc_01162,corruption_sequence_v1,tfidf_logreg_v1,1,0.1,0,0,True,0.6607815752437636,0.6607815752437636,0.3392184247562365
doc_01162,corruption_sequence_v1,tfidf_logreg_v1,2,0.2,0,0,True,0.6957956807397927,0.6957956807397927,0.3042043192602073
doc_01162,corruption_sequence_v1,tfidf_logreg_v1,3,0.3,0,0,True,0.7150623180421058,0.7150623180421058,0.28493768195789415
doc_01162,corruption_sequence_v1,tfidf_logreg_v1,4,0.4,0,0,True,0.61727463857452,0.61727463857452,0.38272536142547997
doc_01162,corruption_sequence_v1,tfidf_logreg_v1,5,0.5,0,0,True,0.6575870933233616,0.6575870933233616,0.34241290667663843
doc_00544,corruption_sequence_v1,tfidf_logreg_v1,0,0.0,1,1,True,0.7290844387102164,0.27091556128978356,0.7290844387102164
doc_00544,corruption_sequence_v1,tfidf_logreg_v1,1,0.1,1,1,True,0.7162183410791026,0.28378165892089735,0.7162183410791026
doc_00544,corruption_sequence_v1,tfidf_logreg_v1,2,0.2,1,1,True,0.6967098110247167,0.30329018897528326,0.6967098110247167
doc_00544,corruption_sequence_v1,tfidf_logreg_v1,3,0.3,1,1,True,0.6587581349445172,0.3412418650554828,0.6587581349445172
doc_00544,corruption_sequence_v1,tfidf_logreg_v1,4,0.4,1,1,True,0.6550113554512,0.34498864454879996,0.6550113554512
doc_00544,corruption_sequence_v1,tfidf_logreg_v1,5,0.5,1,1,True,0.5259175134164711,0.4740824865835289,0.5259175134164711
doc_01145,corruption_sequence_v1,tfidf_logreg_v1,0,0.0,0,0,True,0.6132879136027394,0.6132879136027394,0.38671208639726057
doc_01145,corruption_sequence_v1,tfidf_logreg_v1,1,0.1,0,0,True,0.6163951612109104,0.6163951612109104,0.3836048387890895
doc_01145,corruption_sequence_v1,tfidf_logreg_v1,2,0.2,1,0,False,0.5050692922149277,0.4949307077850723,0.5050692922149277
doc_01145,corruption_sequence_v1,tfidf_logreg_v1,3,0.3,0,0,True,0.6469933577963063,0.6469933577963063,0.3530066422036937
doc_01145,corruption_sequence_v1,tfidf_logreg_v1,4,0.4,0,0,True,0.5506397785542346,0.5506397785542346,0.4493602214457654
doc_01145,corruption_sequence_v1,tfidf_logreg_v1,5,0.5,0,0,True,0.6401643770872246,0.6401643770872246,0.3598356229127754
doc_01289,corruption_sequence_v1,tfidf_logreg_v1,0,0.0,0,0,True,0.7706314455943737,0.7706314455943737,0.22936855440562637
doc_01289,corruption_sequence_v1,tfidf_logreg_v1,1,0.1,0,0,True,0.7458123658574204,0.7458123658574204,0.2541876341425796
doc_01289,corruption_sequence_v1,tfidf_logreg_v1,2,0.2,0,0,True,0.717753002791367,0.717753002791367,0.282246997208633
doc_01289,corruption_sequence_v1,tfidf_logreg_v1,3,0.3,0,0,True,0.7009602077522551,0.7009602077522551,0.2990397922477449
doc_01289,corruption_sequence_v1,tfidf_logreg_v1,4,0.4,0,0,True,0.7006778191060254,0.7006778191060254,0.2993221808939745
doc_01289,corruption_sequence_v1,tfidf_logreg_v1,5,0.5,0,0,True,0.7299798387401557,0.7299798387401557,0.27002016125984435
doc_01225,corruption_sequence_v1,tfidf_logreg_v1,0,0.0,0,0,True,0.6702791255798991,0.6702791255798991,0.3297208744201009
doc_01225,corruption_sequence_v1,tfidf_logreg_v1,1,0.1,0,0,True,0.6909279237122247,0.6909279237122247,0.30907207628777533
doc_01225,corruption_sequence_v1,tfidf_logreg_v1,2,0.2,0,0,True,0.7010014489172804,0.7010014489172804,0.2989985510827195
doc_01225,corruption_sequence_v1,tfidf_logreg_v1,3,0.3,0,0,True,0.6449164848552471,0.6449164848552471,0.3550835151447529
doc_01225,corruption_sequence_v1,tfidf_logreg_v1,4,0.4,0,0,True,0.5723941591321648,0.5723941591321648,0.4276058408678351
doc_01225,corruption_sequence_v1,tfidf_logreg_v1,5,0.5,0,0,True,0.7121377856162455,0.7121377856162455,0.2878622143837545
doc_01518,corruption_sequence_v1,tfidf_logreg_v1,0,0.0,1,0,False,0.7687294084830812,0.23127059151691876,0.7687294084830812
doc_01518,corruption_sequence_v1,tfidf_logreg_v1,1,0.1,1,0,False,0.7758118890913088,0.22418811090869117,0.7758118890913088
doc_01518,corruption_sequence_v1,tfidf_logreg_v1,2,0.2,1,0,False,0.7736684409231565,0.22633155907684355,0.7736684409231565
doc_01518,corruption_sequence_v1,tfidf_logreg_v1,3,0.3,1,0,False,0.7827158176007035,0.21728418239929648,0.7827158176007035
doc_01518,corruption_sequence_v1,tfidf_logreg_v1,4,0.4,1,0,False,0.746906851637114,0.253093148362886,0.746906851637114
doc_01518,corruption_sequence_v1,tfidf_logreg_v1,5,0.5,1,0,False,0.6879964636415629,0.31200353635843714,0.6879964636415629
doc_01041,corruption_sequence_v1,tfidf_logreg_v1,0,0.0,0,0,True,0.688852710491036,0.688852710491036,0.3111472895089639
doc_01041,corruption_sequence_v1,tfidf_logreg_v1,1,0.1,0,0,True,0.6921486294167862,0.6921486294167862,0.3078513705832138
doc_01041,corruption_sequence_v1,tfidf_logreg_v1,2,0.2,0,0,True,0.6033177920890136,0.6033177920890136,0.3966822079109864
doc_01041,corruption_sequence_v1,tfidf_logreg_v1,3,0.3,0,0,True,0.6527456028475257,0.6527456028475257,0.3472543971524743
doc_01041,corruption_sequence_v1,tfidf_logreg_v1,4,0.4,0,0,True,0.6096549450251396,0.6096549450251396,0.39034505497486033
doc_01041,corruption_sequence_v1,tfidf_logreg_v1,5,0.5,0,0,True,0.6946268523912111,0.6946268523912111,0.30537314760878886
doc_01742,corruption_sequence_v1,tfidf_logreg_v1,0,0.0,1,1,True,0.750202013706716,0.24979798629328398,0.750202013706716
doc_01742,corruption_sequence_v1,tfidf_logreg_v1,1,0.1,1,1,True,0.7131968842589053,0.28680311574109474,0.7131968842589053
doc_01742,corruption_sequence_v1,tfidf_logreg_v1,2,0.2,1,1,True,0.731383294401397,0.26861670559860296,0.731383294401397
doc_01742,corruption_sequence_v1,tfidf_logreg_v1,3,0.3,1,1,True,0.6799142868866477,0.3200857131133523,0.6799142868866477
doc_01742,corruption_sequence_v1,tfidf_logreg_v1,4,0.4,1,1,True,0.6668911168149155,0.33310888318508447,0.6668911168149155
doc_01742,corruption_sequence_v1,tfidf_logreg_v1,5,0.5,1,1,True,0.6983528464017363,0.30164715359826366,0.6983528464017363
doc_00863,corruption_sequence_v1,tfidf_logreg_v1,0,0.0,0,0,True,0.6293729828258003,0.6293729828258003,0.37062701717419966
doc_00863,corruption_sequence_v1,tfidf_logreg_v1,1,0.1,0,0,True,0.562531448186892,0.562531448186892,0.43746855181310795
doc_00863,corruption_sequence_v1,tfidf_logreg_v1,2,0.2,0,0,True,0.5817712649575071,0.5817712649575071,0.4182287350424929
doc_00863,corruption_sequence_v1,tfidf_logreg_v1,3,0.3,0,0,True,0.6032418323478845,0.6032418323478845,0.3967581676521155
doc_00863,corruption_sequence_v1,tfidf_logreg_v1,4,0.4,0,0,True,0.6784082053652005,0.6784082053652005,0.3215917946347995
doc_00863,corruption_sequence_v1,tfidf_logreg_v1,5,0.5,0,0,True,0.58307565200888,0.58307565200888,0.41692434799111994
doc_00471,corruption_sequence_v1,tfidf_logreg_v1,0,0.0,1,0,False,0.52329297185377,0.47670702814623,0.52329297185377
doc_00471,corruption_sequence_v1,tfidf_logreg_v1,1,0.1,0,0,True,0.577804421646875,0.577804421646875,0.422195578353125
doc_00471,corruption_sequence_v1,tfidf_logreg_v1,2,0.2,1,0,False,0.5094984329416777,0.49050156705832226,0.5094984329416777
doc_00471,corruption_sequence_v1,tfidf_logreg_v1,3,0.3,0,0,True,0.5437986102205338,0.5437986102205338,0.4562013897794662
doc_00471,corruption_sequence_v1,tfidf_logreg_v1,4,0.4,0,0,True,0.5470734046068222,0.5470734046068222,0.4529265953931778
doc_00471,corruption_sequence_v1,tfidf_logreg_v1,5,0.5,1,0,False,0.5012881607220252,0.4987118392779748,0.5012881607220252
doc_00283,corruption_sequence_v1,tfidf_logreg_v1,0,0.0,0,0,True,0.5986594699928952,0.5986594699928952,0.4013405300071048
doc_00283,corruption_sequence_v1,tfidf_logreg_v1,1,0.1,0,0,True,0.586796091137145,0.586796091137145,0.4132039088628549
doc_00283,corruption_sequence_v1,tfidf_logreg_v1,2,0.2,0,0,True,0.6131283043103317,0.6131283043103317,0.38687169568966834
doc_00283,corruption_sequence_v1,tfidf_logreg_v1,3,0.3,0,0,True,0.6319947540929851,0.6319947540929851,0.36800524590701483
doc_00283,corruption_sequence_v1,tfidf_logreg_v1,4,0.4,0,0,True,0.5791048019414213,0.5791048019414213,0.42089519805857867
doc_00283,corruption_sequence_v1,tfidf_logreg_v1,5,0.5,0,0,True,0.5916384802766954,0.5916384802766954,0.40836151972330464
doc_01367,corruption_sequence_v1,tfidf_logreg_v1,0,0.0,0,0,True,0.579386713748506,0.579386713748506,0.420613286251494
doc_01367,corruption_sequence_v1,tfidf_logreg_v1,1,0.1,0,0,True,0.5681030719447857,0.5681030719447857,0.43189692805521435
doc_01367,corruption_sequence_v1,tfidf_logreg_v1,2,0.2,0,0,True,0.6775756058247542,0.6775756058247542,0.3224243941752458
doc_01367,corruption_sequence_v1,tfidf_logreg_v1,3,0.3,0,0,True,0.6445503889508835,0.6445503889508835,0.3554496110491166
doc_01367,corruption_sequence_v1,tfidf_logreg_v1,4,0.4,0,0,True,0.6231938059194986,0.6231938059194986,0.3768061940805015
doc_01367,corruption_sequence_v1,tfidf_logreg_v1,5,0.5,0,0,True,0.548516361890971,0.548516361890971,0.4514836381090291
doc_00808,corruption_sequence_v1,tfidf_logreg_v1,0,0.0,0,0,True,0.5821009700341183,0.5821009700341183,0.4178990299658817
doc_00808,corruption_sequence_v1,tfidf_logreg_v1,1,0.1,0,0,True,0.5527281485144182,0.5527281485144182,0.44727185148558185
doc_00808,corruption_sequence_v1,tfidf_logreg_v1,2,0.2,0,0,True,0.5998980818211191,0.5998980818211191,0.40010191817888086
doc_00808,corruption_sequence_v1,tfidf_logreg_v1,3,0.3,0,0,True,0.685406266592026,0.685406266592026,0.314593733407974
doc_00808,corruption_sequence_v1,tfidf_logreg_v1,4,0.4,0,0,True,0.6181488025905986,0.6181488025905986,0.38185119740940143
doc_00808,corruption_sequence_v1,tfidf_logreg_v1,5,0.5,0,0,True,0.6255094725986983,0.6255094725986983,0.37449052740130173
doc_01078,corruption_sequence_v1,tfidf_logreg_v1,0,0.0,0,0,True,0.5917408738802536,0.5917408738802536,0.4082591261197464
doc_01078,corruption_sequence_v1,tfidf_logreg_v1,1,0.1,0,0,True,0.5548433952005464,0.5548433952005464,0.4451566047994536
doc_01078,corruption_sequence_v1,tfidf_logreg_v1,2,0.2,0,0,True,0.5240394201828091,0.5240394201828091,0.4759605798171909
doc_01078,corruption_sequence_v1,tfidf_logreg_v1,3,0.3,0,0,True,0.5861651732347809,0.5861651732347809,0.4138348267652191
doc_01078,corruption_sequence_v1,tfidf_logreg_v1,4,0.4,0,0,True,0.5418288771510291,0.5418288771510291,0.45817112284897094
doc_01078,corruption_sequence_v1,tfidf_logreg_v1,5,0.5,0,0,True,0.6546255290567862,0.6546255290567862,0.3453744709432139
doc_01561,corruption_sequence_v1,tfidf_logreg_v1,0,0.0,0,0,True,0.724899993302726,0.724899993302726,0.275100006697274
doc_01561,corruption_sequence_v1,tfidf_logreg_v1,1,0.1,0,0,True,0.7041528048392571,0.7041528048392571,0.2958471951607429
doc_01561,corruption_sequence_v1,tfidf_logreg_v1,2,0.2,0,0,True,0.7250953553159944,0.7250953553159944,0.2749046446840055
doc_01561,corruption_sequence_v1,tfidf_logreg_v1,3,0.3,0,0,True,0.6982931449424862,0.6982931449424862,0.3017068550575138
doc_01561,corruption_sequence_v1,tfidf_logreg_v1,4,0.4,0,0,True,0.7165296879767684,0.7165296879767684,0.28347031202323164
doc_01561,corruption_sequence_v1,tfidf_logreg_v1,5,0.5,0,0,True,0.6738965623499009,0.6738965623499009,0.326103437650099
doc_01708,corruption_sequence_v1,tfidf_logreg_v1,0,0.0,1,0,False,0.571511080356273,0.42848891964372704,0.571511080356273
doc_01708,corruption_sequence_v1,tfidf_logreg_v1,1,0.1,1,0,False,0.5544150760995935,0.4455849239004065,0.5544150760995935
doc_01708,corruption_sequence_v1,tfidf_logreg_v1,2,0.2,1,0,False,0.5752877724712874,0.4247122275287126,0.5752877724712874
doc_01708,corruption_sequence_v1,tfidf_logreg_v1,3,0.3,1,0,False,0.5582323026888243,0.4417676973111757,0.5582323026888243
doc_01708,corruption_sequence_v1,tfidf_logreg_v1,4,0.4,1,0,False,0.5091775937200205,0.49082240627997953,0.5091775937200205
doc_01708,corruption_sequence_v1,tfidf_logreg_v1,5,0.5,1,0,False,0.6161972694018796,0.3838027305981204,0.6161972694018796
doc_01747,corruption_sequence_v1,tfidf_logreg_v1,0,0.0,1,1,True,0.8942260030808329,0.10577399691916711,0.8942260030808329
doc_01747,corruption_sequence_v1,tfidf_logreg_v1,1,0.1,1,1,True,0.8818590200289537,0.11814097997104633,0.8818590200289537
doc_01747,corruption_sequence_v1,tfidf_logreg_v1,2,0.2,1,1,True,0.8473671694251121,0.15263283057488786,0.8473671694251121
doc_01747,corruption_sequence_v1,tfidf_logreg_v1,3,0.3,1,1,True,0.8553477835556089,0.14465221644439108,0.8553477835556089
doc_01747,corruption_sequence_v1,tfidf_logreg_v1,4,0.4,1,1,True,0.8223912718633231,0.17760872813667694,0.8223912718633231
doc_01747,corruption_sequence_v1,tfidf_logreg_v1,5,0.5,1,1,True,0.8429217160734536,0.15707828392654644,0.8429217160734536
doc_00467,corruption_sequence_v1,tfidf_logreg_v1,0,0.0,0,0,True,0.6245611326810184,0.6245611326810184,0.3754388673189816
doc_00467,corruption_sequence_v1,tfidf_logreg_v1,1,0.1,0,0,True,0.6260335819468885,0.6260335819468885,0.3739664180531115
doc_00467,corruption_sequence_v1,tfidf_logreg_v1,2,0.2,0,0,True,0.6646639192186827,0.6646639192186827,0.33533608078131727
doc_00467,corruption_sequence_v1,tfidf_logreg_v1,3,0.3,0,0,True,0.6493914110126084,0.6493914110126084,0.3506085889873915
doc_00467,corruption_sequence_v1,tfidf_logreg_v1,4,0.4,0,0,True,0.7052179304689541,0.7052179304689541,0.29478206953104585
doc_00467,corruption_sequence_v1,tfidf_logreg_v1,5,0.5,0,0,True,0.5248014702686505,0.5248014702686505,0.47519852973134946
doc_00005,corruption_sequence_v1,tfidf_logreg_v1,0,0.0,1,1,True,0.7324161204300507,0.26758387956994933,0.7324161204300507
doc_00005,corruption_sequence_v1,tfidf_logreg_v1,1,0.1,1,1,True,0.6944254431414463,0.3055745568585537,0.6944254431414463
doc_00005,corruption_sequence_v1,tfidf_logreg_v1,2,0.2,1,1,True,0.7245605223180261,0.27543947768197385,0.7245605223180261
doc_00005,corruption_sequence_v1,tfidf_logreg_v1,3,0.3,1,1,True,0.689582396534421,0.310417603465579,0.689582396534421
doc_00005,corruption_sequence_v1,tfidf_logreg_v1,4,0.4,1,1,True,0.7170304306350139,0.2829695693649861,0.7170304306350139
doc_00005,corruption_sequence_v1,tfidf_logreg_v1,5,0.5,1,1,True,0.6510467136529786,0.3489532863470214,0.6510467136529786
doc_01519,corruption_sequence_v1,tfidf_logreg_v1,0,0.0,1,1,True,0.7382259372181541,0.2617740627818459,0.7382259372181541
doc_01519,corruption_sequence_v1,tfidf_logreg_v1,1,0.1,1,1,True,0.742447675065406,0.257552324934594,0.742447675065406
doc_01519,corruption_sequence_v1,tfidf_logreg_v1,2,0.2,1,1,True,0.714793819077892,0.28520618092210803,0.714793819077892
doc_01519,corruption_sequence_v1,tfidf_logreg_v1,3,0.3,1,1,True,0.7401100535657192,0.25988994643428076,0.7401100535657192
doc_01519,corruption_sequence_v1,tfidf_logreg_v1,4,0.4,1,1,True,0.7934944756504881,0.20650552434951186,0.7934944756504881
doc_01519,corruption_sequence_v1,tfidf_logreg_v1,5,0.5,1,1,True,0.668201383267479,0.331798616732521,0.668201383267479
doc_01537,corruption_sequence_v1,tfidf_logreg_v1,0,0.0,1,1,True,0.6783570138006956,0.3216429861993044,0.6783570138006956
doc_01537,corruption_sequence_v1,tfidf_logreg_v1,1,0.1,1,1,True,0.6466957275017405,0.35330427249825946,0.6466957275017405
doc_01537,corruption_sequence_v1,tfidf_logreg_v1,2,0.2,1,1,True,0.5710375333003482,0.42896246669965177,0.5710375333003482
doc_01537,corruption_sequence_v1,tfidf_logreg_v1,3,0.3,1,1,True,0.5727167998407056,0.42728320015929444,0.5727167998407056
doc_01537,corruption_sequence_v1,tfidf_logreg_v1,4,0.4,1,1,True,0.6686027589015403,0.3313972410984597,0.6686027589015403
doc_01537,corruption_sequence_v1,tfidf_logreg_v1,5,0.5,1,1,True,0.5368663259170532,0.4631336740829468,0.5368663259170532
doc_01564,corruption_sequence_v1,tfidf_logreg_v1,0,0.0,1,1,True,0.5284522820255689,0.47154771797443107,0.5284522820255689
doc_01564,corruption_sequence_v1,tfidf_logreg_v1,1,0.1,1,1,True,0.5408417262007312,0.45915827379926877,0.5408417262007312
doc_01564,corruption_sequence_v1,tfidf_logreg_v1,2,0.2,1,1,True,0.5489486678095257,0.45105133219047433,0.5489486678095257
doc_01564,corruption_sequence_v1,tfidf_logreg_v1,3,0.3,0,1,False,0.5218695688196507,0.5218695688196507,0.47813043118034926
doc_01564,corruption_sequence_v1,tfidf_logreg_v1,4,0.4,0,1,False,0.5310369729198842,0.5310369729198842,0.46896302708011584
doc_01564,corruption_sequence_v1,tfidf_logreg_v1,5,0.5,1,1,True,0.5527187626005959,0.44728123739940406,0.5527187626005959
doc_01285,corruption_sequence_v1,tfidf_logreg_v1,0,0.0,1,0,False,0.552520250440753,0.44747974955924696,0.552520250440753
doc_01285,corruption_sequence_v1,tfidf_logreg_v1,1,0.1,1,0,False,0.5486715400441212,0.4513284599558788,0.5486715400441212
doc_01285,corruption_sequence_v1,tfidf_logreg_v1,2,0.2,1,0,False,0.539436877173408,0.46056312282659195,0.539436877173408
doc_01285,corruption_sequence_v1,tfidf_logreg_v1,3,0.3,1,0,False,0.5621904876241532,0.43780951237584675,0.5621904876241532
doc_01285,corruption_sequence_v1,tfidf_logreg_v1,4,0.4,1,0,False,0.5256630038985612,0.47433699610143876,0.5256630038985612
doc_01285,corruption_sequence_v1,tfidf_logreg_v1,5,0.5,1,0,False,0.5208153740307131,0.4791846259692869,0.5208153740307131
doc_00659,corruption_sequence_v1,tfidf_logreg_v1,0,0.0,1,1,True,0.901902257113043,0.09809774288695705,0.901902257113043
doc_00659,corruption_sequence_v1,tfidf_logreg_v1,1,0.1,1,1,True,0.8898954854259964,0.11010451457400361,0.8898954854259964
doc_00659,corruption_sequence_v1,tfidf_logreg_v1,2,0.2,1,1,True,0.8849472788943162,0.11505272110568376,0.8849472788943162
doc_00659,corruption_sequence_v1,tfidf_logreg_v1,3,0.3,1,1,True,0.8986216222402403,0.10137837775975966,0.8986216222402403
doc_00659,corruption_sequence_v1,tfidf_logreg_v1,4,0.4,1,1,True,0.8789140048613019,0.12108599513869811,0.8789140048613019
doc_00659,corruption_sequence_v1,tfidf_logreg_v1,5,0.5,1,1,True,0.8665059260512161,0.13349407394878388,0.8665059260512161
doc_01217,corruption_sequence_v1,tfidf_logreg_v1,0,0.0,1,1,True,0.9149576315875334,0.0850423684124666,0.9149576315875334
doc_01217,corruption_sequence_v1,tfidf_logreg_v1,1,0.1,1,1,True,0.903132114764563,0.09686788523543699,0.903132114764563
doc_01217,corruption_sequence_v1,tfidf_logreg_v1,2,0.2,1,1,True,0.8793951556318539,0.12060484436814611,0.8793951556318539
doc_01217,corruption_sequence_v1,tfidf_logreg_v1,3,0.3,1,1,True,0.878245369375081,0.12175463062491898,0.878245369375081
doc_01217,corruption_sequence_v1,tfidf_logreg_v1,4,0.4,1,1,True,0.8843614239213381,0.1156385760786619,0.8843614239213381
doc_01217,corruption_sequence_v1,tfidf_logreg_v1,5,0.5,1,1,True,0.8946214852642213,0.10537851473577875,0.8946214852642213
doc_00196,corruption_sequence_v1,tfidf_logreg_v1,0,0.0,1,1,True,0.8570213685390162,0.14297863146098377,0.8570213685390162
doc_00196,corruption_sequence_v1,tfidf_logreg_v1,1,0.1,1,1,True,0.8491018798726865,0.15089812012731352,0.8491018798726865
doc_00196,corruption_sequence_v1,tfidf_logreg_v1,2,0.2,1,1,True,0.8083855500478732,0.19161444995212684,0.8083855500478732
doc_00196,corruption_sequence_v1,tfidf_logreg_v1,3,0.3,1,1,True,0.8281875987769556,0.17181240122304442,0.8281875987769556
doc_00196,corruption_sequence_v1,tfidf_logreg_v1,4,0.4,1,1,True,0.8168924161989861,0.18310758380101388,0.8168924161989861
doc_00196,corruption_sequence_v1,tfidf_logreg_v1,5,0.5,1,1,True,0.7762040477558657,0.2237959522441343,0.7762040477558657
doc_00070,corruption_sequence_v1,tfidf_logreg_v1,0,0.0,0,0,True,0.5742459558696755,0.5742459558696755,0.4257540441303245
doc_00070,corruption_sequence_v1,tfidf_logreg_v1,1,0.1,0,0,True,0.5769214716839846,0.5769214716839846,0.4230785283160155
doc_00070,corruption_sequence_v1,tfidf_logreg_v1,2,0.2,0,0,True,0.5596275380266196,0.5596275380266196,0.4403724619733804
doc_00070,corruption_sequence_v1,tfidf_logreg_v1,3,0.3,0,0,True,0.6470133517146062,0.6470133517146062,0.3529866482853938
doc_00070,corruption_sequence_v1,tfidf_logreg_v1,4,0.4,0,0,True,0.5531168659288153,0.5531168659288153,0.4468831340711848
doc_00070,corruption_sequence_v1,tfidf_logreg_v1,5,0.5,0,0,True,0.5996307400969818,0.5996307400969818,0.40036925990301825
doc_01103,corruption_sequence_v1,tfidf_logreg_v1,0,0.0,1,1,True,0.8994658198987646,0.10053418010123538,0.8994658198987646
doc_01103,corruption_sequence_v1,tfidf_logreg_v1,1,0.1,1,1,True,0.8745240951932607,0.1254759048067393,0.8745240951932607
doc_01103,corruption_sequence_v1,tfidf_logreg_v1,2,0.2,1,1,True,0.8855741448889629,0.11442585511103709,0.8855741448889629
doc_01103,corruption_sequence_v1,tfidf_logreg_v1,3,0.3,1,1,True,0.8063365153651179,0.19366348463488214,0.8063365153651179
doc_01103,corruption_sequence_v1,tfidf_logreg_v1,4,0.4,1,1,True,0.8230975821350406,0.17690241786495942,0.8230975821350406
doc_01103,corruption_sequence_v1,tfidf_logreg_v1,5,0.5,1,1,True,0.8521216234211035,0.14787837657889646,0.8521216234211035
doc_00046,corruption_sequence_v1,tfidf_logreg_v1,0,0.0,0,0,True,0.7594445410045585,0.7594445410045585,0.24055545899544145
doc_00046,corruption_sequence_v1,tfidf_logreg_v1,1,0.1,0,0,True,0.7594445410045585,0.7594445410045585,0.24055545899544145
doc_00046,corruption_sequence_v1,tfidf_logreg_v1,2,0.2,0,0,True,0.7594445410045585,0.7594445410045585,0.24055545899544145
doc_00046,corruption_sequence_v1,tfidf_logreg_v1,3,0.3,0,0,True,0.7594445410045585,0.7594445410045585,0.24055545899544145
doc_00046,corruption_sequence_v1,tfidf_logreg_v1,4,0.4,0,0,True,0.7594445410045585,0.7594445410045585,0.24055545899544145
doc_00046,corruption_sequence_v1,tfidf_logreg_v1,5,0.5,0,0,True,0.7594445410045585,0.7594445410045585,0.24055545899544145
doc_00097,corruption_sequence_v1,tfidf_logreg_v1,0,0.0,1,1,True,0.5269918025267141,0.47300819747328593,0.5269918025267141
doc_00097,corruption_sequence_v1,tfidf_logreg_v1,1,0.1,0,1,False,0.5175872996595392,0.5175872996595392,0.48241270034046085
doc_00097,corruption_sequence_v1,tfidf_logreg_v1,2,0.2,1,1,True,0.5786780311382478,0.4213219688617522,0.5786780311382478
doc_00097,corruption_sequence_v1,tfidf_logreg_v1,3,0.3,1,1,True,0.572786815824771,0.427213184175229,0.572786815824771
doc_00097,corruption_sequence_v1,tfidf_logreg_v1,4,0.4,0,1,False,0.5747741185312978,0.5747741185312978,0.42522588146870216
doc_00097,corruption_sequence_v1,tfidf_logreg_v1,5,0.5,0,1,False,0.5727223948983238,0.5727223948983238,0.42727760510167623
doc_00930,corruption_sequence_v1,tfidf_logreg_v1,0,0.0,1,0,False,0.5720940791792359,0.42790592082076406,0.5720940791792359
doc_00930,corruption_sequence_v1,tfidf_logreg_v1,1,0.1,1,0,False,0.5454121252608342,0.45458787473916584,0.5454121252608342
doc_00930,corruption_sequence_v1,tfidf_logreg_v1,2,0.2,1,0,False,0.6028646750010662,0.3971353249989338,0.6028646750010662
doc_00930,corruption_sequence_v1,tfidf_logreg_v1,3,0.3,1,0,False,0.5095985931612319,0.4904014068387681,0.5095985931612319
doc_00930,corruption_sequence_v1,tfidf_logreg_v1,4,0.4,0,0,True,0.5598716969353765,0.5598716969353765,0.4401283030646234
doc_00930,corruption_sequence_v1,tfidf_logreg_v1,5,0.5,1,0,False,0.5543240539217142,0.44567594607828576,0.5543240539217142
doc_00489,corruption_sequence_v1,tfidf_logreg_v1,0,0.0,0,0,True,0.5717326263370509,0.5717326263370509,0.4282673736629491
doc_00489,corruption_sequence_v1,tfidf_logreg_v1,1,0.1,0,0,True,0.5503822122371316,0.5503822122371316,0.4496177877628684
doc_00489,corruption_sequence_v1,tfidf_logreg_v1,2,0.2,0,0,True,0.5931590870068686,0.5931590870068686,0.4068409129931314
doc_00489,corruption_sequence_v1,tfidf_logreg_v1,3,0.3,1,0,False,0.5035667948618427,0.49643320513815725,0.5035667948618427
doc_00489,corruption_sequence_v1,tfidf_logreg_v1,4,0.4,0,0,True,0.5964260009012948,0.5964260009012948,0.40357399909870517
doc_00489,corruption_sequence_v1,tfidf_logreg_v1,5,0.5,0,0,True,0.6311940481844867,0.6311940481844867,0.3688059518155134
doc_01538,corruption_sequence_v1,tfidf_logreg_v1,0,0.0,0,0,True,0.5045724483024996,0.5045724483024996,0.49542755169750036
doc_01538,corruption_sequence_v1,tfidf_logreg_v1,1,0.1,1,0,False,0.5038219304726588,0.4961780695273412,0.5038219304726588
doc_01538,corruption_sequence_v1,tfidf_logreg_v1,2,0.2,0,0,True,0.5403816273315682,0.5403816273315682,0.4596183726684318
doc_01538,corruption_sequence_v1,tfidf_logreg_v1,3,0.3,1,0,False,0.5186716489741477,0.48132835102585225,0.5186716489741477
doc_01538,corruption_sequence_v1,tfidf_logreg_v1,4,0.4,0,0,True,0.5524955228638221,0.5524955228638221,0.4475044771361779
doc_01538,corruption_sequence_v1,tfidf_logreg_v1,5,0.5,0,0,True,0.5347417227093525,0.5347417227093525,0.46525827729064745
doc_00641,corruption_sequence_v1,tfidf_logreg_v1,0,0.0,1,1,True,0.761676711104703,0.23832328889529697,0.761676711104703
doc_00641,corruption_sequence_v1,tfidf_logreg_v1,1,0.1,1,1,True,0.770598587360304,0.22940141263969605,0.770598587360304
doc_00641,corruption_sequence_v1,tfidf_logreg_v1,2,0.2,1,1,True,0.7523139147626423,0.2476860852373577,0.7523139147626423
doc_00641,corruption_sequence_v1,tfidf_logreg_v1,3,0.3,1,1,True,0.7257979189911077,0.2742020810088923,0.7257979189911077
doc_00641,corruption_sequence_v1,tfidf_logreg_v1,4,0.4,1,1,True,0.7412068941884334,0.25879310581156656,0.7412068941884334
doc_00641,corruption_sequence_v1,tfidf_logreg_v1,5,0.5,1,1,True,0.7367596890894593,0.2632403109105407,0.7367596890894593
doc_01294,corruption_sequence_v1,tfidf_logreg_v1,0,0.0,1,1,True,0.7161735220040415,0.2838264779959585,0.7161735220040415
doc_01294,corruption_sequence_v1,tfidf_logreg_v1,1,0.1,1,1,True,0.7004929936649745,0.29950700633502547,0.7004929936649745
doc_01294,corruption_sequence_v1,tfidf_logreg_v1,2,0.2,1,1,True,0.661001311737056,0.338998688262944,0.661001311737056
doc_01294,corruption_sequence_v1,tfidf_logreg_v1,3,0.3,1,1,True,0.7105407806348538,0.2894592193651462,0.7105407806348538
doc_01294,corruption_sequence_v1,tfidf_logreg_v1,4,0.4,1,1,True,0.6908293585393155,0.3091706414606845,0.6908293585393155
doc_01294,corruption_sequence_v1,tfidf_logreg_v1,5,0.5,1,1,True,0.607837236404649,0.39216276359535096,0.607837236404649
doc_00838,corruption_sequence_v1,tfidf_logreg_v1,0,0.0,1,1,True,0.6396114298190454,0.3603885701809546,0.6396114298190454
doc_00838,corruption_sequence_v1,tfidf_logreg_v1,1,0.1,1,1,True,0.6324954002009627,0.36750459979903727,0.6324954002009627
doc_00838,corruption_sequence_v1,tfidf_logreg_v1,2,0.2,1,1,True,0.6019948201821756,0.39800517981782435,0.6019948201821756
doc_00838,corruption_sequence_v1,tfidf_logreg_v1,3,0.3,1,1,True,0.5467713034729295,0.45322869652707054,0.5467713034729295
doc_00838,corruption_sequence_v1,tfidf_logreg_v1,4,0.4,1,1,True,0.5532667847607049,0.4467332152392951,0.5532667847607049
doc_00838,corruption_sequence_v1,tfidf_logreg_v1,5,0.5,0,1,False,0.5096075038150858,0.5096075038150858,0.4903924961849142
doc_00286,corruption_sequence_v1,tfidf_logreg_v1,0,0.0,1,1,True,0.8576896436751368,0.14231035632486322,0.8576896436751368
doc_00286,corruption_sequence_v1,tfidf_logreg_v1,1,0.1,1,1,True,0.8458960982544794,0.15410390174552058,0.8458960982544794
doc_00286,corruption_sequence_v1,tfidf_logreg_v1,2,0.2,1,1,True,0.8534878900420456,0.14651210995795438,0.8534878900420456
doc_00286,corruption_sequence_v1,tfidf_logreg_v1,3,0.3,1,1,True,0.7751627854885959,0.22483721451140415,0.7751627854885959
doc_00286,corruption_sequence_v1,tfidf_logreg_v1,4,0.4,1,1,True,0.773268647564434,0.22673135243556597,0.773268647564434
doc_00286,corruption_sequence_v1,tfidf_logreg_v1,5,0.5,1,1,True,0.7860853693225216,0.2139146306774784,0.7860853693225216
doc_00496,corruption_sequence_v1,tfidf_logreg_v1,0,0.0,1,1,True,0.7972318230520222,0.20276817694797777,0.7972318230520222
doc_00496,corruption_sequence_v1,tfidf_logreg_v1,1,0.1,1,1,True,0.808638380634813,0.19136161936518703,0.808638380634813
doc_00496,corruption_sequence_v1,tfidf_logreg_v1,2,0.2,1,1,True,0.756714459992865,0.24328554000713498,0.756714459992865
doc_00496,corruption_sequence_v1,tfidf_logreg_v1,3,0.3,1,1,True,0.7554492832027022,0.24455071679729778,0.7554492832027022
doc_00496,corruption_sequence_v1,tfidf_logreg_v1,4,0.4,1,1,True,0.7815581473472643,0.21844185265273575,0.7815581473472643
doc_00496,corruption_sequence_v1,tfidf_logreg_v1,5,0.5,1,1,True,0.7860562129705195,0.21394378702948047,0.7860562129705195
doc_00409,corruption_sequence_v1,tfidf_logreg_v1,0,0.0,0,0,True,0.5918422812135724,0.5918422812135724,0.40815771878642765
doc_00409,corruption_sequence_v1,tfidf_logreg_v1,1,0.1,0,0,True,0.5861417615889694,0.5861417615889694,0.41385823841103064
doc_00409,corruption_sequence_v1,tfidf_logreg_v1,2,0.2,0,0,True,0.6549219316153708,0.6549219316153708,0.3450780683846292
doc_00409,corruption_sequence_v1,tfidf_logreg_v1,3,0.3,0,0,True,0.5652983920826864,0.5652983920826864,0.43470160791731366
doc_00409,corruption_sequence_v1,tfidf_logreg_v1,4,0.4,0,0,True,0.6402613400038457,0.6402613400038457,0.35973865999615434
doc_00409,corruption_sequence_v1,tfidf_logreg_v1,5,0.5,0,0,True,0.5819687477736539,0.5819687477736539,0.418031252226346
doc_00402,corruption_sequence_v1,tfidf_logreg_v1,0,0.0,1,0,False,0.6652549147206027,0.3347450852793973,0.6652549147206027
doc_00402,corruption_sequence_v1,tfidf_logreg_v1,1,0.1,1,0,False,0.6717564267167843,0.32824357328321574,0.6717564267167843
doc_00402,corruption_sequence_v1,tfidf_logreg_v1,2,0.2,1,0,False,0.7163608609906617,0.28363913900933835,0.7163608609906617
doc_00402,corruption_sequence_v1,tfidf_logreg_v1,3,0.3,1,0,False,0.698456733002373,0.301543266997627,0.698456733002373
doc_00402,corruption_sequence_v1,tfidf_logreg_v1,4,0.4,1,0,False,0.6496930757714114,0.35030692422858856,0.6496930757714114
doc_00402,corruption_sequence_v1,tfidf_logreg_v1,5,0.5,1,0,False,0.6463434601808997,0.3536565398191003,0.6463434601808997
doc_01470,corruption_sequence_v1,tfidf_logreg_v1,0,0.0,1,1,True,0.8310907114781385,0.1689092885218615,0.8310907114781385
doc_01470,corruption_sequence_v1,tfidf_logreg_v1,1,0.1,1,1,True,0.8250780854488972,0.17492191455110284,0.8250780854488972
doc_01470,corruption_sequence_v1,tfidf_logreg_v1,2,0.2,1,1,True,0.820657750919609,0.17934224908039098,0.820657750919609
doc_01470,corruption_sequence_v1,tfidf_logreg_v1,3,0.3,1,1,True,0.758804158044857,0.241195841955143,0.758804158044857
doc_01470,corruption_sequence_v1,tfidf_logreg_v1,4,0.4,1,1,True,0.806689441509835,0.19331055849016499,0.806689441509835
doc_01470,corruption_sequence_v1,tfidf_logreg_v1,5,0.5,1,1,True,0.7781718689682436,0.22182813103175636,0.7781718689682436
doc_01171,corruption_sequence_v1,tfidf_logreg_v1,0,0.0,1,1,True,0.6304022342332988,0.3695977657667012,0.6304022342332988
doc_01171,corruption_sequence_v1,tfidf_logreg_v1,1,0.1,1,1,True,0.6067701189216319,0.3932298810783681,0.6067701189216319
doc_01171,corruption_sequence_v1,tfidf_logreg_v1,2,0.2,1,1,True,0.6013085230888582,0.3986914769111418,0.6013085230888582
doc_01171,corruption_sequence_v1,tfidf_logreg_v1,3,0.3,1,1,True,0.5589637445722441,0.44103625542775593,0.5589637445722441
doc_01171,corruption_sequence_v1,tfidf_logreg_v1,4,0.4,1,1,True,0.5924728611808097,0.40752713881919034,0.5924728611808097
doc_01171,corruption_sequence_v1,tfidf_logreg_v1,5,0.5,1,1,True,0.5831285840096313,0.4168714159903687,0.5831285840096313
doc_00451,corruption_sequence_v1,tfidf_logreg_v1,0,0.0,0,1,False,0.5999208935431906,0.5999208935431906,0.40007910645680944
doc_00451,corruption_sequence_v1,tfidf_logreg_v1,1,0.1,0,1,False,0.5256752974203294,0.5256752974203294,0.4743247025796707
doc_00451,corruption_sequence_v1,tfidf_logreg_v1,2,0.2,0,1,False,0.5417212066697309,0.5417212066697309,0.4582787933302691
doc_00451,corruption_sequence_v1,tfidf_logreg_v1,3,0.3,0,1,False,0.5521288270142426,0.5521288270142426,0.44787117298575746
doc_00451,corruption_sequence_v1,tfidf_logreg_v1,4,0.4,0,1,False,0.5458109059171798,0.5458109059171798,0.45418909408282016
doc_00451,corruption_sequence_v1,tfidf_logreg_v1,5,0.5,0,1,False,0.5250405640039959,0.5250405640039959,0.47495943599600404
doc_01105,corruption_sequence_v1,tfidf_logreg_v1,0,0.0,0,0,True,0.7601143103274095,0.7601143103274095,0.23988568967259055
doc_01105,corruption_sequence_v1,tfidf_logreg_v1,1,0.1,0,0,True,0.740836202759072,0.740836202759072,0.2591637972409279
doc_01105,corruption_sequence_v1,tfidf_logreg_v1,2,0.2,0,0,True,0.7574906522300271,0.7574906522300271,0.2425093477699729
doc_01105,corruption_sequence_v1,tfidf_logreg_v1,3,0.3,0,0,True,0.7053108019834653,0.7053108019834653,0.29468919801653476
doc_01105,corruption_sequence_v1,tfidf_logreg_v1,4,0.4,0,0,True,0.7142775467334885,0.7142775467334885,0.2857224532665115
doc_01105,corruption_sequence_v1,tfidf_logreg_v1,5,0.5,0,0,True,0.705636334799643,0.705636334799643,0.29436366520035695
doc_01660,corruption_sequence_v1,tfidf_logreg_v1,0,0.0,1,1,True,0.7212314944358658,0.27876850556413424,0.7212314944358658
doc_01660,corruption_sequence_v1,tfidf_logreg_v1,1,0.1,1,1,True,0.7144918926606034,0.2855081073393966,0.7144918926606034
doc_01660,corruption_sequence_v1,tfidf_logreg_v1,2,0.2,1,1,True,0.6866997439080091,0.31330025609199086,0.6866997439080091
doc_01660,corruption_sequence_v1,tfidf_logreg_v1,3,0.3,1,1,True,0.7231712971211779,0.2768287028788221,0.7231712971211779
doc_01660,corruption_sequence_v1,tfidf_logreg_v1,4,0.4,1,1,True,0.7141426636764279,0.28585733632357213,0.7141426636764279
doc_01660,corruption_sequence_v1,tfidf_logreg_v1,5,0.5,1,1,True,0.6808063397596945,0.3191936602403055,0.6808063397596945
doc_00696,corruption_sequence_v1,tfidf_logreg_v1,0,0.0,1,1,True,0.741474373842136,0.258525626157864,0.741474373842136
doc_00696,corruption_sequence_v1,tfidf_logreg_v1,1,0.1,1,1,True,0.7396885891237022,0.26031141087629783,0.7396885891237022
doc_00696,corruption_sequence_v1,tfidf_logreg_v1,2,0.2,1,1,True,0.7013544091808338,0.2986455908191662,0.7013544091808338
doc_00696,corruption_sequence_v1,tfidf_logreg_v1,3,0.3,1,1,True,0.7036615867832314,0.29633841321676857,0.7036615867832314
doc_00696,corruption_sequence_v1,tfidf_logreg_v1,4,0.4,1,1,True,0.7157787139793271,0.28422128602067287,0.7157787139793271
doc_00696,corruption_sequence_v1,tfidf_logreg_v1,5,0.5,1,1,True,0.6954193278804303,0.30458067211956974,0.6954193278804303
doc_01121,corruption_sequence_v1,tfidf_logreg_v1,0,0.0,1,1,True,0.5751233390635212,0.4248766609364788,0.5751233390635212
doc_01121,corruption_sequence_v1,tfidf_logreg_v1,1,0.1,1,1,True,0.6111563936312544,0.3888436063687456,0.6111563936312544
doc_01121,corruption_sequence_v1,tfidf_logreg_v1,2,0.2,1,1,True,0.6371948831371381,0.3628051168628619,0.6371948831371381
doc_01121,corruption_sequence_v1,tfidf_logreg_v1,3,0.3,1,1,True,0.5224983725679282,0.4775016274320718,0.5224983725679282
doc_01121,corruption_sequence_v1,tfidf_logreg_v1,4,0.4,1,1,True,0.5688553636514656,0.4311446363485344,0.5688553636514656
doc_01121,corruption_sequence_v1,tfidf_logreg_v1,5,0.5,1,1,True,0.6110956398606391,0.3889043601393609,0.6110956398606391
doc_01341,corruption_sequence_v1,tfidf_logreg_v1,0,0.0,0,0,True,0.7582618532272389,0.7582618532272389,0.2417381467727611
doc_01341,corruption_sequence_v1,tfidf_logreg_v1,1,0.1,0,0,True,0.6874365730555385,0.6874365730555385,0.31256342694446143
doc_01341,corruption_sequence_v1,tfidf_logreg_v1,2,0.2,0,0,True,0.6969818477133698,0.6969818477133698,0.3030181522866302
doc_01341,corruption_sequence_v1,tfidf_logreg_v1,3,0.3,0,0,True,0.7268954853397678,0.7268954853397678,0.2731045146602323
doc_01341,corruption_sequence_v1,tfidf_logreg_v1,4,0.4,0,0,True,0.6082571237104129,0.6082571237104129,0.3917428762895871
doc_01341,corruption_sequence_v1,tfidf_logreg_v1,5,0.5,0,0,True,0.6987538106164608,0.6987538106164608,0.3012461893835392
doc_00000,corruption_sequence_v1,tfidf_logreg_v1,0,0.0,1,1,True,0.7819858568456401,0.21801414315435985,0.7819858568456401
doc_00000,corruption_sequence_v1,tfidf_logreg_v1,1,0.1,1,1,True,0.7737080971086961,0.22629190289130385,0.7737080971086961
doc_00000,corruption_sequence_v1,tfidf_logreg_v1,2,0.2,1,1,True,0.7711707733396127,0.2288292266603873,0.7711707733396127
doc_00000,corruption_sequence_v1,tfidf_logreg_v1,3,0.3,1,1,True,0.7527873174380706,0.2472126825619294,0.7527873174380706
doc_00000,corruption_sequence_v1,tfidf_logreg_v1,4,0.4,1,1,True,0.7394568442533596,0.26054315574664044,0.7394568442533596
doc_00000,corruption_sequence_v1,tfidf_logreg_v1,5,0.5,1,1,True,0.675961604968976,0.32403839503102405,0.675961604968976
doc_00556,corruption_sequence_v1,tfidf_logreg_v1,0,0.0,1,1,True,0.8323722349063933,0.16762776509360666,0.8323722349063933
doc_00556,corruption_sequence_v1,tfidf_logreg_v1,1,0.1,1,1,True,0.8357755386930339,0.1642244613069661,0.8357755386930339
doc_00556,corruption_sequence_v1,tfidf_logreg_v1,2,0.2,1,1,True,0.8215397996811988,0.17846020031880117,0.8215397996811988
doc_00556,corruption_sequence_v1,tfidf_logreg_v1,3,0.3,1,1,True,0.7990537615047989,0.2009462384952011,0.7990537615047989
doc_00556,corruption_sequence_v1,tfidf_logreg_v1,4,0.4,1,1,True,0.7735289738977322,0.22647102610226777,0.7735289738977322
doc_00556,corruption_sequence_v1,tfidf_logreg_v1,5,0.5,1,1,True,0.7814579186449314,0.21854208135506858,0.7814579186449314
doc_01042,corruption_sequence_v1,tfidf_logreg_v1,0,0.0,0,0,True,0.5698956775230044,0.5698956775230044,0.43010432247699554
doc_01042,corruption_sequence_v1,tfidf_logreg_v1,1,0.1,0,0,True,0.5229999525122935,0.5229999525122935,0.4770000474877066
doc_01042,corruption_sequence_v1,tfidf_logreg_v1,2,0.2,0,0,True,0.5445627582618957,0.5445627582618957,0.45543724173810424
doc_01042,corruption_sequence_v1,tfidf_logreg_v1,3,0.3,0,0,True,0.5630887847959118,0.5630887847959118,0.4369112152040882
doc_01042,corruption_sequence_v1,tfidf_logreg_v1,4,0.4,0,0,True,0.5030639148423032,0.5030639148423032,0.4969360851576968
doc_01042,corruption_sequence_v1,tfidf_logreg_v1,5,0.5,0,0,True,0.5527488223726638,0.5527488223726638,0.4472511776273362
doc_00059,corruption_sequence_v1,tfidf_logreg_v1,0,0.0,0,0,True,0.6689363965039925,0.6689363965039925,0.33106360349600755
doc_00059,corruption_sequence_v1,tfidf_logreg_v1,1,0.1,0,0,True,0.6958881098845758,0.6958881098845758,0.30411189011542417
doc_00059,corruption_sequence_v1,tfidf_logreg_v1,2,0.2,0,0,True,0.6845391924313544,0.6845391924313544,0.31546080756864564
doc_00059,corruption_sequence_v1,tfidf_logreg_v1,3,0.3,0,0,True,0.6611653204293786,0.6611653204293786,0.3388346795706214
doc_00059,corruption_sequence_v1,tfidf_logreg_v1,4,0.4,0,0,True,0.6520580231638131,0.6520580231638131,0.3479419768361869
doc_00059,corruption_sequence_v1,tfidf_logreg_v1,5,0.5,0,0,True,0.7277374705438469,0.7277374705438469,0.27226252945615315
doc_00987,corruption_sequence_v1,tfidf_logreg_v1,0,0.0,1,1,True,0.7863696330053459,0.2136303669946541,0.7863696330053459
doc_00987,corruption_sequence_v1,tfidf_logreg_v1,1,0.1,1,1,True,0.7774941693271735,0.22250583067282648,0.7774941693271735
doc_00987,corruption_sequence_v1,tfidf_logreg_v1,2,0.2,1,1,True,0.7383094596179882,0.2616905403820118,0.7383094596179882
doc_00987,corruption_sequence_v1,tfidf_logreg_v1,3,0.3,1,1,True,0.7394426712986515,0.2605573287013485,0.7394426712986515
doc_00987,corruption_sequence_v1,tfidf_logreg_v1,4,0.4,1,1,True,0.7771743334999097,0.22282566650009028,0.7771743334999097
doc_00987,corruption_sequence_v1,tfidf_logreg_v1,5,0.5,1,1,True,0.6745384364583578,0.32546156354164224,0.6745384364583578
doc_00047,corruption_sequence_v1,tfidf_logreg_v1,0,0.0,1,1,True,0.7191689819513043,0.2808310180486957,0.7191689819513043
doc_00047,corruption_sequence_v1,tfidf_logreg_v1,1,0.1,1,1,True,0.7096508088321496,0.2903491911678504,0.7096508088321496
doc_00047,corruption_sequence_v1,tfidf_logreg_v1,2,0.2,1,1,True,0.6974671968025534,0.3025328031974466,0.6974671968025534
doc_00047,corruption_sequence_v1,tfidf_logreg_v1,3,0.3,1,1,True,0.6439152175506611,0.35608478244933894,0.6439152175506611
doc_00047,corruption_sequence_v1,tfidf_logreg_v1,4,0.4,1,1,True,0.6546958914680997,0.3453041085319003,0.6546958914680997
doc_00047,corruption_sequence_v1,tfidf_logreg_v1,5,0.5,1,1,True,0.6568390253303128,0.3431609746696872,0.6568390253303128
doc_00488,corruption_sequence_v1,tfidf_logreg_v1,0,0.0,0,0,True,0.6431393656508293,0.6431393656508293,0.35686063434917076
doc_00488,corruption_sequence_v1,tfidf_logreg_v1,1,0.1,0,0,True,0.6752041798394031,0.6752041798394031,0.32479582016059694
doc_00488,corruption_sequence_v1,tfidf_logreg_v1,2,0.2,0,0,True,0.6788034503668191,0.6788034503668191,0.3211965496331809
doc_00488,corruption_sequence_v1,tfidf_logreg_v1,3,0.3,0,0,True,0.6168287328711303,0.6168287328711303,0.38317126712886973
doc_00488,corruption_sequence_v1,tfidf_logreg_v1,4,0.4,0,0,True,0.683154583195656,0.683154583195656,0.3168454168043439
doc_00488,corruption_sequence_v1,tfidf_logreg_v1,5,0.5,0,0,True,0.5669217939304387,0.5669217939304387,0.4330782060695612
doc_01139,corruption_sequence_v1,tfidf_logreg_v1,0,0.0,1,1,True,0.5780985190929949,0.4219014809070051,0.5780985190929949
doc_01139,corruption_sequence_v1,tfidf_logreg_v1,1,0.1,1,1,True,0.5409889330837014,0.45901106691629856,0.5409889330837014
doc_01139,corruption_sequence_v1,tfidf_logreg_v1,2,0.2,1,1,True,0.5376256482042299,0.46237435179577013,0.5376256482042299
doc_01139,corruption_sequence_v1,tfidf_logreg_v1,3,0.3,1,1,True,0.5102583049221747,0.4897416950778253,0.5102583049221747
doc_01139,corruption_sequence_v1,tfidf_logreg_v1,4,0.4,0,1,False,0.5543487924312621,0.5543487924312621,0.4456512075687379
doc_01139,corruption_sequence_v1,tfidf_logreg_v1,5,0.5,0,1,False,0.5599948163164505,0.5599948163164505,0.4400051836835494
doc_00154,corruption_sequence_v1,tfidf_logreg_v1,0,0.0,1,0,False,0.5159588872501079,0.48404111274989214,0.5159588872501079
doc_00154,corruption_sequence_v1,tfidf_logreg_v1,1,0.1,1,0,False,0.5311630146988084,0.46883698530119156,0.5311630146988084
doc_00154,corruption_sequence_v1,tfidf_logreg_v1,2,0.2,1,0,False,0.5023330489969013,0.49766695100309866,0.5023330489969013
doc_00154,corruption_sequence_v1,tfidf_logreg_v1,3,0.3,1,0,False,0.5341117301847256,0.4658882698152744,0.5341117301847256
doc_00154,corruption_sequence_v1,tfidf_logreg_v1,4,0.4,1,0,False,0.5355631443234751,0.46443685567652493,0.5355631443234751
doc_00154,corruption_sequence_v1,tfidf_logreg_v1,5,0.5,1,0,False,0.5007464969993377,0.4992535030006623,0.5007464969993377
doc_00419,corruption_sequence_v1,tfidf_logreg_v1,0,0.0,0,0,True,0.6879223332828679,0.6879223332828679,0.31207766671713216
doc_00419,corruption_sequence_v1,tfidf_logreg_v1,1,0.1,0,0,True,0.6838347135673601,0.6838347135673601,0.3161652864326399
doc_00419,corruption_sequence_v1,tfidf_logreg_v1,2,0.2,0,0,True,0.6911875241817704,0.6911875241817704,0.30881247581822957
doc_00419,corruption_sequence_v1,tfidf_logreg_v1,3,0.3,0,0,True,0.672051669015383,0.672051669015383,0.327948330984617
doc_00419,corruption_sequence_v1,tfidf_logreg_v1,4,0.4,0,0,True,0.6602212486483343,0.6602212486483343,0.33977875135166574
doc_00419,corruption_sequence_v1,tfidf_logreg_v1,5,0.5,0,0,True,0.6549640599716604,0.6549640599716604,0.34503594002833954
doc_00760,corruption_sequence_v1,tfidf_logreg_v1,0,0.0,0,0,True,0.6194011750993732,0.6194011750993732,0.3805988249006268
doc_00760,corruption_sequence_v1,tfidf_logreg_v1,1,0.1,0,0,True,0.6507715023899242,0.6507715023899242,0.3492284976100758
doc_00760,corruption_sequence_v1,tfidf_logreg_v1,2,0.2,0,0,True,0.6641885367775432,0.6641885367775432,0.3358114632224568
doc_00760,corruption_sequence_v1,tfidf_logreg_v1,3,0.3,0,0,True,0.6322929046804577,0.6322929046804577,0.36770709531954227
doc_00760,corruption_sequence_v1,tfidf_logreg_v1,4,0.4,0,0,True,0.5819822682158788,0.5819822682158788,0.4180177317841212
doc_00760,corruption_sequence_v1,tfidf_logreg_v1,5,0.5,0,0,True,0.5675589109423289,0.5675589109423289,0.43244108905767115
doc_00426,corruption_sequence_v1,tfidf_logreg_v1,0,0.0,1,1,True,0.5100753189001129,0.48992468109988707,0.5100753189001129
doc_00426,corruption_sequence_v1,tfidf_logreg_v1,1,0.1,0,1,False,0.515596822907886,0.515596822907886,0.484403177092114
doc_00426,corruption_sequence_v1,tfidf_logreg_v1,2,0.2,1,1,True,0.5272597488982991,0.4727402511017009,0.5272597488982991
doc_00426,corruption_sequence_v1,tfidf_logreg_v1,3,0.3,1,1,True,0.5718249940655723,0.4281750059344277,0.5718249940655723
doc_00426,corruption_sequence_v1,tfidf_logreg_v1,4,0.4,0,1,False,0.5290710675739463,0.5290710675739463,0.47092893242605366
doc_00426,corruption_sequence_v1,tfidf_logreg_v1,5,0.5,1,1,True,0.5018165194085186,0.49818348059148143,0.5018165194085186
doc_00384,corruption_sequence_v1,tfidf_logreg_v1,0,0.0,1,1,True,0.6252357862578227,0.3747642137421773,0.6252357862578227
doc_00384,corruption_sequence_v1,tfidf_logreg_v1,1,0.1,1,1,True,0.6244613482478604,0.37553865175213963,0.6244613482478604
doc_00384,corruption_sequence_v1,tfidf_logreg_v1,2,0.2,1,1,True,0.5592621735793065,0.4407378264206935,0.5592621735793065
doc_00384,corruption_sequence_v1,tfidf_logreg_v1,3,0.3,1,1,True,0.5800591866991938,0.41994081330080624,0.5800591866991938
doc_00384,corruption_sequence_v1,tfidf_logreg_v1,4,0.4,1,1,True,0.5725994064178961,0.4274005935821039,0.5725994064178961
doc_00384,corruption_sequence_v1,tfidf_logreg_v1,5,0.5,1,1,True,0.5661316945158961,0.43386830548410393,0.5661316945158961
doc_01077,corruption_sequence_v1,tfidf_logreg_v1,0,0.0,1,0,False,0.5561946667581453,0.44380533324185467,0.5561946667581453
doc_01077,corruption_sequence_v1,tfidf_logreg_v1,1,0.1,1,0,False,0.5563986415755914,0.4436013584244086,0.5563986415755914
doc_01077,corruption_sequence_v1,tfidf_logreg_v1,2,0.2,1,0,False,0.5876948674055832,0.4123051325944168,0.5876948674055832
doc_01077,corruption_sequence_v1,tfidf_logreg_v1,3,0.3,1,0,False,0.5721390201283408,0.42786097987165916,0.5721390201283408
doc_01077,corruption_sequence_v1,tfidf_logreg_v1,4,0.4,1,0,False,0.6123177002622823,0.38768229973771773,0.6123177002622823
doc_01077,corruption_sequence_v1,tfidf_logreg_v1,5,0.5,1,0,False,0.5109017881685582,0.48909821183144175,0.5109017881685582
doc_00940,corruption_sequence_v1,tfidf_logreg_v1,0,0.0,1,1,True,0.6093955916351159,0.3906044083648841,0.6093955916351159
doc_00940,corruption_sequence_v1,tfidf_logreg_v1,1,0.1,1,1,True,0.5526817949884604,0.4473182050115396,0.5526817949884604
doc_00940,corruption_sequence_v1,tfidf_logreg_v1,2,0.2,1,1,True,0.5870765067078084,0.4129234932921916,0.5870765067078084
doc_00940,corruption_sequence_v1,tfidf_logreg_v1,3,0.3,1,1,True,0.5652522529361994,0.4347477470638006,0.5652522529361994
doc_00940,corruption_sequence_v1,tfidf_logreg_v1,4,0.4,1,1,True,0.5668972050717221,0.43310279492827786,0.5668972050717221
doc_00940,corruption_sequence_v1,tfidf_logreg_v1,5,0.5,1,1,True,0.5340872189686398,0.46591278103136025,0.5340872189686398
doc_00082,corruption_sequence_v1,tfidf_logreg_v1,0,0.0,1,1,True,0.5741691748641078,0.4258308251358922,0.5741691748641078
doc_00082,corruption_sequence_v1,tfidf_logreg_v1,1,0.1,1,1,True,0.5891059345270856,0.4108940654729144,0.5891059345270856
doc_00082,corruption_sequence_v1,tfidf_logreg_v1,2,0.2,1,1,True,0.5693003014602209,0.4306996985397791,0.5693003014602209
doc_00082,corruption_sequence_v1,tfidf_logreg_v1,3,0.3,0,1,False,0.5386558231304506,0.5386558231304506,0.4613441768695494
doc_00082,corruption_sequence_v1,tfidf_logreg_v1,4,0.4,1,1,True,0.5544530984341328,0.4455469015658672,0.5544530984341328
doc_00082,corruption_sequence_v1,tfidf_logreg_v1,5,0.5,1,1,True,0.5068409010452395,0.4931590989547605,0.5068409010452395
doc_01379,corruption_sequence_v1,tfidf_logreg_v1,0,0.0,1,1,True,0.6771283504037363,0.3228716495962637,0.6771283504037363
doc_01379,corruption_sequence_v1,tfidf_logreg_v1,1,0.1,1,1,True,0.6309075066421717,0.36909249335782834,0.6309075066421717
doc_01379,corruption_sequence_v1,tfidf_logreg_v1,2,0.2,1,1,True,0.6532315773678589,0.34676842263214114,0.6532315773678589
doc_01379,corruption_sequence_v1,tfidf_logreg_v1,3,0.3,1,1,True,0.5413585951889791,0.4586414048110209,0.5413585951889791
doc_01379,corruption_sequence_v1,tfidf_logreg_v1,4,0.4,1,1,True,0.6122813435824292,0.38771865641757075,0.6122813435824292
doc_01379,corruption_sequence_v1,tfidf_logreg_v1,5,0.5,1,1,True,0.5300966441766576,0.4699033558233424,0.5300966441766576
doc_01450,corruption_sequence_v1,tfidf_logreg_v1,0,0.0,1,1,True,0.7062069356021146,0.29379306439788544,0.7062069356021146
doc_01450,corruption_sequence_v1,tfidf_logreg_v1,1,0.1,1,1,True,0.7073346941912039,0.29266530580879613,0.7073346941912039
doc_01450,corruption_sequence_v1,tfidf_logreg_v1,2,0.2,1,1,True,0.6711677627877064,0.3288322372122936,0.6711677627877064
doc_01450,corruption_sequence_v1,tfidf_logreg_v1,3,0.3,1,1,True,0.6342357632706875,0.36576423672931246,0.6342357632706875
doc_01450,corruption_sequence_v1,tfidf_logreg_v1,4,0.4,1,1,True,0.6074798850677118,0.3925201149322882,0.6074798850677118
doc_01450,corruption_sequence_v1,tfidf_logreg_v1,5,0.5,1,1,True,0.6298993560732404,0.37010064392675956,0.6298993560732404
doc_00399,corruption_sequence_v1,tfidf_logreg_v1,0,0.0,0,0,True,0.8925574289921038,0.8925574289921038,0.10744257100789618
doc_00399,corruption_sequence_v1,tfidf_logreg_v1,1,0.1,0,0,True,0.7978527580726302,0.7978527580726302,0.20214724192736977
doc_00399,corruption_sequence_v1,tfidf_logreg_v1,2,0.2,0,0,True,0.8148513265889535,0.8148513265889535,0.1851486734110465
doc_00399,corruption_sequence_v1,tfidf_logreg_v1,3,0.3,0,0,True,0.822731965580832,0.822731965580832,0.17726803441916802
doc_00399,corruption_sequence_v1,tfidf_logreg_v1,4,0.4,0,0,True,0.8275613344366716,0.8275613344366716,0.17243866556332846
doc_00399,corruption_sequence_v1,tfidf_logreg_v1,5,0.5,0,0,True,0.712683953126636,0.712683953126636,0.28731604687336393
doc_01312,corruption_sequence_v1,tfidf_logreg_v1,0,0.0,1,1,True,0.5730634221979082,0.4269365778020918,0.5730634221979082
doc_01312,corruption_sequence_v1,tfidf_logreg_v1,1,0.1,1,1,True,0.5310372311537505,0.46896276884624954,0.5310372311537505
doc_01312,corruption_sequence_v1,tfidf_logreg_v1,2,0.2,1,1,True,0.5366464067616148,0.4633535932383852,0.5366464067616148
doc_01312,corruption_sequence_v1,tfidf_logreg_v1,3,0.3,1,1,True,0.5935315482710961,0.4064684517289039,0.5935315482710961
doc_01312,corruption_sequence_v1,tfidf_logreg_v1,4,0.4,1,1,True,0.5986185031807525,0.4013814968192475,0.5986185031807525
doc_01312,corruption_sequence_v1,tfidf_logreg_v1,5,0.5,0,1,False,0.5379552284533358,0.5379552284533358,0.46204477154666423
doc_01204,corruption_sequence_v1,tfidf_logreg_v1,0,0.0,1,1,True,0.7263194418885618,0.2736805581114382,0.7263194418885618
doc_01204,corruption_sequence_v1,tfidf_logreg_v1,1,0.1,1,1,True,0.7134087864299724,0.2865912135700276,0.7134087864299724
doc_01204,corruption_sequence_v1,tfidf_logreg_v1,2,0.2,1,1,True,0.6809457442735419,0.31905425572645807,0.6809457442735419
doc_01204,corruption_sequence_v1,tfidf_logreg_v1,3,0.3,1,1,True,0.6628658376133283,0.3371341623866717,0.6628658376133283
doc_01204,corruption_sequence_v1,tfidf_logreg_v1,4,0.4,1,1,True,0.678501686480535,0.321498313519465,0.678501686480535
doc_01204,corruption_sequence_v1,tfidf_logreg_v1,5,0.5,1,1,True,0.623531177476462,0.37646882252353797,0.623531177476462
doc_01509,corruption_sequence_v1,tfidf_logreg_v1,0,0.0,1,1,True,0.6120931949867627,0.38790680501323727,0.6120931949867627
doc_01509,corruption_sequence_v1,tfidf_logreg_v1,1,0.1,1,1,True,0.6800321106615779,0.31996788933842213,0.6800321106615779
doc_01509,corruption_sequence_v1,tfidf_logreg_v1,2,0.2,1,1,True,0.6676968232825824,0.3323031767174176,0.6676968232825824
doc_01509,corruption_sequence_v1,tfidf_logreg_v1,3,0.3,1,1,True,0.599377873692804,0.40062212630719596,0.599377873692804
doc_01509,corruption_sequence_v1,tfidf_logreg_v1,4,0.4,1,1,True,0.5686586979081316,0.4313413020918684,0.5686586979081316
doc_01509,corruption_sequence_v1,tfidf_logreg_v1,5,0.5,1,1,True,0.640012758210455,0.359987241789545,0.640012758210455
doc_00119,corruption_sequence_v1,tfidf_logreg_v1,0,0.0,1,1,True,0.700598408479481,0.29940159152051904,0.700598408479481
doc_00119,corruption_sequence_v1,tfidf_logreg_v1,1,0.1,1,1,True,0.6696751101632352,0.3303248898367648,0.6696751101632352
doc_00119,corruption_sequence_v1,tfidf_logreg_v1,2,0.2,1,1,True,0.6388522196457398,0.3611477803542602,0.6388522196457398
doc_00119,corruption_sequence_v1,tfidf_logreg_v1,3,0.3,1,1,True,0.5811623349143784,0.4188376650856216,0.5811623349143784
doc_00119,corruption_sequence_v1,tfidf_logreg_v1,4,0.4,1,1,True,0.6060736033907812,0.3939263966092188,0.6060736033907812
doc_00119,corruption_sequence_v1,tfidf_logreg_v1,5,0.5,1,1,True,0.6270749082018171,0.3729250917981829,0.6270749082018171
doc_00615,corruption_sequence_v1,tfidf_logreg_v1,0,0.0,1,1,True,0.8752214940010367,0.12477850599896334,0.8752214940010367
doc_00615,corruption_sequence_v1,tfidf_logreg_v1,1,0.1,1,1,True,0.8661310402576264,0.13386895974237356,0.8661310402576264
doc_00615,corruption_sequence_v1,tfidf_logreg_v1,2,0.2,1,1,True,0.8785384940679827,0.12146150593201732,0.8785384940679827
doc_00615,corruption_sequence_v1,tfidf_logreg_v1,3,0.3,1,1,True,0.8800312766386673,0.11996872336133269,0.8800312766386673
doc_00615,corruption_sequence_v1,tfidf_logreg_v1,4,0.4,1,1,True,0.8627246739307325,0.1372753260692675,0.8627246739307325
doc_00615,corruption_sequence_v1,tfidf_logreg_v1,5,0.5,1,1,True,0.8497921983221975,0.15020780167780245,0.8497921983221975
doc_00609,corruption_sequence_v1,tfidf_logreg_v1,0,0.0,1,1,True,0.894687569803058,0.10531243019694203,0.894687569803058
doc_00609,corruption_sequence_v1,tfidf_logreg_v1,1,0.1,1,1,True,0.865169096010763,0.13483090398923703,0.865169096010763
doc_00609,corruption_sequence_v1,tfidf_logreg_v1,2,0.2,1,1,True,0.8482696504810092,0.15173034951899078,0.8482696504810092
doc_00609,corruption_sequence_v1,tfidf_logreg_v1,3,0.3,1,1,True,0.8452350884579598,0.1547649115420402,0.8452350884579598
doc_00609,corruption_sequence_v1,tfidf_logreg_v1,4,0.4,1,1,True,0.8358697422354563,0.1641302577645437,0.8358697422354563
doc_00609,corruption_sequence_v1,tfidf_logreg_v1,5,0.5,1,1,True,0.8234161548765219,0.17658384512347813,0.8234161548765219
doc_00993,corruption_sequence_v1,tfidf_logreg_v1,0,0.0,0,0,True,0.5352528568106616,0.5352528568106616,0.46474714318933846
doc_00993,corruption_sequence_v1,tfidf_logreg_v1,1,0.1,0,0,True,0.5416559578292072,0.5416559578292072,0.45834404217079283
doc_00993,corruption_sequence_v1,tfidf_logreg_v1,2,0.2,0,0,True,0.5681236721986088,0.5681236721986088,0.4318763278013912
doc_00993,corruption_sequence_v1,tfidf_logreg_v1,3,0.3,0,0,True,0.5474059061234698,0.5474059061234698,0.45259409387653016
doc_00993,corruption_sequence_v1,tfidf_logreg_v1,4,0.4,0,0,True,0.5176579894148213,0.5176579894148213,0.48234201058517867
doc_00993,corruption_sequence_v1,tfidf_logreg_v1,5,0.5,0,0,True,0.5840863903478124,0.5840863903478124,0.4159136096521876
doc_00516,corruption_sequence_v1,tfidf_logreg_v1,0,0.0,1,0,False,0.6109382183420766,0.3890617816579234,0.6109382183420766
doc_00516,corruption_sequence_v1,tfidf_logreg_v1,1,0.1,1,0,False,0.6147130715245515,0.38528692847544854,0.6147130715245515
doc_00516,corruption_sequence_v1,tfidf_logreg_v1,2,0.2,1,0,False,0.6499049890170079,0.3500950109829921,0.6499049890170079
doc_00516,corruption_sequence_v1,tfidf_logreg_v1,3,0.3,1,0,False,0.6297963324245455,0.37020366757545453,0.6297963324245455
doc_00516,corruption_sequence_v1,tfidf_logreg_v1,4,0.4,1,0,False,0.6085876148083221,0.39141238519167787,0.6085876148083221
doc_00516,corruption_sequence_v1,tfidf_logreg_v1,5,0.5,1,0,False,0.6186203203259814,0.38137967967401865,0.6186203203259814
doc_01040,corruption_sequence_v1,tfidf_logreg_v1,0,0.0,1,0,False,0.5133454976756202,0.4866545023243798,0.5133454976756202
doc_01040,corruption_sequence_v1,tfidf_logreg_v1,1,0.1,1,0,False,0.6035707865551155,0.39642921344488447,0.6035707865551155
doc_01040,corruption_sequence_v1,tfidf_logreg_v1,2,0.2,1,0,False,0.5380290746194871,0.4619709253805129,0.5380290746194871
doc_01040,corruption_sequence_v1,tfidf_logreg_v1,3,0.3,1,0,False,0.5323572505943062,0.46764274940569384,0.5323572505943062
doc_01040,corruption_sequence_v1,tfidf_logreg_v1,4,0.4,1,0,False,0.5170987131185396,0.4829012868814604,0.5170987131185396
doc_01040,corruption_sequence_v1,tfidf_logreg_v1,5,0.5,1,0,False,0.5600507806098014,0.4399492193901986,0.5600507806098014
doc_00573,corruption_sequence_v1,tfidf_logreg_v1,0,0.0,0,0,True,0.5784393629110951,0.5784393629110951,0.4215606370889049
doc_00573,corruption_sequence_v1,tfidf_logreg_v1,1,0.1,0,0,True,0.6035353002415296,0.6035353002415296,0.3964646997584705
doc_00573,corruption_sequence_v1,tfidf_logreg_v1,2,0.2,0,0,True,0.5982893576973634,0.5982893576973634,0.4017106423026367
doc_00573,corruption_sequence_v1,tfidf_logreg_v1,3,0.3,0,0,True,0.5380921109505437,0.5380921109505437,0.4619078890494563
doc_00573,corruption_sequence_v1,tfidf_logreg_v1,4,0.4,0,0,True,0.6190680219961443,0.6190680219961443,0.3809319780038557
doc_00573,corruption_sequence_v1,tfidf_logreg_v1,5,0.5,0,0,True,0.5745571177877854,0.5745571177877854,0.4254428822122146
doc_01494,corruption_sequence_v1,tfidf_logreg_v1,0,0.0,0,0,True,0.5782527709367842,0.5782527709367842,0.42174722906321577
doc_01494,corruption_sequence_v1,tfidf_logreg_v1,1,0.1,0,0,True,0.5071348260533151,0.5071348260533151,0.49286517394668494
doc_01494,corruption_sequence_v1,tfidf_logreg_v1,2,0.2,0,0,True,0.5038519170074234,0.5038519170074234,0.49614808299257657
doc_01494,corruption_sequence_v1,tfidf_logreg_v1,3,0.3,1,0,False,0.5019171171186674,0.4980828828813326,0.5019171171186674
doc_01494,corruption_sequence_v1,tfidf_logreg_v1,4,0.4,1,0,False,0.5835043135724483,0.41649568642755175,0.5835043135724483
doc_01494,corruption_sequence_v1,tfidf_logreg_v1,5,0.5,0,0,True,0.6215091131973389,0.6215091131973389,0.37849088680266113
doc_01476,corruption_sequence_v1,tfidf_logreg_v1,0,0.0,0,0,True,0.5315123847855814,0.5315123847855814,0.46848761521441856
doc_01476,corruption_sequence_v1,tfidf_logreg_v1,1,0.1,0,0,True,0.5989777833573368,0.5989777833573368,0.40102221664266324
doc_01476,corruption_sequence_v1,tfidf_logreg_v1,2,0.2,0,0,True,0.5180003874777477,0.5180003874777477,0.48199961252225226
doc_01476,corruption_sequence_v1,tfidf_logreg_v1,3,0.3,0,0,True,0.5745761051347458,0.5745761051347458,0.4254238948652542
doc_01476,corruption_sequence_v1,tfidf_logreg_v1,4,0.4,0,0,True,0.5264068592148763,0.5264068592148763,0.4735931407851237
doc_01476,corruption_sequence_v1,tfidf_logreg_v1,5,0.5,1,0,False,0.5423912976064784,0.4576087023935216,0.5423912976064784
doc_01620,corruption_sequence_v1,tfidf_logreg_v1,0,0.0,0,0,True,0.5133910588109523,0.5133910588109523,0.4866089411890478
doc_01620,corruption_sequence_v1,tfidf_logreg_v1,1,0.1,0,0,True,0.5564508346232138,0.5564508346232138,0.4435491653767862
doc_01620,corruption_sequence_v1,tfidf_logreg_v1,2,0.2,0,0,True,0.5442898916620007,0.5442898916620007,0.45571010833799935
doc_01620,corruption_sequence_v1,tfidf_logreg_v1,3,0.3,0,0,True,0.5683648564803068,0.5683648564803068,0.4316351435196932
doc_01620,corruption_sequence_v1,tfidf_logreg_v1,4,0.4,0,0,True,0.6302739124365306,0.6302739124365306,0.36972608756346936
doc_01620,corruption_sequence_v1,tfidf_logreg_v1,5,0.5,0,0,True,0.5840364904382171,0.5840364904382171,0.4159635095617828
doc_00455,corruption_sequence_v1,tfidf_logreg_v1,0,0.0,1,1,True,0.6967010009877223,0.30329899901227775,0.6967010009877223
doc_00455,corruption_sequence_v1,tfidf_logreg_v1,1,0.1,1,1,True,0.6448804744739938,0.35511952552600623,0.6448804744739938
doc_00455,corruption_sequence_v1,tfidf_logreg_v1,2,0.2,1,1,True,0.6189393193047513,0.3810606806952487,0.6189393193047513
doc_00455,corruption_sequence_v1,tfidf_logreg_v1,3,0.3,1,1,True,0.6235470125660856,0.3764529874339144,0.6235470125660856
doc_00455,corruption_sequence_v1,tfidf_logreg_v1,4,0.4,1,1,True,0.6701773506510939,0.32982264934890615,0.6701773506510939
doc_00455,corruption_sequence_v1,tfidf_logreg_v1,5,0.5,1,1,True,0.6058393680261676,0.39416063197383244,0.6058393680261676
doc_01260,corruption_sequence_v1,tfidf_logreg_v1,0,0.0,1,1,True,0.5764743619739193,0.4235256380260807,0.5764743619739193
doc_01260,corruption_sequence_v1,tfidf_logreg_v1,1,0.1,1,1,True,0.5908337497446663,0.4091662502553337,0.5908337497446663
doc_01260,corruption_sequence_v1,tfidf_logreg_v1,2,0.2,1,1,True,0.553209521211304,0.44679047878869604,0.553209521211304
doc_01260,corruption_sequence_v1,tfidf_logreg_v1,3,0.3,1,1,True,0.5541922299214972,0.4458077700785028,0.5541922299214972
doc_01260,corruption_sequence_v1,tfidf_logreg_v1,4,0.4,1,1,True,0.5290974167213459,0.4709025832786541,0.5290974167213459
doc_01260,corruption_sequence_v1,tfidf_logreg_v1,5,0.5,0,1,False,0.5551940400105683,0.5551940400105683,0.44480595998943173
doc_00004,corruption_sequence_v1,tfidf_logreg_v1,0,0.0,1,1,True,0.7494531734100477,0.2505468265899523,0.7494531734100477
doc_00004,corruption_sequence_v1,tfidf_logreg_v1,1,0.1,1,1,True,0.7705221341399404,0.22947786586005958,0.7705221341399404
doc_00004,corruption_sequence_v1,tfidf_logreg_v1,2,0.2,1,1,True,0.7485434361360754,0.25145656386392456,0.7485434361360754
doc_00004,corruption_sequence_v1,tfidf_logreg_v1,3,0.3,1,1,True,0.7441694956764576,0.2558305043235424,0.7441694956764576
doc_00004,corruption_sequence_v1,tfidf_logreg_v1,4,0.4,1,1,True,0.7580172629141693,0.24198273708583073,0.7580172629141693
doc_00004,corruption_sequence_v1,tfidf_logreg_v1,5,0.5,1,1,True,0.7122627749357343,0.2877372250642657,0.7122627749357343
doc_01674,corruption_sequence_v1,tfidf_logreg_v1,0,0.0,0,1,False,0.572299880268172,0.572299880268172,0.427700119731828
doc_01674,corruption_sequence_v1,tfidf_logreg_v1,1,0.1,0,1,False,0.5612656619738822,0.5612656619738822,0.43873433802611783
doc_01674,corruption_sequence_v1,tfidf_logreg_v1,2,0.2,0,1,False,0.5892232560355957,0.5892232560355957,0.4107767439644044
doc_01674,corruption_sequence_v1,tfidf_logreg_v1,3,0.3,0,1,False,0.5181675577189284,0.5181675577189284,0.4818324422810716
doc_01674,corruption_sequence_v1,tfidf_logreg_v1,4,0.4,0,1,False,0.5941604682968833,0.5941604682968833,0.40583953170311676
doc_01674,corruption_sequence_v1,tfidf_logreg_v1,5,0.5,0,1,False,0.5970680896577988,0.5970680896577988,0.4029319103422012
doc_00781,corruption_sequence_v1,tfidf_logreg_v1,0,0.0,0,0,True,0.5628718047751821,0.5628718047751821,0.43712819522481794
doc_00781,corruption_sequence_v1,tfidf_logreg_v1,1,0.1,0,0,True,0.5545572727182098,0.5545572727182098,0.44544272728179024
doc_00781,corruption_sequence_v1,tfidf_logreg_v1,2,0.2,0,0,True,0.6180034710240137,0.6180034710240137,0.3819965289759863
doc_00781,corruption_sequence_v1,tfidf_logreg_v1,3,0.3,0,0,True,0.5826077716851767,0.5826077716851767,0.4173922283148232
doc_00781,corruption_sequence_v1,tfidf_logreg_v1,4,0.4,1,0,False,0.5090015174921679,0.49099848250783207,0.5090015174921679
doc_00781,corruption_sequence_v1,tfidf_logreg_v1,5,0.5,0,0,True,0.5977350406456718,0.5977350406456718,0.4022649593543281
doc_00007,corruption_sequence_v1,tfidf_logreg_v1,0,0.0,1,1,True,0.8343430427325161,0.16565695726748386,0.8343430427325161
doc_00007,corruption_sequence_v1,tfidf_logreg_v1,1,0.1,1,1,True,0.8201388644068559,0.1798611355931441,0.8201388644068559
doc_00007,corruption_sequence_v1,tfidf_logreg_v1,2,0.2,1,1,True,0.8162570444218759,0.18374295557812415,0.8162570444218759
doc_00007,corruption_sequence_v1,tfidf_logreg_v1,3,0.3,1,1,True,0.7922527018110909,0.20774729818890914,0.7922527018110909
doc_00007,corruption_sequence_v1,tfidf_logreg_v1,4,0.4,1,1,True,0.8288954235868209,0.1711045764131791,0.8288954235868209
doc_00007,corruption_sequence_v1,tfidf_logreg_v1,5,0.5,1,1,True,0.7854752635088064,0.21452473649119363,0.7854752635088064
doc_01033,corruption_sequence_v1,tfidf_logreg_v1,0,0.0,0,0,True,0.6410286642453852,0.6410286642453852,0.3589713357546148
doc_01033,corruption_sequence_v1,tfidf_logreg_v1,1,0.1,0,0,True,0.6390683013004315,0.6390683013004315,0.36093169869956854
doc_01033,corruption_sequence_v1,tfidf_logreg_v1,2,0.2,0,0,True,0.63850226629521,0.63850226629521,0.36149773370479005
doc_01033,corruption_sequence_v1,tfidf_logreg_v1,3,0.3,0,0,True,0.6436165355143024,0.6436165355143024,0.3563834644856975
doc_01033,corruption_sequence_v1,tfidf_logreg_v1,4,0.4,0,0,True,0.6422291067934626,0.6422291067934626,0.35777089320653743
doc_01033,corruption_sequence_v1,tfidf_logreg_v1,5,0.5,0,0,True,0.5688681558755841,0.5688681558755841,0.4311318441244159
doc_00264,corruption_sequence_v1,tfidf_logreg_v1,0,0.0,0,0,True,0.5944173329459503,0.5944173329459503,0.4055826670540497
doc_00264,corruption_sequence_v1,tfidf_logreg_v1,1,0.1,0,0,True,0.5624201165523276,0.5624201165523276,0.4375798834476724
doc_00264,corruption_sequence_v1,tfidf_logreg_v1,2,0.2,0,0,True,0.5602827965274104,0.5602827965274104,0.43971720347258964
doc_00264,corruption_sequence_v1,tfidf_logreg_v1,3,0.3,0,0,True,0.5918532099546292,0.5918532099546292,0.4081467900453708
doc_00264,corruption_sequence_v1,tfidf_logreg_v1,4,0.4,0,0,True,0.648845328361001,0.648845328361001,0.3511546716389991
doc_00264,corruption_sequence_v1,tfidf_logreg_v1,5,0.5,0,0,True,0.6353217373401471,0.6353217373401471,0.3646782626598529
doc_01216,corruption_sequence_v1,tfidf_logreg_v1,0,0.0,1,1,True,0.6072887878404388,0.3927112121595612,0.6072887878404388
doc_01216,corruption_sequence_v1,tfidf_logreg_v1,1,0.1,1,1,True,0.5686318771359552,0.4313681228640448,0.5686318771359552
doc_01216,corruption_sequence_v1,tfidf_logreg_v1,2,0.2,1,1,True,0.6338477661869417,0.3661522338130583,0.6338477661869417
doc_01216,corruption_sequence_v1,tfidf_logreg_v1,3,0.3,1,1,True,0.5245837370935276,0.47541626290647243,0.5245837370935276
doc_01216,corruption_sequence_v1,tfidf_logreg_v1,4,0.4,1,1,True,0.6230444395739686,0.3769555604260314,0.6230444395739686
doc_01216,corruption_sequence_v1,tfidf_logreg_v1,5,0.5,1,1,True,0.5350058822537641,0.4649941177462359,0.5350058822537641
doc_00974,corruption_sequence_v1,tfidf_logreg_v1,0,0.0,1,1,True,0.5282686710503487,0.4717313289496513,0.5282686710503487
doc_00974,corruption_sequence_v1,tfidf_logreg_v1,1,0.1,1,1,True,0.5690794900058174,0.43092050999418263,0.5690794900058174
doc_00974,corruption_sequence_v1,tfidf_logreg_v1,2,0.2,1,1,True,0.556754425385179,0.44324557461482095,0.556754425385179
doc_00974,corruption_sequence_v1,tfidf_logreg_v1,3,0.3,1,1,True,0.5435105587733633,0.4564894412266367,0.5435105587733633
doc_00974,corruption_sequence_v1,tfidf_logreg_v1,4,0.4,1,1,True,0.590482362029801,0.409517637970199,0.590482362029801
doc_00974,corruption_sequence_v1,tfidf_logreg_v1,5,0.5,1,1,True,0.5555510290850093,0.4444489709149907,0.5555510290850093
doc_01266,corruption_sequence_v1,tfidf_logreg_v1,0,0.0,1,1,True,0.5359758072744172,0.4640241927255828,0.5359758072744172
doc_01266,corruption_sequence_v1,tfidf_logreg_v1,1,0.1,0,1,False,0.5225509407607163,0.5225509407607163,0.4774490592392837
doc_01266,corruption_sequence_v1,tfidf_logreg_v1,2,0.2,0,1,False,0.5199492723816581,0.5199492723816581,0.48005072761834194
doc_01266,corruption_sequence_v1,tfidf_logreg_v1,3,0.3,1,1,True,0.556437091546851,0.44356290845314905,0.556437091546851
doc_01266,corruption_sequence_v1,tfidf_logreg_v1,4,0.4,1,1,True,0.5952925960105423,0.4047074039894577,0.5952925960105423
doc_01266,corruption_sequence_v1,tfidf_logreg_v1,5,0.5,0,1,False,0.5235804739680023,0.5235804739680023,0.47641952603199766
doc_00618,corruption_sequence_v1,tfidf_logreg_v1,0,0.0,1,0,False,0.5600908868326083,0.4399091131673917,0.5600908868326083
doc_00618,corruption_sequence_v1,tfidf_logreg_v1,1,0.1,1,0,False,0.5616084264454805,0.4383915735545195,0.5616084264454805
doc_00618,corruption_sequence_v1,tfidf_logreg_v1,2,0.2,1,0,False,0.506548426754376,0.49345157324562405,0.506548426754376
doc_00618,corruption_sequence_v1,tfidf_logreg_v1,3,0.3,1,0,False,0.5130974566993461,0.48690254330065386,0.5130974566993461
doc_00618,corruption_sequence_v1,tfidf_logreg_v1,4,0.4,0,0,True,0.5056817428873599,0.5056817428873599,0.49431825711264016
doc_00618,corruption_sequence_v1,tfidf_logreg_v1,5,0.5,0,0,True,0.5497755363694405,0.5497755363694405,0.45022446363055946
doc_01730,corruption_sequence_v1,tfidf_logreg_v1,0,0.0,0,0,True,0.7310138554257597,0.7310138554257597,0.26898614457424025
doc_01730,corruption_sequence_v1,tfidf_logreg_v1,1,0.1,0,0,True,0.7508821642322802,0.7508821642322802,0.24911783576771984
doc_01730,corruption_sequence_v1,tfidf_logreg_v1,2,0.2,0,0,True,0.6370323599281885,0.6370323599281885,0.3629676400718115
doc_01730,corruption_sequence_v1,tfidf_logreg_v1,3,0.3,0,0,True,0.7533035738217675,0.7533035738217675,0.24669642617823245
doc_01730,corruption_sequence_v1,tfidf_logreg_v1,4,0.4,0,0,True,0.6036109818381317,0.6036109818381317,0.3963890181618683
doc_01730,corruption_sequence_v1,tfidf_logreg_v1,5,0.5,0,0,True,0.8534271901287395,0.8534271901287395,0.1465728098712605
doc_00768,corruption_sequence_v1,tfidf_logreg_v1,0,0.0,1,1,True,0.6874388667460699,0.3125611332539301,0.6874388667460699
doc_00768,corruption_sequence_v1,tfidf_logreg_v1,1,0.1,1,1,True,0.693021018199713,0.30697898180028704,0.693021018199713
doc_00768,corruption_sequence_v1,tfidf_logreg_v1,2,0.2,1,1,True,0.6718638773325036,0.32813612266749637,0.6718638773325036
doc_00768,corruption_sequence_v1,tfidf_logreg_v1,3,0.3,1,1,True,0.6705151113618426,0.3294848886381574,0.6705151113618426
doc_00768,corruption_sequence_v1,tfidf_logreg_v1,4,0.4,1,1,True,0.6504596670312961,0.3495403329687039,0.6504596670312961
doc_00768,corruption_sequence_v1,tfidf_logreg_v1,5,0.5,1,1,True,0.6193508651281187,0.38064913487188134,0.6193508651281187
doc_01428,corruption_sequence_v1,tfidf_logreg_v1,0,0.0,0,0,True,0.6815528390978072,0.6815528390978072,0.3184471609021929
doc_01428,corruption_sequence_v1,tfidf_logreg_v1,1,0.1,0,0,True,0.6103308029987784,0.6103308029987784,0.3896691970012216
doc_01428,corruption_sequence_v1,tfidf_logreg_v1,2,0.2,0,0,True,0.6742577912953752,0.6742577912953752,0.3257422087046248
doc_01428,corruption_sequence_v1,tfidf_logreg_v1,3,0.3,0,0,True,0.6415615809482863,0.6415615809482863,0.3584384190517137
doc_01428,corruption_sequence_v1,tfidf_logreg_v1,4,0.4,0,0,True,0.604012229217634,0.604012229217634,0.395987770782366
doc_01428,corruption_sequence_v1,tfidf_logreg_v1,5,0.5,0,0,True,0.5391201341081968,0.5391201341081968,0.4608798658918032
doc_00457,corruption_sequence_v1,tfidf_logreg_v1,0,0.0,1,1,True,0.7381210092781454,0.2618789907218546,0.7381210092781454
doc_00457,corruption_sequence_v1,tfidf_logreg_v1,1,0.1,1,1,True,0.7146783657861199,0.2853216342138801,0.7146783657861199
doc_00457,corruption_sequence_v1,tfidf_logreg_v1,2,0.2,1,1,True,0.7020693438927754,0.2979306561072246,0.7020693438927754
doc_00457,corruption_sequence_v1,tfidf_logreg_v1,3,0.3,1,1,True,0.7063495369428431,0.2936504630571569,0.7063495369428431
doc_00457,corruption_sequence_v1,tfidf_logreg_v1,4,0.4,1,1,True,0.7042389000435295,0.2957610999564705,0.7042389000435295
doc_00457,corruption_sequence_v1,tfidf_logreg_v1,5,0.5,1,1,True,0.668573290151094,0.331426709848906,0.668573290151094
doc_00185,corruption_sequence_v1,tfidf_logreg_v1,0,0.0,1,1,True,0.7270804804170556,0.27291951958294436,0.7270804804170556
doc_00185,corruption_sequence_v1,tfidf_logreg_v1,1,0.1,1,1,True,0.7325289031075557,0.2674710968924443,0.7325289031075557
doc_00185,corruption_sequence_v1,tfidf_logreg_v1,2,0.2,1,1,True,0.6857827948690092,0.31421720513099083,0.6857827948690092
doc_00185,corruption_sequence_v1,tfidf_logreg_v1,3,0.3,1,1,True,0.7471320365946998,0.25286796340530016,0.7471320365946998
doc_00185,corruption_sequence_v1,tfidf_logreg_v1,4,0.4,1,1,True,0.6828827326590889,0.31711726734091106,0.6828827326590889
doc_00185,corruption_sequence_v1,tfidf_logreg_v1,5,0.5,1,1,True,0.707584564173315,0.29241543582668506,0.707584564173315
doc_00015,corruption_sequence_v1,tfidf_logreg_v1,0,0.0,1,1,True,0.8121398708553883,0.1878601291446117,0.8121398708553883
doc_00015,corruption_sequence_v1,tfidf_logreg_v1,1,0.1,1,1,True,0.7992949327554622,0.20070506724453785,0.7992949327554622
doc_00015,corruption_sequence_v1,tfidf_logreg_v1,2,0.2,1,1,True,0.8058922390384958,0.19410776096150417,0.8058922390384958
doc_00015,corruption_sequence_v1,tfidf_logreg_v1,3,0.3,1,1,True,0.6949371236560976,0.3050628763439024,0.6949371236560976
doc_00015,corruption_sequence_v1,tfidf_logreg_v1,4,0.4,1,1,True,0.7075797916001006,0.29242020839989935,0.7075797916001006
doc_00015,corruption_sequence_v1,tfidf_logreg_v1,5,0.5,1,1,True,0.7246172587281062,0.27538274127189377,0.7246172587281062
doc_01404,corruption_sequence_v1,tfidf_logreg_v1,0,0.0,1,1,True,0.8344568838404272,0.16554311615957285,0.8344568838404272
doc_01404,corruption_sequence_v1,tfidf_logreg_v1,1,0.1,1,1,True,0.8170443956574555,0.18295560434254454,0.8170443956574555
doc_01404,corruption_sequence_v1,tfidf_logreg_v1,2,0.2,1,1,True,0.8049798047684548,0.19502019523154523,0.8049798047684548
doc_01404,corruption_sequence_v1,tfidf_logreg_v1,3,0.3,1,1,True,0.7964761701976186,0.20352382980238137,0.7964761701976186
doc_01404,corruption_sequence_v1,tfidf_logreg_v1,4,0.4,1,1,True,0.8009230764349101,0.19907692356508988,0.8009230764349101
doc_01404,corruption_sequence_v1,tfidf_logreg_v1,5,0.5,1,1,True,0.7342992724077039,0.2657007275922961,0.7342992724077039
doc_00852,corruption_sequence_v1,tfidf_logreg_v1,0,0.0,0,0,True,0.6621739794849746,0.6621739794849746,0.33782602051502547
doc_00852,corruption_sequence_v1,tfidf_logreg_v1,1,0.1,0,0,True,0.6151662991860491,0.6151662991860491,0.38483370081395085
doc_00852,corruption_sequence_v1,tfidf_logreg_v1,2,0.2,0,0,True,0.6145224721480174,0.6145224721480174,0.3854775278519826
doc_00852,corruption_sequence_v1,tfidf_logreg_v1,3,0.3,0,0,True,0.6492343773970084,0.6492343773970084,0.35076562260299166
doc_00852,corruption_sequence_v1,tfidf_logreg_v1,4,0.4,0,0,True,0.5912674571598882,0.5912674571598882,0.4087325428401119
doc_00852,corruption_sequence_v1,tfidf_logreg_v1,5,0.5,0,0,True,0.6317634801603098,0.6317634801603098,0.36823651983969014
doc_00172,corruption_sequence_v1,tfidf_logreg_v1,0,0.0,1,1,True,0.7623733630717475,0.23762663692825248,0.7623733630717475
doc_00172,corruption_sequence_v1,tfidf_logreg_v1,1,0.1,1,1,True,0.7498277090347283,0.2501722909652717,0.7498277090347283
doc_00172,corruption_sequence_v1,tfidf_logreg_v1,2,0.2,1,1,True,0.7335612343506978,0.26643876564930224,0.7335612343506978
doc_00172,corruption_sequence_v1,tfidf_logreg_v1,3,0.3,1,1,True,0.7691599050130179,0.2308400949869821,0.7691599050130179
doc_00172,corruption_sequence_v1,tfidf_logreg_v1,4,0.4,1,1,True,0.6836104547114891,0.31638954528851093,0.6836104547114891
doc_00172,corruption_sequence_v1,tfidf_logreg_v1,5,0.5,1,1,True,0.7061872146447885,0.2938127853552115,0.7061872146447885
doc_00292,corruption_sequence_v1,tfidf_logreg_v1,0,0.0,1,0,False,0.5661663760187927,0.4338336239812073,0.5661663760187927
doc_00292,corruption_sequence_v1,tfidf_logreg_v1,1,0.1,1,0,False,0.539911347385339,0.46008865261466103,0.539911347385339
doc_00292,corruption_sequence_v1,tfidf_logreg_v1,2,0.2,1,0,False,0.5670785705544275,0.43292142944557255,0.5670785705544275
doc_00292,corruption_sequence_v1,tfidf_logreg_v1,3,0.3,1,0,False,0.5634726860749731,0.43652731392502686,0.5634726860749731
doc_00292,corruption_sequence_v1,tfidf_logreg_v1,4,0.4,1,0,False,0.5750074708736631,0.4249925291263369,0.5750074708736631
doc_00292,corruption_sequence_v1,tfidf_logreg_v1,5,0.5,0,0,True,0.5130946242847874,0.5130946242847874,0.4869053757152127
doc_00217,corruption_sequence_v1,tfidf_logreg_v1,0,0.0,1,1,True,0.6204044721775167,0.3795955278224833,0.6204044721775167
doc_00217,corruption_sequence_v1,tfidf_logreg_v1,1,0.1,1,1,True,0.6338540154887883,0.3661459845112117,0.6338540154887883
doc_00217,corruption_sequence_v1,tfidf_logreg_v1,2,0.2,1,1,True,0.603639678350668,0.396360321649332,0.603639678350668
doc_00217,corruption_sequence_v1,tfidf_logreg_v1,3,0.3,1,1,True,0.5834138838301002,0.4165861161698998,0.5834138838301002
doc_00217,corruption_sequence_v1,tfidf_logreg_v1,4,0.4,1,1,True,0.6449681612783914,0.3550318387216086,0.6449681612783914
doc_00217,corruption_sequence_v1,tfidf_logreg_v1,5,0.5,1,1,True,0.5865420430651542,0.41345795693484577,0.5865420430651542
doc_01331,corruption_sequence_v1,tfidf_logreg_v1,0,0.0,1,1,True,0.8801530219641882,0.11984697803581179,0.8801530219641882
doc_01331,corruption_sequence_v1,tfidf_logreg_v1,1,0.1,1,1,True,0.8751463046114378,0.12485369538856217,0.8751463046114378
doc_01331,corruption_sequence_v1,tfidf_logreg_v1,2,0.2,1,1,True,0.8443380863339149,0.15566191366608506,0.8443380863339149
doc_01331,corruption_sequence_v1,tfidf_logreg_v1,3,0.3,1,1,True,0.8524832231797195,0.14751677682028053,0.8524832231797195
doc_01331,corruption_sequence_v1,tfidf_logreg_v1,4,0.4,1,1,True,0.8622338863876697,0.13776611361233027,0.8622338863876697
doc_01331,corruption_sequence_v1,tfidf_logreg_v1,5,0.5,1,1,True,0.8262453487542892,0.17375465124571077,0.8262453487542892
doc_00661,corruption_sequence_v1,tfidf_logreg_v1,0,0.0,1,1,True,0.7984697336180507,0.20153026638194926,0.7984697336180507
doc_00661,corruption_sequence_v1,tfidf_logreg_v1,1,0.1,1,1,True,0.8268459795932794,0.17315402040672057,0.8268459795932794
doc_00661,corruption_sequence_v1,tfidf_logreg_v1,2,0.2,1,1,True,0.7671363711176885,0.2328636288823115,0.7671363711176885
doc_00661,corruption_sequence_v1,tfidf_logreg_v1,3,0.3,1,1,True,0.7415641502000041,0.2584358497999959,0.7415641502000041
doc_00661,corruption_sequence_v1,tfidf_logreg_v1,4,0.4,1,1,True,0.7805994536619862,0.21940054633801376,0.7805994536619862
doc_00661,corruption_sequence_v1,tfidf_logreg_v1,5,0.5,1,1,True,0.7996566769851435,0.20034332301485647,0.7996566769851435
doc_00935,corruption_sequence_v1,tfidf_logreg_v1,0,0.0,1,0,False,0.6315756614474588,0.3684243385525412,0.6315756614474588
doc_00935,corruption_sequence_v1,tfidf_logreg_v1,1,0.1,1,0,False,0.6741212960549186,0.32587870394508145,0.6741212960549186
doc_00935,corruption_sequence_v1,tfidf_logreg_v1,2,0.2,1,0,False,0.6075795305141801,0.3924204694858199,0.6075795305141801
doc_00935,corruption_sequence_v1,tfidf_logreg_v1,3,0.3,1,0,False,0.6288629756716262,0.3711370243283738,0.6288629756716262
doc_00935,corruption_sequence_v1,tfidf_logreg_v1,4,0.4,1,0,False,0.6281171984327147,0.37188280156728526,0.6281171984327147
doc_00935,corruption_sequence_v1,tfidf_logreg_v1,5,0.5,1,0,False,0.5421011547870436,0.45789884521295643,0.5421011547870436
doc_00533,corruption_sequence_v1,tfidf_logreg_v1,0,0.0,1,1,True,0.5602185246955982,0.4397814753044018,0.5602185246955982
doc_00533,corruption_sequence_v1,tfidf_logreg_v1,1,0.1,1,1,True,0.600268831815744,0.399731168184256,0.600268831815744
doc_00533,corruption_sequence_v1,tfidf_logreg_v1,2,0.2,1,1,True,0.5549654468169263,0.4450345531830737,0.5549654468169263
doc_00533,corruption_sequence_v1,tfidf_logreg_v1,3,0.3,1,1,True,0.567511136336359,0.43248886366364103,0.567511136336359
doc_00533,corruption_sequence_v1,tfidf_logreg_v1,4,0.4,1,1,True,0.5885668078728279,0.4114331921271721,0.5885668078728279
doc_00533,corruption_sequence_v1,tfidf_logreg_v1,5,0.5,1,1,True,0.5524691509965026,0.4475308490034974,0.5524691509965026
doc_01577,corruption_sequence_v1,tfidf_logreg_v1,0,0.0,1,0,False,0.6052968158669181,0.3947031841330819,0.6052968158669181
doc_01577,corruption_sequence_v1,tfidf_logreg_v1,1,0.1,1,0,False,0.6153327365977683,0.3846672634022317,0.6153327365977683
doc_01577,corruption_sequence_v1,tfidf_logreg_v1,2,0.2,1,0,False,0.5986935942786206,0.40130640572137943,0.5986935942786206
doc_01577,corruption_sequence_v1,tfidf_logreg_v1,3,0.3,1,0,False,0.6043237467581217,0.3956762532418783,0.6043237467581217
doc_01577,corruption_sequence_v1,tfidf_logreg_v1,4,0.4,1,0,False,0.5595546863322413,0.44044531366775874,0.5595546863322413
doc_01577,corruption_sequence_v1,tfidf_logreg_v1,5,0.5,1,0,False,0.614814343316516,0.38518565668348403,0.614814343316516
doc_00190,corruption_sequence_v1,tfidf_logreg_v1,0,0.0,1,1,True,0.7483410661205333,0.2516589338794667,0.7483410661205333
doc_00190,corruption_sequence_v1,tfidf_logreg_v1,1,0.1,1,1,True,0.7708124992126909,0.2291875007873091,0.7708124992126909
doc_00190,corruption_sequence_v1,tfidf_logreg_v1,2,0.2,1,1,True,0.7203418842379457,0.27965811576205435,0.7203418842379457
doc_00190,corruption_sequence_v1,tfidf_logreg_v1,3,0.3,1,1,True,0.7011592920407065,0.2988407079592935,0.7011592920407065
doc_00190,corruption_sequence_v1,tfidf_logreg_v1,4,0.4,1,1,True,0.7477442015616186,0.2522557984383814,0.7477442015616186
doc_00190,corruption_sequence_v1,tfidf_logreg_v1,5,0.5,1,1,True,0.6612696359642201,0.33873036403577994,0.6612696359642201
doc_01568,corruption_sequence_v1,tfidf_logreg_v1,0,0.0,0,0,True,0.574630057255961,0.574630057255961,0.42536994274403905
doc_01568,corruption_sequence_v1,tfidf_logreg_v1,1,0.1,0,0,True,0.5816017433374301,0.5816017433374301,0.4183982566625699
doc_01568,corruption_sequence_v1,tfidf_logreg_v1,2,0.2,0,0,True,0.600658704789717,0.600658704789717,0.3993412952102831
doc_01568,corruption_sequence_v1,tfidf_logreg_v1,3,0.3,0,0,True,0.5531621329992371,0.5531621329992371,0.44683786700076294
doc_01568,corruption_sequence_v1,tfidf_logreg_v1,4,0.4,0,0,True,0.5722753448809518,0.5722753448809518,0.4277246551190482
doc_01568,corruption_sequence_v1,tfidf_logreg_v1,5,0.5,0,0,True,0.6340292469181653,0.6340292469181653,0.3659707530818347
doc_01253,corruption_sequence_v1,tfidf_logreg_v1,0,0.0,0,1,False,0.5205442836539087,0.5205442836539087,0.47945571634609124
doc_01253,corruption_sequence_v1,tfidf_logreg_v1,1,0.1,0,1,False,0.5316873938939497,0.5316873938939497,0.46831260610605024
doc_01253,corruption_sequence_v1,tfidf_logreg_v1,2,0.2,0,1,False,0.5345912635737797,0.5345912635737797,0.46540873642622027
doc_01253,corruption_sequence_v1,tfidf_logreg_v1,3,0.3,0,1,False,0.5570713192867988,0.5570713192867988,0.44292868071320124
doc_01253,corruption_sequence_v1,tfidf_logreg_v1,4,0.4,0,1,False,0.5649782671497319,0.5649782671497319,0.4350217328502682
doc_01253,corruption_sequence_v1,tfidf_logreg_v1,5,0.5,0,1,False,0.5130609193642448,0.5130609193642448,0.48693908063575514
doc_01644,corruption_sequence_v1,tfidf_logreg_v1,0,0.0,1,1,True,0.6420670626623755,0.35793293733762455,0.6420670626623755
doc_01644,corruption_sequence_v1,tfidf_logreg_v1,1,0.1,1,1,True,0.6089554643998172,0.3910445356001828,0.6089554643998172
doc_01644,corruption_sequence_v1,tfidf_logreg_v1,2,0.2,1,1,True,0.6452334425777456,0.3547665574222544,0.6452334425777456
doc_01644,corruption_sequence_v1,tfidf_logreg_v1,3,0.3,1,1,True,0.6390384760983939,0.3609615239016061,0.6390384760983939
doc_01644,corruption_sequence_v1,tfidf_logreg_v1,4,0.4,1,1,True,0.5533006119785912,0.44669938802140885,0.5533006119785912
doc_01644,corruption_sequence_v1,tfidf_logreg_v1,5,0.5,1,1,True,0.6226053956408506,0.3773946043591494,0.6226053956408506
doc_00236,corruption_sequence_v1,tfidf_logreg_v1,0,0.0,1,0,False,0.9433839765336345,0.05661602346636552,0.9433839765336345
doc_00236,corruption_sequence_v1,tfidf_logreg_v1,1,0.1,1,0,False,0.9378982123466341,0.062101787653365936,0.9378982123466341
doc_00236,corruption_sequence_v1,tfidf_logreg_v1,2,0.2,1,0,False,0.929774888094319,0.07022511190568104,0.929774888094319
doc_00236,corruption_sequence_v1,tfidf_logreg_v1,3,0.3,1,0,False,0.9283069885488022,0.07169301145119777,0.9283069885488022
doc_00236,corruption_sequence_v1,tfidf_logreg_v1,4,0.4,1,0,False,0.9327301518932949,0.06726984810670511,0.9327301518932949
doc_00236,corruption_sequence_v1,tfidf_logreg_v1,5,0.5,1,0,False,0.9277458251928784,0.0722541748071216,0.9277458251928784
doc_00044,corruption_sequence_v1,tfidf_logreg_v1,0,0.0,0,0,True,0.5532371236834825,0.5532371236834825,0.4467628763165174
doc_00044,corruption_sequence_v1,tfidf_logreg_v1,1,0.1,0,0,True,0.544290334495046,0.544290334495046,0.45570966550495395
doc_00044,corruption_sequence_v1,tfidf_logreg_v1,2,0.2,0,0,True,0.5378326368872683,0.5378326368872683,0.4621673631127317
doc_00044,corruption_sequence_v1,tfidf_logreg_v1,3,0.3,0,0,True,0.5383875972412853,0.5383875972412853,0.46161240275871473
doc_00044,corruption_sequence_v1,tfidf_logreg_v1,4,0.4,0,0,True,0.558160193372303,0.558160193372303,0.4418398066276969
doc_00044,corruption_sequence_v1,tfidf_logreg_v1,5,0.5,0,0,True,0.6542666905509409,0.6542666905509409,0.3457333094490591
doc_00032,corruption_sequence_v1,tfidf_logreg_v1,0,0.0,1,0,False,0.7150643180000877,0.28493568199991226,0.7150643180000877
doc_00032,corruption_sequence_v1,tfidf_logreg_v1,1,0.1,1,0,False,0.6927497504893171,0.3072502495106829,0.6927497504893171
doc_00032,corruption_sequence_v1,tfidf_logreg_v1,2,0.2,1,0,False,0.7267564259400215,0.27324357405997846,0.7267564259400215
doc_00032,corruption_sequence_v1,tfidf_logreg_v1,3,0.3,1,0,False,0.709591217531697,0.29040878246830304,0.709591217531697
doc_00032,corruption_sequence_v1,tfidf_logreg_v1,4,0.4,1,0,False,0.6473954980582047,0.35260450194179527,0.6473954980582047
doc_00032,corruption_sequence_v1,tfidf_logreg_v1,5,0.5,1,0,False,0.7172317574125014,0.28276824258749855,0.7172317574125014
doc_01477,corruption_sequence_v1,tfidf_logreg_v1,0,0.0,0,0,True,0.5529782182035461,0.5529782182035461,0.4470217817964539
doc_01477,corruption_sequence_v1,tfidf_logreg_v1,1,0.1,0,0,True,0.5575637187906088,0.5575637187906088,0.4424362812093911
doc_01477,corruption_sequence_v1,tfidf_logreg_v1,2,0.2,0,0,True,0.5345088734439345,0.5345088734439345,0.46549112655606545
doc_01477,corruption_sequence_v1,tfidf_logreg_v1,3,0.3,1,0,False,0.5204462011190619,0.4795537988809381,0.5204462011190619
doc_01477,corruption_sequence_v1,tfidf_logreg_v1,4,0.4,0,0,True,0.5335241888740837,0.5335241888740837,0.4664758111259163
doc_01477,corruption_sequence_v1,tfidf_logreg_v1,5,0.5,0,0,True,0.5343480122860839,0.5343480122860839,0.46565198771391614
doc_00061,corruption_sequence_v1,tfidf_logreg_v1,0,0.0,1,1,True,0.9028181719424558,0.09718182805754416,0.9028181719424558
doc_00061,corruption_sequence_v1,tfidf_logreg_v1,1,0.1,1,1,True,0.8847694073087958,0.11523059269120417,0.8847694073087958
doc_00061,corruption_sequence_v1,tfidf_logreg_v1,2,0.2,1,1,True,0.8924589866509975,0.10754101334900246,0.8924589866509975
doc_00061,corruption_sequence_v1,tfidf_logreg_v1,3,0.3,1,1,True,0.8832505616076306,0.1167494383923694,0.8832505616076306
doc_00061,corruption_sequence_v1,tfidf_logreg_v1,4,0.4,1,1,True,0.9028712951200724,0.09712870487992764,0.9028712951200724
doc_00061,corruption_sequence_v1,tfidf_logreg_v1,5,0.5,1,1,True,0.8594272800301607,0.14057271996983933,0.8594272800301607
doc_00025,corruption_sequence_v1,tfidf_logreg_v1,0,0.0,1,1,True,0.7711232262845655,0.22887677371543447,0.7711232262845655
doc_00025,corruption_sequence_v1,tfidf_logreg_v1,1,0.1,1,1,True,0.7798991073823869,0.22010089261761312,0.7798991073823869
doc_00025,corruption_sequence_v1,tfidf_logreg_v1,2,0.2,1,1,True,0.7856059227345659,0.21439407726543414,0.7856059227345659
doc_00025,corruption_sequence_v1,tfidf_logreg_v1,3,0.3,1,1,True,0.7506960943708327,0.24930390562916727,0.7506960943708327
doc_00025,corruption_sequence_v1,tfidf_logreg_v1,4,0.4,1,1,True,0.6968820691666118,0.3031179308333882,0.6968820691666118
doc_00025,corruption_sequence_v1,tfidf_logreg_v1,5,0.5,1,1,True,0.6330523655819595,0.36694763441804046,0.6330523655819595
doc_00921,corruption_sequence_v1,tfidf_logreg_v1,0,0.0,0,1,False,0.5999208935431906,0.5999208935431906,0.40007910645680944
doc_00921,corruption_sequence_v1,tfidf_logreg_v1,1,0.1,0,1,False,0.5683232442466339,0.5683232442466339,0.431676755753366
doc_00921,corruption_sequence_v1,tfidf_logreg_v1,2,0.2,0,1,False,0.5437200689844209,0.5437200689844209,0.45627993101557907
doc_00921,corruption_sequence_v1,tfidf_logreg_v1,3,0.3,0,1,False,0.5814383930780911,0.5814383930780911,0.41856160692190897
doc_00921,corruption_sequence_v1,tfidf_logreg_v1,4,0.4,0,1,False,0.5791121256906737,0.5791121256906737,0.4208878743093263
doc_00921,corruption_sequence_v1,tfidf_logreg_v1,5,0.5,0,1,False,0.564123230418937,0.564123230418937,0.4358767695810631
doc_00460,corruption_sequence_v1,tfidf_logreg_v1,0,0.0,1,1,True,0.8072265291549063,0.19277347084509366,0.8072265291549063
doc_00460,corruption_sequence_v1,tfidf_logreg_v1,1,0.1,1,1,True,0.7847311599287077,0.21526884007129232,0.7847311599287077
doc_00460,corruption_sequence_v1,tfidf_logreg_v1,2,0.2,1,1,True,0.8138784113697364,0.18612158863026362,0.8138784113697364
doc_00460,corruption_sequence_v1,tfidf_logreg_v1,3,0.3,1,1,True,0.7736980373669925,0.2263019626330075,0.7736980373669925
doc_00460,corruption_sequence_v1,tfidf_logreg_v1,4,0.4,1,1,True,0.7555353011487987,0.24446469885120126,0.7555353011487987
doc_00460,corruption_sequence_v1,tfidf_logreg_v1,5,0.5,1,1,True,0.7871161875100963,0.21288381248990373,0.7871161875100963
doc_00721,corruption_sequence_v1,tfidf_logreg_v1,0,0.0,0,0,True,0.5445473870671929,0.5445473870671929,0.4554526129328072
doc_00721,corruption_sequence_v1,tfidf_logreg_v1,1,0.1,1,0,False,0.5005506157301007,0.49944938426989927,0.5005506157301007
doc_00721,corruption_sequence_v1,tfidf_logreg_v1,2,0.2,0,0,True,0.5379764163209093,0.5379764163209093,0.4620235836790907
doc_00721,corruption_sequence_v1,tfidf_logreg_v1,3,0.3,0,0,True,0.5368383528215177,0.5368383528215177,0.46316164717848224
doc_00721,corruption_sequence_v1,tfidf_logreg_v1,4,0.4,0,0,True,0.5324208208729472,0.5324208208729472,0.4675791791270528
doc_00721,corruption_sequence_v1,tfidf_logreg_v1,5,0.5,0,0,True,0.5914497623032107,0.5914497623032107,0.40855023769678933
doc_01631,corruption_sequence_v1,tfidf_logreg_v1,0,0.0,1,1,True,0.6195795688806712,0.3804204311193288,0.6195795688806712
doc_01631,corruption_sequence_v1,tfidf_logreg_v1,1,0.1,1,1,True,0.6690699332370219,0.3309300667629781,0.6690699332370219
doc_01631,corruption_sequence_v1,tfidf_logreg_v1,2,0.2,1,1,True,0.5599106340923249,0.4400893659076751,0.5599106340923249
doc_01631,corruption_sequence_v1,tfidf_logreg_v1,3,0.3,1,1,True,0.5174861165766496,0.48251388342335044,0.5174861165766496
doc_01631,corruption_sequence_v1,tfidf_logreg_v1,4,0.4,1,1,True,0.5818633091008305,0.4181366908991695,0.5818633091008305
doc_01631,corruption_sequence_v1,tfidf_logreg_v1,5,0.5,1,1,True,0.614326871310645,0.385673128689355,0.614326871310645
doc_01187,corruption_sequence_v1,tfidf_logreg_v1,0,0.0,1,1,True,0.6851973492698817,0.31480265073011826,0.6851973492698817
doc_01187,corruption_sequence_v1,tfidf_logreg_v1,1,0.1,1,1,True,0.6580302024829331,0.3419697975170669,0.6580302024829331
doc_01187,corruption_sequence_v1,tfidf_logreg_v1,2,0.2,1,1,True,0.6630470595860648,0.3369529404139352,0.6630470595860648
doc_01187,corruption_sequence_v1,tfidf_logreg_v1,3,0.3,1,1,True,0.6400389627011083,0.35996103729889173,0.6400389627011083
doc_01187,corruption_sequence_v1,tfidf_logreg_v1,4,0.4,1,1,True,0.6184005269118862,0.3815994730881138,0.6184005269118862
doc_01187,corruption_sequence_v1,tfidf_logreg_v1,5,0.5,1,1,True,0.5407676188717151,0.4592323811282849,0.5407676188717151
doc_00135,corruption_sequence_v1,tfidf_logreg_v1,0,0.0,0,0,True,0.6433112943751043,0.6433112943751043,0.35668870562489574
doc_00135,corruption_sequence_v1,tfidf_logreg_v1,1,0.1,0,0,True,0.6129096902044424,0.6129096902044424,0.38709030979555764
doc_00135,corruption_sequence_v1,tfidf_logreg_v1,2,0.2,0,0,True,0.5812952288826952,0.5812952288826952,0.41870477111730475
doc_00135,corruption_sequence_v1,tfidf_logreg_v1,3,0.3,0,0,True,0.6451033613978628,0.6451033613978628,0.35489663860213716
doc_00135,corruption_sequence_v1,tfidf_logreg_v1,4,0.4,0,0,True,0.6146323978086017,0.6146323978086017,0.3853676021913984
doc_00135,corruption_sequence_v1,tfidf_logreg_v1,5,0.5,0,0,True,0.6156089708599839,0.6156089708599839,0.38439102914001605
doc_01557,corruption_sequence_v1,tfidf_logreg_v1,0,0.0,1,1,True,0.7112293166604571,0.2887706833395429,0.7112293166604571
doc_01557,corruption_sequence_v1,tfidf_logreg_v1,1,0.1,1,1,True,0.7058342404180789,0.29416575958192115,0.7058342404180789
doc_01557,corruption_sequence_v1,tfidf_logreg_v1,2,0.2,1,1,True,0.7148941789755582,0.2851058210244418,0.7148941789755582
doc_01557,corruption_sequence_v1,tfidf_logreg_v1,3,0.3,1,1,True,0.717069760198398,0.28293023980160203,0.717069760198398
doc_01557,corruption_sequence_v1,tfidf_logreg_v1,4,0.4,1,1,True,0.7378242691171947,0.2621757308828053,0.7378242691171947
doc_01557,corruption_sequence_v1,tfidf_logreg_v1,5,0.5,1,1,True,0.642718355102213,0.357281644897787,0.642718355102213
doc_00854,corruption_sequence_v1,tfidf_logreg_v1,0,0.0,1,1,True,0.6180467681521574,0.3819532318478426,0.6180467681521574
doc_00854,corruption_sequence_v1,tfidf_logreg_v1,1,0.1,1,1,True,0.598747892194834,0.40125210780516596,0.598747892194834
doc_00854,corruption_sequence_v1,tfidf_logreg_v1,2,0.2,1,1,True,0.6364099549436587,0.3635900450563413,0.6364099549436587
doc_00854,corruption_sequence_v1,tfidf_logreg_v1,3,0.3,1,1,True,0.5529161592439691,0.4470838407560309,0.5529161592439691
doc_00854,corruption_sequence_v1,tfidf_logreg_v1,4,0.4,1,1,True,0.638367167238099,0.36163283276190095,0.638367167238099
doc_00854,corruption_sequence_v1,tfidf_logreg_v1,5,0.5,1,1,True,0.6011106748480954,0.39888932515190456,0.6011106748480954
doc_01500,corruption_sequence_v1,tfidf_logreg_v1,0,0.0,0,1,False,0.6046586529418277,0.6046586529418277,0.39534134705817225
doc_01500,corruption_sequence_v1,tfidf_logreg_v1,1,0.1,0,1,False,0.5848758542019283,0.5848758542019283,0.4151241457980716
doc_01500,corruption_sequence_v1,tfidf_logreg_v1,2,0.2,0,1,False,0.5761567061338901,0.5761567061338901,0.4238432938661098
doc_01500,corruption_sequence_v1,tfidf_logreg_v1,3,0.3,0,1,False,0.5919895873108323,0.5919895873108323,0.40801041268916777
doc_01500,corruption_sequence_v1,tfidf_logreg_v1,4,0.4,0,1,False,0.6607218014483459,0.6607218014483459,0.3392781985516541
doc_01500,corruption_sequence_v1,tfidf_logreg_v1,5,0.5,0,1,False,0.5930609631046471,0.5930609631046471,0.406939036895353
doc_00252,corruption_sequence_v1,tfidf_logreg_v1,0,0.0,0,0,True,0.5656771279259749,0.5656771279259749,0.43432287207402515
doc_00252,corruption_sequence_v1,tfidf_logreg_v1,1,0.1,0,0,True,0.5208033879497707,0.5208033879497707,0.4791966120502293
doc_00252,corruption_sequence_v1,tfidf_logreg_v1,2,0.2,1,0,False,0.5578917233946956,0.4421082766053044,0.5578917233946956
doc_00252,corruption_sequence_v1,tfidf_logreg_v1,3,0.3,0,0,True,0.5033213061126748,0.5033213061126748,0.4966786938873252
doc_00252,corruption_sequence_v1,tfidf_logreg_v1,4,0.4,1,0,False,0.5082483049917284,0.49175169500827165,0.5082483049917284
doc_00252,corruption_sequence_v1,tfidf_logreg_v1,5,0.5,0,0,True,0.5341750155895086,0.5341750155895086,0.4658249844104914
doc_01483,corruption_sequence_v1,tfidf_logreg_v1,0,0.0,0,1,False,0.5415843064196999,0.5415843064196999,0.4584156935803001
doc_01483,corruption_sequence_v1,tfidf_logreg_v1,1,0.1,0,1,False,0.5031051342794322,0.5031051342794322,0.49689486572056785
doc_01483,corruption_sequence_v1,tfidf_logreg_v1,2,0.2,0,1,False,0.5021469759709659,0.5021469759709659,0.4978530240290341
doc_01483,corruption_sequence_v1,tfidf_logreg_v1,3,0.3,0,1,False,0.6270020842758786,0.6270020842758786,0.3729979157241215
doc_01483,corruption_sequence_v1,tfidf_logreg_v1,4,0.4,0,1,False,0.5986296794833641,0.5986296794833641,0.40137032051663585
doc_01483,corruption_sequence_v1,tfidf_logreg_v1,5,0.5,0,1,False,0.6175704569475353,0.6175704569475353,0.3824295430524646
doc_01735,corruption_sequence_v1,tfidf_logreg_v1,0,0.0,1,1,True,0.8889615327711076,0.11103846722889243,0.8889615327711076
doc_01735,corruption_sequence_v1,tfidf_logreg_v1,1,0.1,1,1,True,0.867407479978571,0.13259252002142896,0.867407479978571
doc_01735,corruption_sequence_v1,tfidf_logreg_v1,2,0.2,1,1,True,0.8769540804737437,0.12304591952625632,0.8769540804737437
doc_01735,corruption_sequence_v1,tfidf_logreg_v1,3,0.3,1,1,True,0.8645768410396536,0.1354231589603464,0.8645768410396536
doc_01735,corruption_sequence_v1,tfidf_logreg_v1,4,0.4,1,1,True,0.8646154157649281,0.13538458423507194,0.8646154157649281
doc_01735,corruption_sequence_v1,tfidf_logreg_v1,5,0.5,1,1,True,0.8829677750525659,0.11703222494743415,0.8829677750525659
doc_00979,corruption_sequence_v1,tfidf_logreg_v1,0,0.0,1,1,True,0.7098563125964557,0.29014368740354435,0.7098563125964557
doc_00979,corruption_sequence_v1,tfidf_logreg_v1,1,0.1,1,1,True,0.673415283757119,0.326584716242881,0.673415283757119
doc_00979,corruption_sequence_v1,tfidf_logreg_v1,2,0.2,1,1,True,0.6610772108889301,0.3389227891110699,0.6610772108889301
doc_00979,corruption_sequence_v1,tfidf_logreg_v1,3,0.3,1,1,True,0.6202684190906766,0.37973158090932335,0.6202684190906766
doc_00979,corruption_sequence_v1,tfidf_logreg_v1,4,0.4,1,1,True,0.6152324887313844,0.38476751126861564,0.6152324887313844
doc_00979,corruption_sequence_v1,tfidf_logreg_v1,5,0.5,1,1,True,0.6059285344482522,0.39407146555174777,0.6059285344482522
doc_00121,corruption_sequence_v1,tfidf_logreg_v1,0,0.0,1,1,True,0.556571218984936,0.443428781015064,0.556571218984936
doc_00121,corruption_sequence_v1,tfidf_logreg_v1,1,0.1,1,1,True,0.6001611380517274,0.39983886194827256,0.6001611380517274
doc_00121,corruption_sequence_v1,tfidf_logreg_v1,2,0.2,1,1,True,0.5472114483104051,0.45278855168959486,0.5472114483104051
doc_00121,corruption_sequence_v1,tfidf_logreg_v1,3,0.3,1,1,True,0.6123379923780962,0.38766200762190384,0.6123379923780962
doc_00121,corruption_sequence_v1,tfidf_logreg_v1,4,0.4,1,1,True,0.5388747841560532,0.46112521584394683,0.5388747841560532
doc_00121,corruption_sequence_v1,tfidf_logreg_v1,5,0.5,1,1,True,0.5612279656802894,0.43877203431971057,0.5612279656802894
doc_00564,corruption_sequence_v1,tfidf_logreg_v1,0,0.0,0,0,True,0.6670918345248276,0.6670918345248276,0.3329081654751724
doc_00564,corruption_sequence_v1,tfidf_logreg_v1,1,0.1,0,0,True,0.657344911231271,0.657344911231271,0.3426550887687289
doc_00564,corruption_sequence_v1,tfidf_logreg_v1,2,0.2,0,0,True,0.6443561657727173,0.6443561657727173,0.3556438342272827
doc_00564,corruption_sequence_v1,tfidf_logreg_v1,3,0.3,0,0,True,0.6070854257213664,0.6070854257213664,0.39291457427863363
doc_00564,corruption_sequence_v1,tfidf_logreg_v1,4,0.4,0,0,True,0.6236763856327461,0.6236763856327461,0.3763236143672539
doc_00564,corruption_sequence_v1,tfidf_logreg_v1,5,0.5,0,0,True,0.608852395426899,0.608852395426899,0.391147604573101
doc_01053,corruption_sequence_v1,tfidf_logreg_v1,0,0.0,0,1,False,0.5897214840311085,0.5897214840311085,0.41027851596889153
doc_01053,corruption_sequence_v1,tfidf_logreg_v1,1,0.1,0,1,False,0.6310879059347203,0.6310879059347203,0.3689120940652797
doc_01053,corruption_sequence_v1,tfidf_logreg_v1,2,0.2,0,1,False,0.6108146564506435,0.6108146564506435,0.3891853435493565
doc_01053,corruption_sequence_v1,tfidf_logreg_v1,3,0.3,0,1,False,0.6252343885100251,0.6252343885100251,0.37476561148997484
doc_01053,corruption_sequence_v1,tfidf_logreg_v1,4,0.4,0,1,False,0.5949779583426327,0.5949779583426327,0.4050220416573673
doc_01053,corruption_sequence_v1,tfidf_logreg_v1,5,0.5,0,1,False,0.5594907865007839,0.5594907865007839,0.4405092134992162
doc_01264,corruption_sequence_v1,tfidf_logreg_v1,0,0.0,0,0,True,0.5605414340522121,0.5605414340522121,0.4394585659477878
doc_01264,corruption_sequence_v1,tfidf_logreg_v1,1,0.1,0,0,True,0.5405528251721444,0.5405528251721444,0.4594471748278556
doc_01264,corruption_sequence_v1,tfidf_logreg_v1,2,0.2,0,0,True,0.576382089332204,0.576382089332204,0.4236179106677959
doc_01264,corruption_sequence_v1,tfidf_logreg_v1,3,0.3,0,0,True,0.5413460792972589,0.5413460792972589,0.4586539207027411
doc_01264,corruption_sequence_v1,tfidf_logreg_v1,4,0.4,0,0,True,0.5407536975736257,0.5407536975736257,0.4592463024263743
doc_01264,corruption_sequence_v1,tfidf_logreg_v1,5,0.5,0,0,True,0.5384704708795804,0.5384704708795804,0.4615295291204195
doc_00584,corruption_sequence_v1,tfidf_logreg_v1,0,0.0,1,1,True,0.7382723766771749,0.26172762332282506,0.7382723766771749
doc_00584,corruption_sequence_v1,tfidf_logreg_v1,1,0.1,1,1,True,0.7535202813322196,0.2464797186677804,0.7535202813322196
doc_00584,corruption_sequence_v1,tfidf_logreg_v1,2,0.2,1,1,True,0.678675850315227,0.32132414968477296,0.678675850315227
doc_00584,corruption_sequence_v1,tfidf_logreg_v1,3,0.3,1,1,True,0.7222327744677615,0.27776722553223854,0.7222327744677615
doc_00584,corruption_sequence_v1,tfidf_logreg_v1,4,0.4,1,1,True,0.6835353965057259,0.3164646034942741,0.6835353965057259
doc_00584,corruption_sequence_v1,tfidf_logreg_v1,5,0.5,1,1,True,0.7523481804317138,0.2476518195682862,0.7523481804317138
doc_01031,corruption_sequence_v1,tfidf_logreg_v1,0,0.0,1,1,True,0.7262047701545767,0.27379522984542326,0.7262047701545767
doc_01031,corruption_sequence_v1,tfidf_logreg_v1,1,0.1,1,1,True,0.7325679847042089,0.2674320152957911,0.7325679847042089
doc_01031,corruption_sequence_v1,tfidf_logreg_v1,2,0.2,1,1,True,0.6813927410565215,0.3186072589434785,0.6813927410565215
doc_01031,corruption_sequence_v1,tfidf_logreg_v1,3,0.3,1,1,True,0.6707769813129862,0.32922301868701376,0.6707769813129862
doc_01031,corruption_sequence_v1,tfidf_logreg_v1,4,0.4,1,1,True,0.7406127781796216,0.25938722182037843,0.7406127781796216
doc_01031,corruption_sequence_v1,tfidf_logreg_v1,5,0.5,1,1,True,0.599379473468348,0.40062052653165203,0.599379473468348
doc_01099,corruption_sequence_v1,tfidf_logreg_v1,0,0.0,0,0,True,0.754368940368056,0.754368940368056,0.245631059631944
doc_01099,corruption_sequence_v1,tfidf_logreg_v1,1,0.1,0,0,True,0.53811339200987,0.53811339200987,0.46188660799013004
doc_01099,corruption_sequence_v1,tfidf_logreg_v1,2,0.2,0,0,True,0.5677729181111482,0.5677729181111482,0.4322270818888518
doc_01099,corruption_sequence_v1,tfidf_logreg_v1,3,0.3,0,0,True,0.586272900638988,0.586272900638988,0.4137270993610121
doc_01099,corruption_sequence_v1,tfidf_logreg_v1,4,0.4,0,0,True,0.6247538395772504,0.6247538395772504,0.3752461604227496
doc_01099,corruption_sequence_v1,tfidf_logreg_v1,5,0.5,0,0,True,0.6025688100379463,0.6025688100379463,0.3974311899620537
doc_01432,corruption_sequence_v1,tfidf_logreg_v1,0,0.0,0,0,True,0.6512523253771509,0.6512523253771509,0.3487476746228491
doc_01432,corruption_sequence_v1,tfidf_logreg_v1,1,0.1,0,0,True,0.6256534594573848,0.6256534594573848,0.37434654054261524
doc_01432,corruption_sequence_v1,tfidf_logreg_v1,2,0.2,0,0,True,0.5926327281382836,0.5926327281382836,0.4073672718617164
doc_01432,corruption_sequence_v1,tfidf_logreg_v1,3,0.3,0,0,True,0.6049252404767358,0.6049252404767358,0.39507475952326415
doc_01432,corruption_sequence_v1,tfidf_logreg_v1,4,0.4,0,0,True,0.5412414221155424,0.5412414221155424,0.45875857788445756
doc_01432,corruption_sequence_v1,tfidf_logreg_v1,5,0.5,0,0,True,0.5585543847014652,0.5585543847014652,0.44144561529853477
doc_01731,corruption_sequence_v1,tfidf_logreg_v1,0,0.0,1,1,True,0.6117455030653314,0.3882544969346686,0.6117455030653314
doc_01731,corruption_sequence_v1,tfidf_logreg_v1,1,0.1,1,1,True,0.5231451101096971,0.4768548898903029,0.5231451101096971
doc_01731,corruption_sequence_v1,tfidf_logreg_v1,2,0.2,0,1,False,0.5093124124226966,0.5093124124226966,0.49068758757730335
doc_01731,corruption_sequence_v1,tfidf_logreg_v1,3,0.3,1,1,True,0.5587126789108743,0.4412873210891257,0.5587126789108743
doc_01731,corruption_sequence_v1,tfidf_logreg_v1,4,0.4,1,1,True,0.5004254432554488,0.4995745567445512,0.5004254432554488
doc_01731,corruption_sequence_v1,tfidf_logreg_v1,5,0.5,1,1,True,0.5299660596665755,0.4700339403334245,0.5299660596665755
doc_00151,corruption_sequence_v1,tfidf_logreg_v1,0,0.0,1,1,True,0.6961269127282034,0.3038730872717966,0.6961269127282034
doc_00151,corruption_sequence_v1,tfidf_logreg_v1,1,0.1,1,1,True,0.6661174128131329,0.33388258718686714,0.6661174128131329
doc_00151,corruption_sequence_v1,tfidf_logreg_v1,2,0.2,1,1,True,0.6788482100281829,0.32115178997181715,0.6788482100281829
doc_00151,corruption_sequence_v1,tfidf_logreg_v1,3,0.3,1,1,True,0.6326618924958558,0.3673381075041442,0.6326618924958558
doc_00151,corruption_sequence_v1,tfidf_logreg_v1,4,0.4,1,1,True,0.6372867813070702,0.36271321869292983,0.6372867813070702
doc_00151,corruption_sequence_v1,tfidf_logreg_v1,5,0.5,1,1,True,0.6901349497432017,0.30986505025679834,0.6901349497432017
doc_00637,corruption_sequence_v1,tfidf_logreg_v1,0,0.0,1,1,True,0.6215726463778888,0.3784273536221112,0.6215726463778888
doc_00637,corruption_sequence_v1,tfidf_logreg_v1,1,0.1,1,1,True,0.6455586341752075,0.35444136582479246,0.6455586341752075
doc_00637,corruption_sequence_v1,tfidf_logreg_v1,2,0.2,1,1,True,0.6429070935220964,0.3570929064779036,0.6429070935220964
doc_00637,corruption_sequence_v1,tfidf_logreg_v1,3,0.3,1,1,True,0.5685321745271444,0.43146782547285556,0.5685321745271444
doc_00637,corruption_sequence_v1,tfidf_logreg_v1,4,0.4,1,1,True,0.6686147396001834,0.33138526039981664,0.6686147396001834
doc_00637,corruption_sequence_v1,tfidf_logreg_v1,5,0.5,1,1,True,0.5651235552610707,0.4348764447389293,0.5651235552610707
doc_01075,corruption_sequence_v1,tfidf_logreg_v1,0,0.0,0,0,True,0.6141477373482847,0.6141477373482847,0.38585226265171535
doc_01075,corruption_sequence_v1,tfidf_logreg_v1,1,0.1,0,0,True,0.5723938670444606,0.5723938670444606,0.42760613295553934
doc_01075,corruption_sequence_v1,tfidf_logreg_v1,2,0.2,0,0,True,0.588302370128947,0.588302370128947,0.41169762987105296
doc_01075,corruption_sequence_v1,tfidf_logreg_v1,3,0.3,0,0,True,0.5593731741923615,0.5593731741923615,0.44062682580763846
doc_01075,corruption_sequence_v1,tfidf_logreg_v1,4,0.4,0,0,True,0.5005129532746806,0.5005129532746806,0.4994870467253194
doc_01075,corruption_sequence_v1,tfidf_logreg_v1,5,0.5,0,0,True,0.6565112865598695,0.6565112865598695,0.34348871344013054
doc_00981,corruption_sequence_v1,tfidf_logreg_v1,0,0.0,0,0,True,0.512152383345789,0.512152383345789,0.4878476166542109
doc_00981,corruption_sequence_v1,tfidf_logreg_v1,1,0.1,1,0,False,0.5230862609979449,0.47691373900205514,0.5230862609979449
doc_00981,corruption_sequence_v1,tfidf_logreg_v1,2,0.2,0,0,True,0.5604336206117118,0.5604336206117118,0.43956637938828824
doc_00981,corruption_sequence_v1,tfidf_logreg_v1,3,0.3,0,0,True,0.5301646728381565,0.5301646728381565,0.4698353271618435
doc_00981,corruption_sequence_v1,tfidf_logreg_v1,4,0.4,0,0,True,0.5635282205737082,0.5635282205737082,0.4364717794262918
doc_00981,corruption_sequence_v1,tfidf_logreg_v1,5,0.5,1,0,False,0.5433713470371084,0.45662865296289157,0.5433713470371084
doc_01458,corruption_sequence_v1,tfidf_logreg_v1,0,0.0,1,1,True,0.671346079964381,0.328653920035619,0.671346079964381
doc_01458,corruption_sequence_v1,tfidf_logreg_v1,1,0.1,1,1,True,0.6479190162082891,0.35208098379171093,0.6479190162082891
doc_01458,corruption_sequence_v1,tfidf_logreg_v1,2,0.2,1,1,True,0.6639819376303938,0.3360180623696062,0.6639819376303938
doc_01458,corruption_sequence_v1,tfidf_logreg_v1,3,0.3,1,1,True,0.6295450718477056,0.3704549281522944,0.6295450718477056
doc_01458,corruption_sequence_v1,tfidf_logreg_v1,4,0.4,1,1,True,0.580838861235433,0.41916113876456695,0.580838861235433
doc_01458,corruption_sequence_v1,tfidf_logreg_v1,5,0.5,1,1,True,0.5812134956768154,0.41878650432318465,0.5812134956768154
doc_00881,corruption_sequence_v1,tfidf_logreg_v1,0,0.0,0,0,True,0.5555490147284553,0.5555490147284553,0.4444509852715447
doc_00881,corruption_sequence_v1,tfidf_logreg_v1,1,0.1,0,0,True,0.5665759416408918,0.5665759416408918,0.43342405835910824
doc_00881,corruption_sequence_v1,tfidf_logreg_v1,2,0.2,0,0,True,0.5328880201478707,0.5328880201478707,0.4671119798521292
doc_00881,corruption_sequence_v1,tfidf_logreg_v1,3,0.3,0,0,True,0.5382057793773636,0.5382057793773636,0.4617942206226364
doc_00881,corruption_sequence_v1,tfidf_logreg_v1,4,0.4,1,0,False,0.5029995268970396,0.49700047310296036,0.5029995268970396
doc_00881,corruption_sequence_v1,tfidf_logreg_v1,5,0.5,0,0,True,0.5407211040032638,0.5407211040032638,0.45927889599673616
doc_01653,corruption_sequence_v1,tfidf_logreg_v1,0,0.0,1,1,True,0.7146302759811367,0.2853697240188633,0.7146302759811367
doc_01653,corruption_sequence_v1,tfidf_logreg_v1,1,0.1,1,1,True,0.7072481268244929,0.2927518731755071,0.7072481268244929
doc_01653,corruption_sequence_v1,tfidf_logreg_v1,2,0.2,1,1,True,0.7161068333884465,0.2838931666115535,0.7161068333884465
doc_01653,corruption_sequence_v1,tfidf_logreg_v1,3,0.3,1,1,True,0.714580953707948,0.28541904629205195,0.714580953707948
doc_01653,corruption_sequence_v1,tfidf_logreg_v1,4,0.4,1,1,True,0.6488409359300862,0.3511590640699138,0.6488409359300862
doc_01653,corruption_sequence_v1,tfidf_logreg_v1,5,0.5,1,1,True,0.5820354491387582,0.41796455086124185,0.5820354491387582
doc_01720,corruption_sequence_v1,tfidf_logreg_v1,0,0.0,1,1,True,0.7545468783741633,0.24545312162583666,0.7545468783741633
doc_01720,corruption_sequence_v1,tfidf_logreg_v1,1,0.1,1,1,True,0.7381400362167025,0.26185996378329746,0.7381400362167025
doc_01720,corruption_sequence_v1,tfidf_logreg_v1,2,0.2,1,1,True,0.710239774669374,0.28976022533062595,0.710239774669374
doc_01720,corruption_sequence_v1,tfidf_logreg_v1,3,0.3,1,1,True,0.722959911248507,0.277040088751493,0.722959911248507
doc_01720,corruption_sequence_v1,tfidf_logreg_v1,4,0.4,1,1,True,0.6973247881421323,0.3026752118578677,0.6973247881421323
doc_01720,corruption_sequence_v1,tfidf_logreg_v1,5,0.5,1,1,True,0.6633059012198045,0.3366940987801955,0.6633059012198045
doc_00309,corruption_sequence_v1,tfidf_logreg_v1,0,0.0,0,1,False,0.5499534702959923,0.5499534702959923,0.45004652970400777
doc_00309,corruption_sequence_v1,tfidf_logreg_v1,1,0.1,0,1,False,0.5762575593277817,0.5762575593277817,0.4237424406722183
doc_00309,corruption_sequence_v1,tfidf_logreg_v1,2,0.2,0,1,False,0.5496765877829839,0.5496765877829839,0.45032341221701605
doc_00309,corruption_sequence_v1,tfidf_logreg_v1,3,0.3,0,1,False,0.5773138636068248,0.5773138636068248,0.4226861363931752
doc_00309,corruption_sequence_v1,tfidf_logreg_v1,4,0.4,0,1,False,0.5537783100406555,0.5537783100406555,0.4462216899593446
doc_00309,corruption_sequence_v1,tfidf_logreg_v1,5,0.5,0,1,False,0.6124402235119571,0.6124402235119571,0.38755977648804285
doc_00918,corruption_sequence_v1,tfidf_logreg_v1,0,0.0,0,0,True,0.7104193524276292,0.7104193524276292,0.2895806475723708
doc_00918,corruption_sequence_v1,tfidf_logreg_v1,1,0.1,0,0,True,0.6652029320020365,0.6652029320020365,0.33479706799796344
doc_00918,corruption_sequence_v1,tfidf_logreg_v1,2,0.2,0,0,True,0.6844824549579427,0.6844824549579427,0.31551754504205726
doc_00918,corruption_sequence_v1,tfidf_logreg_v1,3,0.3,0,0,True,0.6694705659131437,0.6694705659131437,0.33052943408685626
doc_00918,corruption_sequence_v1,tfidf_logreg_v1,4,0.4,0,0,True,0.734373824721676,0.734373824721676,0.265626175278324
doc_00918,corruption_sequence_v1,tfidf_logreg_v1,5,0.5,0,0,True,0.6577618240672165,0.6577618240672165,0.34223817593278355
doc_01361,corruption_sequence_v1,tfidf_logreg_v1,0,0.0,0,1,False,0.5019677846085655,0.5019677846085655,0.49803221539143444
doc_01361,corruption_sequence_v1,tfidf_logreg_v1,1,0.1,1,1,True,0.522332019131517,0.47766798086848306,0.522332019131517
doc_01361,corruption_sequence_v1,tfidf_logreg_v1,2,0.2,1,1,True,0.5085760357472827,0.4914239642527173,0.5085760357472827
doc_01361,corruption_sequence_v1,tfidf_logreg_v1,3,0.3,1,1,True,0.5030168213365941,0.4969831786634059,0.5030168213365941
doc_01361,corruption_sequence_v1,tfidf_logreg_v1,4,0.4,1,1,True,0.5178748065061083,0.4821251934938917,0.5178748065061083
doc_01361,corruption_sequence_v1,tfidf_logreg_v1,5,0.5,0,1,False,0.5760730761104369,0.5760730761104369,0.42392692388956305
doc_01601,corruption_sequence_v1,tfidf_logreg_v1,0,0.0,1,1,True,0.7441706266677683,0.25582937333223166,0.7441706266677683
doc_01601,corruption_sequence_v1,tfidf_logreg_v1,1,0.1,1,1,True,0.7373384081908153,0.2626615918091847,0.7373384081908153
doc_01601,corruption_sequence_v1,tfidf_logreg_v1,2,0.2,1,1,True,0.7138933220126884,0.2861066779873116,0.7138933220126884
doc_01601,corruption_sequence_v1,tfidf_logreg_v1,3,0.3,1,1,True,0.6787378611747118,0.3212621388252882,0.6787378611747118
doc_01601,corruption_sequence_v1,tfidf_logreg_v1,4,0.4,1,1,True,0.6323942859705178,0.36760571402948217,0.6323942859705178
doc_01601,corruption_sequence_v1,tfidf_logreg_v1,5,0.5,1,1,True,0.7155206376745199,0.2844793623254801,0.7155206376745199
doc_01137,corruption_sequence_v1,tfidf_logreg_v1,0,0.0,0,0,True,0.6310894966421519,0.6310894966421519,0.3689105033578482
doc_01137,corruption_sequence_v1,tfidf_logreg_v1,1,0.1,0,0,True,0.5916074391717758,0.5916074391717758,0.40839256082822417
doc_01137,corruption_sequence_v1,tfidf_logreg_v1,2,0.2,0,0,True,0.6017238592569834,0.6017238592569834,0.3982761407430166
doc_01137,corruption_sequence_v1,tfidf_logreg_v1,3,0.3,0,0,True,0.5711391332838602,0.5711391332838602,0.42886086671613977
doc_01137,corruption_sequence_v1,tfidf_logreg_v1,4,0.4,0,0,True,0.6430577764833658,0.6430577764833658,0.3569422235166341
doc_01137,corruption_sequence_v1,tfidf_logreg_v1,5,0.5,0,0,True,0.6456102375219424,0.6456102375219424,0.3543897624780576
doc_01487,corruption_sequence_v1,tfidf_logreg_v1,0,0.0,0,0,True,0.5845666752872811,0.5845666752872811,0.4154333247127189
doc_01487,corruption_sequence_v1,tfidf_logreg_v1,1,0.1,0,0,True,0.5604991220699242,0.5604991220699242,0.4395008779300757
doc_01487,corruption_sequence_v1,tfidf_logreg_v1,2,0.2,0,0,True,0.5361330696029545,0.5361330696029545,0.46386693039704546
doc_01487,corruption_sequence_v1,tfidf_logreg_v1,3,0.3,0,0,True,0.5952383137609448,0.5952383137609448,0.4047616862390552
doc_01487,corruption_sequence_v1,tfidf_logreg_v1,4,0.4,0,0,True,0.5742035093071984,0.5742035093071984,0.4257964906928016
doc_01487,corruption_sequence_v1,tfidf_logreg_v1,5,0.5,0,0,True,0.5664042775987298,0.5664042775987298,0.4335957224012702
doc_01566,corruption_sequence_v1,tfidf_logreg_v1,0,0.0,0,0,True,0.5356521586676716,0.5356521586676716,0.4643478413323284
doc_01566,corruption_sequence_v1,tfidf_logreg_v1,1,0.1,1,0,False,0.5086075829444248,0.49139241705557524,0.5086075829444248
doc_01566,corruption_sequence_v1,tfidf_logreg_v1,2,0.2,1,0,False,0.5135250997532018,0.4864749002467982,0.5135250997532018
doc_01566,corruption_sequence_v1,tfidf_logreg_v1,3,0.3,0,0,True,0.5390260599145079,0.5390260599145079,0.4609739400854921
doc_01566,corruption_sequence_v1,tfidf_logreg_v1,4,0.4,0,0,True,0.5368345674682418,0.5368345674682418,0.4631654325317583
doc_01566,corruption_sequence_v1,tfidf_logreg_v1,5,0.5,1,0,False,0.6124971928174439,0.38750280718255614,0.6124971928174439
doc_00074,corruption_sequence_v1,tfidf_logreg_v1,0,0.0,1,1,True,0.8070540478316766,0.19294595216832344,0.8070540478316766
doc_00074,corruption_sequence_v1,tfidf_logreg_v1,1,0.1,1,1,True,0.7795698605230886,0.22043013947691137,0.7795698605230886
doc_00074,corruption_sequence_v1,tfidf_logreg_v1,2,0.2,1,1,True,0.7643515442497367,0.23564845575026327,0.7643515442497367
doc_00074,corruption_sequence_v1,tfidf_logreg_v1,3,0.3,1,1,True,0.7631848317363307,0.23681516826366933,0.7631848317363307
doc_00074,corruption_sequence_v1,tfidf_logreg_v1,4,0.4,1,1,True,0.7754981488286415,0.22450185117135846,0.7754981488286415
doc_00074,corruption_sequence_v1,tfidf_logreg_v1,5,0.5,1,1,True,0.7708848134530878,0.2291151865469122,0.7708848134530878
doc_01069,corruption_sequence_v1,tfidf_logreg_v1,0,0.0,0,0,True,0.5550233356998111,0.5550233356998111,0.4449766643001889
doc_01069,corruption_sequence_v1,tfidf_logreg_v1,1,0.1,0,0,True,0.511918338808889,0.511918338808889,0.4880816611911109
doc_01069,corruption_sequence_v1,tfidf_logreg_v1,2,0.2,0,0,True,0.5137840936375979,0.5137840936375979,0.48621590636240203
doc_01069,corruption_sequence_v1,tfidf_logreg_v1,3,0.3,0,0,True,0.5295320255638815,0.5295320255638815,0.47046797443611854
doc_01069,corruption_sequence_v1,tfidf_logreg_v1,4,0.4,1,0,False,0.5244535432020863,0.47554645679791374,0.5244535432020863
doc_01069,corruption_sequence_v1,tfidf_logreg_v1,5,0.5,0,0,True,0.6328725034743603,0.6328725034743603,0.3671274965256397
doc_01063,corruption_sequence_v1,tfidf_logreg_v1,0,0.0,1,1,True,0.5436650476400541,0.4563349523599459,0.5436650476400541
doc_01063,corruption_sequence_v1,tfidf_logreg_v1,1,0.1,0,1,False,0.511397983126865,0.511397983126865,0.488602016873135
doc_01063,corruption_sequence_v1,tfidf_logreg_v1,2,0.2,1,1,True,0.5089170744045308,0.4910829255954692,0.5089170744045308
doc_01063,corruption_sequence_v1,tfidf_logreg_v1,3,0.3,1,1,True,0.6081452207223997,0.39185477927760026,0.6081452207223997
doc_01063,corruption_sequence_v1,tfidf_logreg_v1,4,0.4,0,1,False,0.524551983751658,0.524551983751658,0.475448016248342
doc_01063,corruption_sequence_v1,tfidf_logreg_v1,5,0.5,0,1,False,0.5482386815202118,0.5482386815202118,0.4517613184797882
doc_00301,corruption_sequence_v1,tfidf_logreg_v1,0,0.0,0,0,True,0.5810177212986114,0.5810177212986114,0.4189822787013886
doc_00301,corruption_sequence_v1,tfidf_logreg_v1,1,0.1,0,0,True,0.5659418012949051,0.5659418012949051,0.4340581987050949
doc_00301,corruption_sequence_v1,tfidf_logreg_v1,2,0.2,0,0,True,0.5301834407899215,0.5301834407899215,0.4698165592100785
doc_00301,corruption_sequence_v1,tfidf_logreg_v1,3,0.3,0,0,True,0.5709086554575504,0.5709086554575504,0.42909134454244957
doc_00301,corruption_sequence_v1,tfidf_logreg_v1,4,0.4,0,0,True,0.5294242313048831,0.5294242313048831,0.4705757686951169
doc_00301,corruption_sequence_v1,tfidf_logreg_v1,5,0.5,0,0,True,0.5866379928508263,0.5866379928508263,0.41336200714917365
doc_00433,corruption_sequence_v1,tfidf_logreg_v1,0,0.0,1,1,True,0.7827818761494616,0.2172181238505384,0.7827818761494616
doc_00433,corruption_sequence_v1,tfidf_logreg_v1,1,0.1,1,1,True,0.796747808166754,0.20325219183324605,0.796747808166754
doc_00433,corruption_sequence_v1,tfidf_logreg_v1,2,0.2,1,1,True,0.7936759422667026,0.20632405773329743,0.7936759422667026
doc_00433,corruption_sequence_v1,tfidf_logreg_v1,3,0.3,1,1,True,0.7567316566111951,0.24326834338880488,0.7567316566111951
doc_00433,corruption_sequence_v1,tfidf_logreg_v1,4,0.4,1,1,True,0.7354571294784904,0.2645428705215096,0.7354571294784904
doc_00433,corruption_sequence_v1,tfidf_logreg_v1,5,0.5,1,1,True,0.7672040597725855,0.23279594022741446,0.7672040597725855
doc_01231,corruption_sequence_v1,tfidf_logreg_v1,0,0.0,1,1,True,0.8750987544342514,0.12490124556574855,0.8750987544342514
doc_01231,corruption_sequence_v1,tfidf_logreg_v1,1,0.1,1,1,True,0.8524625802210108,0.14753741977898915,0.8524625802210108
doc_01231,corruption_sequence_v1,tfidf_logreg_v1,2,0.2,1,1,True,0.835162858833722,0.164837141166278,0.835162858833722
doc_01231,corruption_sequence_v1,tfidf_logreg_v1,3,0.3,1,1,True,0.8309624248106043,0.16903757518939566,0.8309624248106043
doc_01231,corruption_sequence_v1,tfidf_logreg_v1,4,0.4,1,1,True,0.7921889372621043,0.20781106273789574,0.7921889372621043
doc_01231,corruption_sequence_v1,tfidf_logreg_v1,5,0.5,1,1,True,0.8295689442485958,0.17043105575140416,0.8295689442485958
doc_01120,corruption_sequence_v1,tfidf_logreg_v1,0,0.0,0,0,True,0.6802457743645366,0.6802457743645366,0.3197542256354634
doc_01120,corruption_sequence_v1,tfidf_logreg_v1,1,0.1,0,0,True,0.6319683185283631,0.6319683185283631,0.36803168147163684
doc_01120,corruption_sequence_v1,tfidf_logreg_v1,2,0.2,0,0,True,0.6672637671922679,0.6672637671922679,0.3327362328077322
doc_01120,corruption_sequence_v1,tfidf_logreg_v1,3,0.3,0,0,True,0.659325152338984,0.659325152338984,0.34067484766101597
doc_01120,corruption_sequence_v1,tfidf_logreg_v1,4,0.4,0,0,True,0.6966767879430116,0.6966767879430116,0.3033232120569885
doc_01120,corruption_sequence_v1,tfidf_logreg_v1,5,0.5,0,0,True,0.6921485432565604,0.6921485432565604,0.30785145674343956
doc_01358,corruption_sequence_v1,tfidf_logreg_v1,0,0.0,1,1,True,0.690574838353247,0.30942516164675304,0.690574838353247
doc_01358,corruption_sequence_v1,tfidf_logreg_v1,1,0.1,1,1,True,0.6953851378836654,0.3046148621163346,0.6953851378836654
doc_01358,corruption_sequence_v1,tfidf_logreg_v1,2,0.2,1,1,True,0.6686283257838874,0.3313716742161126,0.6686283257838874
doc_01358,corruption_sequence_v1,tfidf_logreg_v1,3,0.3,1,1,True,0.6918514662244871,0.3081485337755129,0.6918514662244871
doc_01358,corruption_sequence_v1,tfidf_logreg_v1,4,0.4,1,1,True,0.7306120613087328,0.2693879386912672,0.7306120613087328
doc_01358,corruption_sequence_v1,tfidf_logreg_v1,5,0.5,1,1,True,0.626939317452341,0.373060682547659,0.626939317452341
doc_01377,corruption_sequence_v1,tfidf_logreg_v1,0,0.0,0,0,True,0.6022081230847529,0.6022081230847529,0.39779187691524703
doc_01377,corruption_sequence_v1,tfidf_logreg_v1,1,0.1,0,0,True,0.598463092837068,0.598463092837068,0.40153690716293206
doc_01377,corruption_sequence_v1,tfidf_logreg_v1,2,0.2,0,0,True,0.6033430913975659,0.6033430913975659,0.396656908602434
doc_01377,corruption_sequence_v1,tfidf_logreg_v1,3,0.3,0,0,True,0.634833983993528,0.634833983993528,0.3651660160064721
doc_01377,corruption_sequence_v1,tfidf_logreg_v1,4,0.4,0,0,True,0.5742132035385996,0.5742132035385996,0.42578679646140033
doc_01377,corruption_sequence_v1,tfidf_logreg_v1,5,0.5,0,0,True,0.6456227728817151,0.6456227728817151,0.3543772271182849
doc_01744,corruption_sequence_v1,tfidf_logreg_v1,0,0.0,1,0,False,0.5348665578800517,0.46513344211994834,0.5348665578800517
doc_01744,corruption_sequence_v1,tfidf_logreg_v1,1,0.1,1,0,False,0.5467175618423583,0.4532824381576417,0.5467175618423583
doc_01744,corruption_sequence_v1,tfidf_logreg_v1,2,0.2,1,0,False,0.543282436658056,0.456717563341944,0.543282436658056
doc_01744,corruption_sequence_v1,tfidf_logreg_v1,3,0.3,1,0,False,0.5262810640914406,0.4737189359085594,0.5262810640914406
doc_01744,corruption_sequence_v1,tfidf_logreg_v1,4,0.4,1,0,False,0.5257715134379709,0.4742284865620291,0.5257715134379709
doc_01744,corruption_sequence_v1,tfidf_logreg_v1,5,0.5,1,0,False,0.5122254113249342,0.48777458867506585,0.5122254113249342
doc_00050,corruption_sequence_v1,tfidf_logreg_v1,0,0.0,0,1,False,0.6474115963604877,0.6474115963604877,0.35258840363951227
doc_00050,corruption_sequence_v1,tfidf_logreg_v1,1,0.1,0,1,False,0.6810901313754294,0.6810901313754294,0.31890986862457055
doc_00050,corruption_sequence_v1,tfidf_logreg_v1,2,0.2,0,1,False,0.70511310395498,0.70511310395498,0.29488689604502005
doc_00050,corruption_sequence_v1,tfidf_logreg_v1,3,0.3,0,1,False,0.6426847256705206,0.6426847256705206,0.35731527432947946
doc_00050,corruption_sequence_v1,tfidf_logreg_v1,4,0.4,0,1,False,0.6353752645124724,0.6353752645124724,0.36462473548752755
doc_00050,corruption_sequence_v1,tfidf_logreg_v1,5,0.5,0,1,False,0.6135208451736108,0.6135208451736108,0.38647915482638917
doc_01701,corruption_sequence_v1,tfidf_logreg_v1,0,0.0,0,0,True,0.6163779569777594,0.6163779569777594,0.3836220430222405
doc_01701,corruption_sequence_v1,tfidf_logreg_v1,1,0.1,0,0,True,0.6207222879255849,0.6207222879255849,0.3792777120744151
doc_01701,corruption_sequence_v1,tfidf_logreg_v1,2,0.2,0,0,True,0.6578758697050399,0.6578758697050399,0.34212413029496014
doc_01701,corruption_sequence_v1,tfidf_logreg_v1,3,0.3,0,0,True,0.7084605506656604,0.7084605506656604,0.2915394493343396
doc_01701,corruption_sequence_v1,tfidf_logreg_v1,4,0.4,0,0,True,0.6691132304251435,0.6691132304251435,0.3308867695748565
doc_01701,corruption_sequence_v1,tfidf_logreg_v1,5,0.5,0,0,True,0.6595919349205976,0.6595919349205976,0.34040806507940236
doc_01239,corruption_sequence_v1,tfidf_logreg_v1,0,0.0,0,0,True,0.6931607122371877,0.6931607122371877,0.3068392877628123
doc_01239,corruption_sequence_v1,tfidf_logreg_v1,1,0.1,0,0,True,0.7209303699572558,0.7209303699572558,0.27906963004274427
doc_01239,corruption_sequence_v1,tfidf_logreg_v1,2,0.2,0,0,True,0.6028994120114564,0.6028994120114564,0.3971005879885436
doc_01239,corruption_sequence_v1,tfidf_logreg_v1,3,0.3,0,0,True,0.6354149011560346,0.6354149011560346,0.3645850988439654
doc_01239,corruption_sequence_v1,tfidf_logreg_v1,4,0.4,0,0,True,0.5501298956829821,0.5501298956829821,0.4498701043170179
doc_01239,corruption_sequence_v1,tfidf_logreg_v1,5,0.5,0,0,True,0.5824268326722792,0.5824268326722792,0.41757316732772076
doc_01104,corruption_sequence_v1,tfidf_logreg_v1,0,0.0,0,0,True,0.6441808604984738,0.6441808604984738,0.35581913950152616
doc_01104,corruption_sequence_v1,tfidf_logreg_v1,1,0.1,0,0,True,0.6184013154880881,0.6184013154880881,0.381598684511912
doc_01104,corruption_sequence_v1,tfidf_logreg_v1,2,0.2,0,0,True,0.6591671324374093,0.6591671324374093,0.3408328675625907
doc_01104,corruption_sequence_v1,tfidf_logreg_v1,3,0.3,0,0,True,0.6604711654035228,0.6604711654035228,0.3395288345964772
doc_01104,corruption_sequence_v1,tfidf_logreg_v1,4,0.4,0,0,True,0.6754777474535549,0.6754777474535549,0.32452225254644507
doc_01104,corruption_sequence_v1,tfidf_logreg_v1,5,0.5,0,0,True,0.6761305491778684,0.6761305491778684,0.32386945082213164
doc_00269,corruption_sequence_v1,tfidf_logreg_v1,0,0.0,1,0,False,0.60539062296789,0.39460937703210996,0.60539062296789
doc_00269,corruption_sequence_v1,tfidf_logreg_v1,1,0.1,1,0,False,0.6376214669871948,0.3623785330128052,0.6376214669871948
doc_00269,corruption_sequence_v1,tfidf_logreg_v1,2,0.2,1,0,False,0.6062550231208106,0.3937449768791894,0.6062550231208106
doc_00269,corruption_sequence_v1,tfidf_logreg_v1,3,0.3,1,0,False,0.646866015181956,0.35313398481804403,0.646866015181956
doc_00269,corruption_sequence_v1,tfidf_logreg_v1,4,0.4,1,0,False,0.6473536057004056,0.35264639429959443,0.6473536057004056
doc_00269,corruption_sequence_v1,tfidf_logreg_v1,5,0.5,1,0,False,0.6092191454161515,0.3907808545838485,0.6092191454161515
doc_00376,corruption_sequence_v1,tfidf_logreg_v1,0,0.0,1,1,True,0.5895395867870191,0.4104604132129809,0.5895395867870191
doc_00376,corruption_sequence_v1,tfidf_logreg_v1,1,0.1,1,1,True,0.5924690108233496,0.4075309891766504,0.5924690108233496
doc_00376,corruption_sequence_v1,tfidf_logreg_v1,2,0.2,1,1,True,0.5840523225580847,0.4159476774419153,0.5840523225580847
doc_00376,corruption_sequence_v1,tfidf_logreg_v1,3,0.3,1,1,True,0.5442264577540347,0.45577354224596534,0.5442264577540347
doc_00376,corruption_sequence_v1,tfidf_logreg_v1,4,0.4,1,1,True,0.5511283322636822,0.4488716677363178,0.5511283322636822
doc_00376,corruption_sequence_v1,tfidf_logreg_v1,5,0.5,1,1,True,0.6180885198978175,0.38191148010218245,0.6180885198978175
doc_01728,corruption_sequence_v1,tfidf_logreg_v1,0,0.0,1,1,True,0.6425310144652484,0.3574689855347516,0.6425310144652484
doc_01728,corruption_sequence_v1,tfidf_logreg_v1,1,0.1,1,1,True,0.594756210848453,0.405243789151547,0.594756210848453
doc_01728,corruption_sequence_v1,tfidf_logreg_v1,2,0.2,1,1,True,0.6550714069381409,0.3449285930618591,0.6550714069381409
doc_01728,corruption_sequence_v1,tfidf_logreg_v1,3,0.3,1,1,True,0.5574257084106028,0.4425742915893972,0.5574257084106028
doc_01728,corruption_sequence_v1,tfidf_logreg_v1,4,0.4,1,1,True,0.5573809265902696,0.4426190734097304,0.5573809265902696
doc_01728,corruption_sequence_v1,tfidf_logreg_v1,5,0.5,1,1,True,0.5051719493427084,0.49482805065729163,0.5051719493427084
doc_01533,corruption_sequence_v1,tfidf_logreg_v1,0,0.0,1,1,True,0.8892202861155566,0.11077971388444341,0.8892202861155566
doc_01533,corruption_sequence_v1,tfidf_logreg_v1,1,0.1,1,1,True,0.8830481187209895,0.11695188127901046,0.8830481187209895
doc_01533,corruption_sequence_v1,tfidf_logreg_v1,2,0.2,1,1,True,0.8818530594970233,0.1181469405029767,0.8818530594970233
doc_01533,corruption_sequence_v1,tfidf_logreg_v1,3,0.3,1,1,True,0.8575031827456926,0.1424968172543074,0.8575031827456926
doc_01533,corruption_sequence_v1,tfidf_logreg_v1,4,0.4,1,1,True,0.8223708171818298,0.1776291828181702,0.8223708171818298
doc_01533,corruption_sequence_v1,tfidf_logreg_v1,5,0.5,1,1,True,0.8213842454885937,0.17861575451140632,0.8213842454885937
doc_00912,corruption_sequence_v1,tfidf_logreg_v1,0,0.0,1,1,True,0.770913660934381,0.22908633906561904,0.770913660934381
doc_00912,corruption_sequence_v1,tfidf_logreg_v1,1,0.1,1,1,True,0.7449425358585441,0.2550574641414559,0.7449425358585441
doc_00912,corruption_sequence_v1,tfidf_logreg_v1,2,0.2,1,1,True,0.7576036958701516,0.24239630412984836,0.7576036958701516
doc_00912,corruption_sequence_v1,tfidf_logreg_v1,3,0.3,1,1,True,0.6425627897380727,0.3574372102619273,0.6425627897380727
doc_00912,corruption_sequence_v1,tfidf_logreg_v1,4,0.4,1,1,True,0.6703764607720998,0.3296235392279002,0.6703764607720998
doc_00912,corruption_sequence_v1,tfidf_logreg_v1,5,0.5,1,1,True,0.7106349036927327,0.28936509630726726,0.7106349036927327
doc_00470,corruption_sequence_v1,tfidf_logreg_v1,0,0.0,0,1,False,0.5358616901855615,0.5358616901855615,0.46413830981443843
doc_00470,corruption_sequence_v1,tfidf_logreg_v1,1,0.1,1,1,True,0.5016263166466887,0.49837368335331134,0.5016263166466887
doc_00470,corruption_sequence_v1,tfidf_logreg_v1,2,0.2,1,1,True,0.5315930922874812,0.4684069077125188,0.5315930922874812
doc_00470,corruption_sequence_v1,tfidf_logreg_v1,3,0.3,0,1,False,0.5184932322001359,0.5184932322001359,0.4815067677998642
doc_00470,corruption_sequence_v1,tfidf_logreg_v1,4,0.4,0,1,False,0.5193493484069751,0.5193493484069751,0.48065065159302495
doc_00470,corruption_sequence_v1,tfidf_logreg_v1,5,0.5,0,1,False,0.5736120252374133,0.5736120252374133,0.4263879747625867
doc_01581,corruption_sequence_v1,tfidf_logreg_v1,0,0.0,1,0,False,0.5971406019083272,0.4028593980916728,0.5971406019083272
doc_01581,corruption_sequence_v1,tfidf_logreg_v1,1,0.1,1,0,False,0.5665213153304015,0.4334786846695985,0.5665213153304015
doc_01581,corruption_sequence_v1,tfidf_logreg_v1,2,0.2,1,0,False,0.5831230895793551,0.4168769104206449,0.5831230895793551
doc_01581,corruption_sequence_v1,tfidf_logreg_v1,3,0.3,1,0,False,0.5930607750601824,0.4069392249398176,0.5930607750601824
doc_01581,corruption_sequence_v1,tfidf_logreg_v1,4,0.4,1,0,False,0.6554541795138152,0.34454582048618476,0.6554541795138152
doc_01581,corruption_sequence_v1,tfidf_logreg_v1,5,0.5,0,0,True,0.5261011923324181,0.5261011923324181,0.4738988076675819
doc_01532,corruption_sequence_v1,tfidf_logreg_v1,0,0.0,0,0,True,0.5199503206362944,0.5199503206362944,0.4800496793637056
doc_01532,corruption_sequence_v1,tfidf_logreg_v1,1,0.1,0,0,True,0.5417786471864159,0.5417786471864159,0.45822135281358406
doc_01532,corruption_sequence_v1,tfidf_logreg_v1,2,0.2,0,0,True,0.5266570770941168,0.5266570770941168,0.47334292290588326
doc_01532,corruption_sequence_v1,tfidf_logreg_v1,3,0.3,0,0,True,0.5643628602098523,0.5643628602098523,0.43563713979014773
doc_01532,corruption_sequence_v1,tfidf_logreg_v1,4,0.4,0,0,True,0.5852502854263458,0.5852502854263458,0.41474971457365417
doc_01532,corruption_sequence_v1,tfidf_logreg_v1,5,0.5,1,0,False,0.5708371883382226,0.4291628116617774,0.5708371883382226
doc_00552,corruption_sequence_v1,tfidf_logreg_v1,0,0.0,1,1,True,0.8469748130926014,0.15302518690739864,0.8469748130926014
doc_00552,corruption_sequence_v1,tfidf_logreg_v1,1,0.1,1,1,True,0.8144622289468796,0.18553777105312041,0.8144622289468796
doc_00552,corruption_sequence_v1,tfidf_logreg_v1,2,0.2,1,1,True,0.824156803478162,0.175843196521838,0.824156803478162
doc_00552,corruption_sequence_v1,tfidf_logreg_v1,3,0.3,1,1,True,0.8083151307407035,0.1916848692592965,0.8083151307407035
doc_00552,corruption_sequence_v1,tfidf_logreg_v1,4,0.4,1,1,True,0.7529730229788609,0.24702697702113907,0.7529730229788609
doc_00552,corruption_sequence_v1,tfidf_logreg_v1,5,0.5,1,1,True,0.7838797125365058,0.2161202874634942,0.7838797125365058
doc_00536,corruption_sequence_v1,tfidf_logreg_v1,0,0.0,1,0,False,0.5104305489708448,0.48956945102915517,0.5104305489708448
doc_00536,corruption_sequence_v1,tfidf_logreg_v1,1,0.1,0,0,True,0.5209366564546212,0.5209366564546212,0.4790633435453788
doc_00536,corruption_sequence_v1,tfidf_logreg_v1,2,0.2,0,0,True,0.5061754445660065,0.5061754445660065,0.49382455543399356
doc_00536,corruption_sequence_v1,tfidf_logreg_v1,3,0.3,0,0,True,0.516562014631077,0.516562014631077,0.4834379853689231
doc_00536,corruption_sequence_v1,tfidf_logreg_v1,4,0.4,0,0,True,0.5949610229553883,0.5949610229553883,0.40503897704461167
doc_00536,corruption_sequence_v1,tfidf_logreg_v1,5,0.5,0,0,True,0.5056057964100493,0.5056057964100493,0.4943942035899507
doc_00338,corruption_sequence_v1,tfidf_logreg_v1,0,0.0,1,1,True,0.6092648930873622,0.3907351069126378,0.6092648930873622
doc_00338,corruption_sequence_v1,tfidf_logreg_v1,1,0.1,1,1,True,0.5959283893036047,0.4040716106963953,0.5959283893036047
doc_00338,corruption_sequence_v1,tfidf_logreg_v1,2,0.2,1,1,True,0.5892265056808491,0.4107734943191509,0.5892265056808491
doc_00338,corruption_sequence_v1,tfidf_logreg_v1,3,0.3,1,1,True,0.5491120202345567,0.45088797976544326,0.5491120202345567
doc_00338,corruption_sequence_v1,tfidf_logreg_v1,4,0.4,1,1,True,0.5607109557428435,0.43928904425715654,0.5607109557428435
doc_00338,corruption_sequence_v1,tfidf_logreg_v1,5,0.5,1,1,True,0.589607191644884,0.41039280835511605,0.589607191644884
doc_01317,corruption_sequence_v1,tfidf_logreg_v1,0,0.0,1,1,True,0.8449585087207965,0.15504149127920352,0.8449585087207965
doc_01317,corruption_sequence_v1,tfidf_logreg_v1,1,0.1,1,1,True,0.8464956600255273,0.15350433997447266,0.8464956600255273
doc_01317,corruption_sequence_v1,tfidf_logreg_v1,2,0.2,1,1,True,0.8354211556690913,0.16457884433090875,0.8354211556690913
doc_01317,corruption_sequence_v1,tfidf_logreg_v1,3,0.3,1,1,True,0.8237242105016961,0.17627578949830391,0.8237242105016961
doc_01317,corruption_sequence_v1,tfidf_logreg_v1,4,0.4,1,1,True,0.8360781261075496,0.1639218738924504,0.8360781261075496
doc_01317,corruption_sequence_v1,tfidf_logreg_v1,5,0.5,1,1,True,0.8015720250169854,0.19842797498301457,0.8015720250169854
